booking_id,provider_id,client_id,service_type,booked_at,day_of_week,day_type,booking_hour,time_slot,provider_area,client_area,provider_lat,provider_lng,client_lat,client_lng,distance_km,primary_corridor,congestion_multiplier,congestion_level_0_10,avg_speed_kmh,estimated_travel_min,actual_travel_min,delay_min,on_time,provider_rating,provider_completion_rate,provider_experience_years,provider_avg_response_min,provider_total_jobs,provider_is_verified,provider_hourly_rate_ksh,provider_area_road_quality,client_area_road_quality,job_completed,client_rating_given,arrival_reliability_score
B00001,P0023,C0126,plumber,2025-02-15 08:13,Saturday,weekend,8,morning_rush,Runda,Kilimani,-1.20871,36.820684,-1.290382,36.769278,10.73,Kiambu Road,2.02,3,24.8,23.0,23.3,0.9,True,3.8,0.977,7,10,539,True,894,good,good,True,3.8,0.9744
B00002,P0121,C0323,plumber,2024-06-14 15:09,Friday,weekday,15,early_afternoon,Eastleigh,Athi River,-1.269387,36.85348,-1.452273,36.98172,24.83,Jogoo Road,1.94,3,25.8,56.2,70.0,18.6,False,5.0,0.904,19,41,437,True,1381,poor,poor,True,5.0,0.7068
B00003,P0190,C0340,technician,2024-02-09 16:58,Friday,weekday,16,evening_rush,Ngong,Upper Hill,-1.349406,36.65827,-1.299413,36.816324,18.43,Ngong Road,4.0,10,12.5,106.0,131.4,28.0,False,3.8,0.809,15,38,465,True,974,poor,good,True,3.2,0.3562
B00004,P0172,C0040,electrician,2024-07-29 16:27,Monday,weekday,16,evening_rush,Westlands,Kikuyu,-1.259894,36.796652,-1.240763,36.66422,14.88,Waiyaki Way,3.77,9,13.3,62.3,84.0,25.1,False,5.0,0.841,14,27,1106,True,839,good,poor,True,4.9,0.4747
B00005,P0176,C0325,electrician,2024-02-16 12:40,Friday,weekday,12,midday,Lavington,Roysambu,-1.274096,36.757864,-1.203947,36.870637,14.77,Uhuru Highway,1.88,3,26.6,33.1,36.4,5.1,True,4.5,0.8,19,13,855,False,1087,good,moderate,True,4.5,0.8971
B00006,P0139,C0409,technician,2024-06-03 08:14,Monday,weekday,8,morning_rush,Parklands,Kasarani,-1.251758,36.82097,-1.223112,36.909691,10.36,Forest Road,3.15,7,15.9,34.8,33.5,3.7,True,4.2,0.905,10,14,480,True,1333,good,moderate,True,3.6,0.8447
B00007,P0149,C0160,technician,2024-05-13 17:54,Monday,weekday,17,evening_rush,South B,Roysambu,-1.32145,36.814943,-1.21815,36.867572,12.89,Uhuru Highway,4.0,10,12.5,60.5,62.5,2.1,True,3.7,0.959,3,38,72,True,1667,moderate,moderate,True,3.2,0.792
B00008,P0157,C0028,cleaner,2024-11-21 14:14,Thursday,weekday,14,early_afternoon,Roysambu,Ruiru,-1.213324,36.857954,-1.14115,36.95002,13.01,Thika Road,2.18,4,22.9,37.6,47.6,15.4,False,3.7,0.948,6,10,216,True,857,moderate,poor,True,3.4,0.6713
B00009,P0088,C0274,cleaner,2024-05-29 14:53,Wednesday,weekday,14,early_afternoon,Athi River,Roysambu,-1.466229,36.98317,-1.219255,36.863417,30.52,Mombasa Road,2.13,4,23.5,71.9,65.0,1.0,True,4.4,0.919,18,5,1170,True,826,poor,moderate,True,4.1,0.9658
B00010,P0200,C0006,electrician,2024-12-13 08:33,Friday,weekday,8,morning_rush,Ruiru,Ruiru,-1.130766,36.953965,-1.140704,36.955523,1.12,Thika Road,4.0,10,12.5,4.3,5.4,3.3,True,5.0,0.729,1,25,67,False,1047,poor,poor,False,,0.482
B00011,P0121,C0233,plumber,2025-03-19 07:06,Wednesday,weekday,7,morning_rush,Eastleigh,Kilimani,-1.269387,36.85348,-1.293414,36.784308,8.14,Jogoo Road,3.43,8,14.6,30.2,26.4,1.2,True,5.0,0.904,19,41,437,True,1381,poor,good,True,4.9,0.8826
B00012,P0132,C0464,electrician,2025-03-16 10:25,Sunday,weekend,10,mid_morning,South B,Industrial Area,-1.312355,36.821388,-1.309673,36.858549,4.14,Uhuru Highway,1.43,1,35.0,7.7,7.4,1.6,True,5.0,0.865,17,36,1275,True,888,moderate,poor,False,,0.7698
B00013,P0121,C0294,plumber,2025-04-08 10:51,Tuesday,weekday,10,mid_morning,Eastleigh,South C,-1.269387,36.85348,-1.309493,36.786886,8.64,Jogoo Road,1.89,3,26.5,20.4,21.6,7.2,True,5.0,0.904,19,41,437,True,1381,poor,moderate,False,,0.7058
B00014,P0188,C0170,electrician,2024-02-14 09:53,Wednesday,weekday,9,mid_morning,CBD,Kilimani,-1.269194,36.829377,-1.283485,36.771035,6.68,Uhuru Highway,2.25,4,22.2,18.4,21.9,4.5,True,4.1,0.944,18,5,918,True,1018,moderate,good,True,4.9,0.9245
B00015,P0108,C0181,cleaner,2025-05-05 08:57,Monday,weekday,8,morning_rush,Ruiru,Gigiri,-1.133647,36.975468,-1.213521,36.815262,19.9,Thika Road,4.0,10,12.5,99.1,102.0,10.3,True,4.8,0.739,4,44,244,True,407,poor,good,False,,0.4187
B00016,P0076,C0149,plumber,2024-07-24 11:54,Wednesday,weekday,11,midday,Syokimau,Kileleshwa,-1.380514,36.905837,-1.281214,36.788179,17.12,Mombasa Road,2.13,4,23.5,43.5,44.0,1.5,True,4.4,0.791,8,23,400,False,839,moderate,good,False,,0.6476
B00017,P0043,C0019,electrician,2025-03-02 07:03,Sunday,weekend,7,morning_rush,Eastleigh,Muthaiga,-1.275323,36.859659,-1.255769,36.832287,3.74,Jogoo Road,2.17,4,23.0,9.2,9.8,2.9,True,4.8,0.787,8,34,480,True,1039,poor,good,False,,0.6507
B00018,P0178,C0473,electrician,2025-02-02 08:35,Sunday,weekend,8,morning_rush,Eastleigh,Kitengela,-1.282287,36.844486,-1.468293,36.954207,24.01,Jogoo Road,2.17,4,23.0,52.1,60.3,8.6,True,5.0,0.888,5,35,145,True,859,poor,poor,False,,0.6637
B00019,P0153,C0384,cleaner,2024-07-06 14:36,Saturday,weekend,14,early_afternoon,Runda,Upper Hill,-1.21906,36.808167,-1.302366,36.809782,9.26,Kiambu Road,1.11,0,45.0,13.5,16.5,7.0,True,3.9,0.781,15,13,1050,True,518,good,good,True,3.7,0.9034
B00020,P0078,C0373,plumber,2024-02-19 07:02,Monday,weekday,7,morning_rush,Spring Valley,South C,-1.275279,36.740173,-1.313052,36.803938,8.24,Waiyaki Way,3.46,8,14.5,34.8,33.8,3.2,True,4.2,0.881,10,6,270,True,1363,good,moderate,True,3.9,0.812
B00021,P0145,C0134,technician,2024-08-20 08:38,Tuesday,weekday,8,morning_rush,Runda,CBD,-1.220009,36.806625,-1.287174,36.81591,7.54,Kiambu Road,3.05,7,16.4,28.7,30.7,3.5,True,4.8,0.874,5,22,330,True,1007,good,moderate,True,4.8,0.8688
B00022,P0016,C0323,cleaner,2024-06-27 18:34,Thursday,weekday,18,evening_rush,South B,Athi River,-1.322475,36.817892,-1.452273,36.98172,23.24,Uhuru Highway,4.0,10,12.5,99.2,125.5,26.6,False,4.8,0.779,15,22,645,True,550,moderate,poor,True,5.0,0.4028
B00023,P0122,C0297,plumber,2025-02-11 12:09,Tuesday,weekday,12,midday,Roysambu,Ngong,-1.198937,36.868092,-1.362449,36.672136,28.37,Thika Road,2.09,4,23.9,69.7,88.9,23.9,False,4.1,0.848,1,24,34,True,504,moderate,poor,True,4.0,0.5776
B00024,P0044,C0294,plumber,2024-12-10 17:35,Tuesday,weekday,17,evening_rush,Eastleigh,South C,-1.286651,36.848557,-1.309493,36.786886,7.31,Jogoo Road,3.57,9,14.0,37.6,46.2,15.1,False,4.5,0.889,17,28,646,True,806,poor,moderate,True,3.7,0.5731
B00025,P0014,C0337,electrician,2024-05-14 13:53,Tuesday,weekday,13,midday,Embakasi,Muthaiga,-1.309393,36.91238,-1.245789,36.829615,11.6,Mombasa Road,2.13,4,23.5,34.5,33.7,1.0,True,3.4,0.925,19,9,836,True,551,moderate,good,True,3.7,0.9188
B00026,P0075,C0415,carpenter,2024-03-31 09:27,Sunday,weekend,9,mid_morning,Kikuyu,South B,-1.245138,36.66463,-1.315701,36.816905,18.66,Waiyaki Way,1.37,1,36.5,32.0,35.3,3.9,True,5.0,0.861,9,42,189,True,655,poor,moderate,True,5.0,1.0
B00027,P0189,C0320,carpenter,2024-04-12 16:45,Friday,weekday,16,evening_rush,CBD,Upper Hill,-1.281145,36.806807,-1.289668,36.817658,1.53,Uhuru Highway,4.0,10,12.5,7.0,6.2,2.4,True,4.4,0.928,5,7,390,True,733,moderate,good,True,4.4,0.809
B00028,P0007,C0147,plumber,2024-06-16 12:21,Sunday,weekend,12,midday,Industrial Area,Westlands,-1.295756,36.837346,-1.262822,36.811016,4.69,Mombasa Road,1.39,1,36.0,8.0,7.9,0.8,True,4.8,0.813,3,17,234,True,1096,poor,good,False,,0.7436
B00029,P0125,C0043,carpenter,2024-07-04 18:28,Thursday,weekday,18,evening_rush,CBD,Kileleshwa,-1.289186,36.82843,-1.267218,36.769721,6.97,Uhuru Highway,4.0,10,12.5,41.4,40.3,0.1,True,4.2,0.775,18,40,810,False,627,moderate,good,True,4.2,0.7417
B00030,P0033,C0259,carpenter,2024-06-25 11:13,Tuesday,weekday,11,midday,Muthaiga,Kileleshwa,-1.254259,36.833037,-1.281774,36.782208,6.43,Forest Road,1.7,2,29.4,13.3,17.6,6.5,True,4.2,0.88,4,10,112,True,622,good,good,True,3.7,0.9248
B00031,P0020,C0436,technician,2024-12-23 16:20,Monday,weekday,16,evening_rush,Runda,Runda,-1.220161,36.809549,-1.222057,36.81757,0.92,Kiambu Road,3.27,8,15.3,4.2,3.7,5.2,True,4.7,0.833,9,33,594,True,1224,good,good,True,4.2,0.8116
B00032,P0072,C0130,plumber,2024-09-22 16:16,Sunday,weekend,16,evening_rush,Langata,South C,-1.355719,36.761446,-1.328071,36.789756,4.4,Ngong Road,2.6,5,19.2,12.6,14.0,5.9,True,4.7,0.77,1,21,45,True,1300,moderate,moderate,True,4.7,0.8278
B00033,P0034,C0316,electrician,2025-05-18 11:36,Sunday,weekend,11,midday,Ruiru,Langata,-1.147348,36.960424,-1.340185,36.758356,31.05,Thika Road,1.35,1,37.0,45.6,46.2,0.7,True,4.7,0.756,12,21,348,True,1449,poor,moderate,False,,0.7142
B00034,P0072,C0141,plumber,2025-01-11 13:07,Saturday,weekend,13,midday,Langata,Langata,-1.355719,36.761446,-1.334182,36.745251,3.0,Ngong Road,1.27,1,39.4,4.4,5.5,3.6,True,4.7,0.77,1,21,45,True,1300,moderate,moderate,False,,0.7034
B00035,P0066,C0008,technician,2024-12-18 07:16,Wednesday,weekday,7,morning_rush,Athi River,Roysambu,-1.457679,36.988129,-1.213629,36.880363,29.66,Mombasa Road,4.0,10,12.5,127.7,119.9,0.1,True,5.0,0.777,12,37,768,True,1320,poor,moderate,False,,0.5327
B00036,P0190,C0058,technician,2024-04-21 14:46,Sunday,weekend,14,early_afternoon,Ngong,Eastleigh,-1.349406,36.65827,-1.285345,36.848453,22.31,Ngong Road,1.37,1,36.5,39.7,49.6,11.8,True,3.8,0.809,15,38,465,True,974,poor,poor,False,,0.6016
B00037,P0155,C0090,plumber,2024-12-05 13:13,Thursday,weekday,13,midday,Parklands,Parklands,-1.259306,36.829537,-1.26933,36.823526,1.3,Forest Road,1.7,2,29.4,2.9,3.0,1.3,True,4.6,0.866,17,44,476,False,863,good,good,True,4.9,0.9812
B00038,P0152,C0379,plumber,2024-02-03 16:37,Saturday,weekend,16,evening_rush,Kilimani,South B,-1.299509,36.788374,-1.308222,36.819901,3.64,Uhuru Highway,2.59,5,19.3,11.4,12.8,1.5,True,3.9,0.983,19,27,1292,False,504,good,moderate,True,3.6,0.9318
B00039,P0039,C0338,electrician,2025-02-18 10:07,Tuesday,weekday,10,mid_morning,Spring Valley,Gigiri,-1.278278,36.738872,-1.232066,36.811424,9.56,Waiyaki Way,2.13,4,23.5,22.2,25.8,5.0,True,4.5,0.924,2,10,158,False,1205,good,good,True,4.4,0.9399
B00040,P0115,C0190,technician,2024-06-26 12:16,Wednesday,weekday,12,midday,Ngong,Athi River,-1.355618,36.6771,-1.462077,37.00135,37.94,Ngong Road,1.87,3,26.7,77.7,92.7,15.1,False,3.2,0.736,15,12,390,False,724,poor,poor,True,2.9,0.5676
B00041,P0045,C0134,carpenter,2024-06-05 14:50,Wednesday,weekday,14,early_afternoon,Dagoretti,CBD,-1.293654,36.741826,-1.287174,36.81591,8.27,Uhuru Highway,2.1,4,23.8,19.6,22.6,13.4,True,4.7,0.781,19,17,1425,True,1141,poor,moderate,True,4.2,0.8108
B00042,P0180,C0121,technician,2024-12-13 15:30,Friday,weekday,15,early_afternoon,Upper Hill,Kitengela,-1.303674,36.816618,-1.466323,36.96644,24.59,Uhuru Highway,2.1,4,23.8,58.7,62.3,6.1,True,4.3,0.987,16,44,544,True,1558,good,poor,True,4.3,0.9547
B00043,P0125,C0093,carpenter,2024-05-07 14:15,Tuesday,weekday,14,early_afternoon,CBD,Ngong,-1.289186,36.82843,-1.347699,36.670253,18.75,Uhuru Highway,2.1,4,23.8,49.8,53.2,5.6,True,4.2,0.775,18,40,810,False,627,moderate,poor,False,,0.5978
B00044,P0136,C0442,carpenter,2024-04-28 12:47,Sunday,weekend,12,midday,Ngong,Kikuyu,-1.343029,36.658549,-1.242629,36.672446,11.27,Ngong Road,1.27,1,39.4,18.3,18.7,2.6,True,4.4,0.783,16,42,912,False,725,poor,poor,False,,0.7032
B00045,P0009,C0176,technician,2024-01-16 13:00,Tuesday,weekday,13,midday,Westlands,Karen,-1.26042,36.818632,-1.30978,36.70083,14.2,Waiyaki Way,1.88,3,26.6,24.8,26.9,3.8,True,4.9,0.954,9,9,531,False,879,good,good,True,5.0,1.0
B00046,P0022,C0496,electrician,2024-05-18 08:34,Saturday,weekend,8,morning_rush,Langata,Rongai,-1.337324,36.740716,-1.398841,36.75782,7.1,Ngong Road,2.34,4,21.4,19.1,16.3,5.9,True,4.9,0.913,14,13,350,True,1171,moderate,poor,False,,0.6801
B00047,P0038,C0305,cleaner,2025-06-23 11:21,Monday,weekday,11,midday,Kitengela,Embakasi,-1.478252,36.974953,-1.329312,36.90285,18.4,Mombasa Road,2.13,4,23.5,44.9,54.2,16.7,False,3.1,0.788,15,39,930,False,443,poor,moderate,True,3.1,0.5544
B00048,P0040,C0429,plumber,2025-01-22 18:05,Wednesday,weekday,18,evening_rush,Kileleshwa,Spring Valley,-1.285552,36.778547,-1.267048,36.749054,3.87,Uhuru Highway,4.0,10,12.5,20.4,20.0,0.7,True,3.5,0.988,10,38,450,True,1000,good,good,True,3.4,0.8082
B00049,P0127,C0386,technician,2025-04-03 13:49,Thursday,weekday,13,midday,Lavington,Upper Hill,-1.28395,36.781169,-1.290912,36.819452,4.33,Uhuru Highway,1.88,3,26.6,6.7,6.7,2.1,True,4.0,0.82,19,24,969,True,1214,good,good,False,,0.6571
B00050,P0106,C0395,carpenter,2025-05-14 09:25,Wednesday,weekday,9,mid_morning,Syokimau,Hurlingham,-1.36283,36.900425,-1.303798,36.794935,13.44,Mombasa Road,2.25,4,22.2,35.0,42.0,9.2,True,5.0,0.769,17,37,799,True,870,moderate,good,True,4.8,0.8428
B00051,P0099,C0122,plumber,2024-03-18 16:27,Monday,weekday,16,evening_rush,Roysambu,Hurlingham,-1.221829,36.868602,-1.302561,36.799935,11.78,Thika Road,4.0,10,12.5,57.8,72.8,17.5,False,3.1,0.917,11,10,330,True,711,moderate,good,True,3.4,0.4627
B00052,P0170,C0226,carpenter,2025-04-20 11:32,Sunday,weekend,11,midday,South B,Githurai,-1.325679,36.811506,-1.180414,36.893251,18.53,Uhuru Highway,1.31,1,38.2,28.0,31.0,3.9,True,4.1,0.823,13,22,572,True,736,moderate,poor,True,4.2,0.9442
B00053,P0186,C0327,cleaner,2024-08-01 09:51,Thursday,weekday,9,mid_morning,Parklands,Kasarani,-1.259849,36.809984,-1.212752,36.892468,10.56,Forest Road,1.91,3,26.2,30.4,39.9,12.0,True,4.7,0.915,7,22,273,True,678,good,moderate,True,4.8,0.9047
B00054,P0043,C0108,electrician,2025-04-13 16:05,Sunday,weekend,16,evening_rush,Eastleigh,Karen,-1.275323,36.859659,-1.313554,36.707321,17.46,Jogoo Road,2.38,5,21.0,48.0,53.5,9.9,True,4.8,0.787,8,34,480,True,1039,poor,good,True,4.9,0.8256
B00055,P0148,C0376,technician,2024-03-15 12:04,Friday,weekday,12,midday,Kileleshwa,Rongai,-1.273235,36.790198,-1.401487,36.74892,14.98,Uhuru Highway,1.88,3,26.6,24.3,28.6,5.2,True,3.3,0.88,7,23,329,True,1141,good,poor,False,,0.6263
B00056,P0089,C0028,electrician,2024-05-22 08:54,Wednesday,weekday,8,morning_rush,Hurlingham,Ruiru,-1.295309,36.794384,-1.14115,36.95002,24.36,Ngong Road,3.71,9,13.5,98.8,114.0,16.4,False,4.4,0.847,15,21,855,False,1226,good,poor,True,3.5,0.525
B00057,P0165,C0136,cleaner,2024-04-10 08:51,Wednesday,weekday,8,morning_rush,Ngong,Rongai,-1.345402,36.669582,-1.409591,36.739032,10.51,Ngong Road,3.71,9,13.5,44.5,47.3,7.2,True,5.0,0.908,7,20,490,False,515,poor,poor,True,4.5,0.8122
B00058,P0194,C0420,plumber,2025-04-17 08:02,Thursday,weekday,8,morning_rush,Ruiru,Spring Valley,-1.158479,36.954798,-1.263445,36.740953,26.48,Thika Road,4.0,10,12.5,110.4,146.2,36.8,False,4.8,0.813,19,40,779,True,627,poor,good,True,4.5,0.3348
B00059,P0030,C0027,technician,2024-11-16 08:07,Saturday,weekend,8,morning_rush,Dagoretti,Hurlingham,-1.288754,36.734235,-1.286438,36.801682,7.5,Uhuru Highway,2.53,5,19.8,21.4,21.9,1.8,True,4.9,0.751,12,34,816,False,1451,poor,good,True,4.7,0.8681
B00060,P0043,C0238,electrician,2025-01-10 12:04,Friday,weekday,12,midday,Eastleigh,Ngong,-1.275323,36.859659,-1.36592,36.665507,23.82,Jogoo Road,1.71,2,29.2,41.2,38.0,10.9,True,4.8,0.787,8,34,480,True,1039,poor,poor,False,,0.6209
B00061,P0103,C0244,cleaner,2024-03-18 08:36,Monday,weekday,8,morning_rush,Lavington,Parklands,-1.2836,36.766546,-1.259711,36.833857,7.94,Uhuru Highway,3.58,9,14.0,31.0,28.5,1.0,True,3.3,0.854,4,17,180,True,799,good,good,True,3.2,0.7623
B00062,P0078,C0244,plumber,2024-04-19 12:03,Friday,weekday,12,midday,Spring Valley,Parklands,-1.275279,36.740173,-1.259711,36.833857,10.56,Waiyaki Way,1.88,3,26.6,19.8,20.5,0.9,True,4.2,0.881,10,6,270,True,1363,good,good,True,3.6,0.9576
B00063,P0192,C0486,carpenter,2024-11-09 18:27,Saturday,weekend,18,evening_rush,Ruiru,Roysambu,-1.139674,36.956392,-1.219694,36.863585,13.62,Thika Road,2.64,5,18.9,39.9,42.3,3.1,True,4.1,0.856,5,15,135,True,760,poor,moderate,True,3.5,0.861
B00064,P0193,C0473,cleaner,2025-06-21 07:39,Saturday,weekend,7,morning_rush,Industrial Area,Kitengela,-1.298218,36.849992,-1.468293,36.954207,22.18,Mombasa Road,2.67,6,18.7,91.9,93.7,3.2,True,4.1,0.77,6,25,144,True,807,poor,poor,True,3.5,0.8147
B00065,P0137,C0120,technician,2024-02-21 16:24,Wednesday,weekday,16,evening_rush,South C,Githurai,-1.326641,36.801857,-1.182596,36.903459,19.6,Langata Road,3.58,9,14.0,79.4,74.8,3.8,True,4.4,0.817,7,12,462,True,794,moderate,poor,False,,0.5254
B00066,P0098,C0350,technician,2024-05-10 09:14,Friday,weekday,9,mid_morning,Karen,Hurlingham,-1.310218,36.721517,-1.29414,36.789695,7.79,Ngong Road,2.08,4,24.0,20.0,18.7,7.7,True,3.8,0.834,9,16,522,True,1091,good,good,False,,0.5914
B00067,P0181,C0200,carpenter,2024-11-26 13:14,Tuesday,weekday,13,midday,Eastleigh,Industrial Area,-1.285983,36.842261,-1.318817,36.853396,3.86,Jogoo Road,1.71,2,29.2,7.9,8.5,0.7,True,4.1,0.796,2,32,106,True,664,poor,poor,True,3.5,0.9254
B00068,P0122,C0135,plumber,2024-10-23 09:24,Wednesday,weekday,9,mid_morning,Roysambu,Langata,-1.198937,36.868092,-1.33984,36.748074,20.58,Thika Road,2.31,4,21.6,62.2,77.7,16.8,False,4.1,0.848,1,24,34,True,504,moderate,moderate,True,4.0,0.6192
B00069,P0038,C0272,cleaner,2024-06-19 12:38,Wednesday,weekday,12,midday,Kitengela,South B,-1.478252,36.974953,-1.322602,36.823062,24.18,Mombasa Road,2.13,4,23.5,62.3,64.0,3.6,True,3.1,0.788,15,39,930,False,443,poor,moderate,True,2.8,0.8136
B00070,P0112,C0007,carpenter,2025-05-03 10:48,Saturday,weekend,10,mid_morning,Rongai,Gigiri,-1.407345,36.750173,-1.226427,36.812802,21.29,Langata Road,1.32,1,37.9,33.5,42.3,11.0,True,4.9,0.809,17,40,1190,True,779,poor,good,True,4.9,0.9172
B00071,P0074,C0475,cleaner,2025-04-02 17:44,Wednesday,weekday,17,evening_rush,Hurlingham,Athi River,-1.307168,36.802508,-1.452459,36.984699,25.91,Ngong Road,4.0,10,12.5,123.4,119.8,6.9,True,5.0,0.97,14,9,644,True,816,good,poor,True,4.2,0.8225
B00072,P0115,C0196,technician,2024-09-16 17:10,Monday,weekday,17,evening_rush,Ngong,Kilimani,-1.355618,36.6771,-1.281853,36.777566,13.86,Ngong Road,4.0,10,12.5,61.5,66.1,9.6,True,3.2,0.736,15,12,390,False,724,poor,good,True,3.4,0.593
B00073,P0174,C0162,cleaner,2024-12-27 17:06,Friday,weekday,17,evening_rush,Rongai,Kikuyu,-1.385961,36.747354,-1.2376,36.657045,19.31,Langata Road,3.58,9,14.0,75.0,99.9,28.1,False,3.9,0.87,15,26,705,True,624,poor,poor,False,,0.1744
B00074,P0136,C0350,carpenter,2024-08-01 13:12,Thursday,weekday,13,midday,Ngong,Hurlingham,-1.343029,36.658549,-1.29414,36.789695,15.56,Ngong Road,1.87,3,26.7,35.8,35.5,4.4,True,4.4,0.783,16,42,912,False,725,poor,good,True,4.5,0.8902
B00075,P0011,C0050,plumber,2024-03-05 11:23,Tuesday,weekday,11,midday,Kitengela,Embakasi,-1.461571,36.951166,-1.328964,36.910611,15.42,Mombasa Road,2.13,4,23.5,42.9,40.2,0.3,True,3.5,0.741,16,28,768,True,1242,poor,moderate,True,3.4,0.8376
B00076,P0137,C0327,technician,2024-12-15 13:03,Sunday,weekend,13,midday,South C,Kasarani,-1.326641,36.801857,-1.212752,36.892468,16.18,Langata Road,1.16,1,43.1,20.8,21.6,3.6,True,4.4,0.817,7,12,462,True,794,moderate,moderate,True,4.0,0.9707
B00077,P0091,C0490,cleaner,2024-03-25 13:51,Monday,weekday,13,midday,Syokimau,South C,-1.368545,36.906893,-1.326793,36.790486,13.75,Mombasa Road,2.13,4,23.5,33.9,39.2,5.9,True,4.8,0.949,9,33,459,False,743,moderate,moderate,True,5.0,0.9599
B00078,P0111,C0313,technician,2025-05-13 15:33,Tuesday,weekday,15,early_afternoon,Ngong,Ngong,-1.371368,36.653568,-1.35424,36.652858,1.91,Ngong Road,2.03,3,24.6,4.0,3.8,3.0,True,3.7,0.776,3,23,129,True,1613,poor,poor,True,4.6,0.8506
B00079,P0167,C0440,electrician,2025-03-27 14:30,Thursday,weekday,14,early_afternoon,Muthaiga,South B,-1.239047,36.830687,-1.319957,36.816344,9.14,Forest Road,1.87,3,26.7,19.7,23.3,11.6,True,4.9,0.874,13,24,338,True,561,good,moderate,True,5.0,0.9007
B00080,P0070,C0172,carpenter,2025-05-03 08:56,Saturday,weekend,8,morning_rush,Lavington,Dagoretti,-1.28849,36.775223,-1.299429,36.735693,4.56,Uhuru Highway,2.53,5,19.8,16.7,21.8,6.1,True,4.0,0.784,12,38,936,True,1077,good,poor,True,4.4,0.8038
B00081,P0070,C0137,carpenter,2025-01-19 15:35,Sunday,weekend,15,early_afternoon,Lavington,Hurlingham,-1.28849,36.775223,-1.301339,36.805859,3.69,Uhuru Highway,1.35,1,37.0,6.1,6.0,4.4,True,4.0,0.784,12,38,936,True,1077,good,good,True,3.6,0.9123
B00082,P0026,C0131,plumber,2024-09-27 12:41,Friday,weekday,12,midday,Kasarani,South C,-1.234607,36.913473,-1.309548,36.799497,15.17,Thika Road,2.09,4,23.9,40.9,53.0,16.1,False,4.6,0.959,10,6,750,True,1116,moderate,moderate,True,4.2,0.7231
B00083,P0168,C0300,carpenter,2025-05-28 12:47,Wednesday,weekday,12,midday,Spring Valley,Langata,-1.272247,36.7353,-1.350397,36.749372,8.83,Waiyaki Way,1.88,3,26.6,18.2,23.7,6.7,True,3.6,0.97,19,32,1026,True,535,good,moderate,True,3.3,0.9238
B00084,P0101,C0237,cleaner,2024-09-15 12:08,Sunday,weekend,12,midday,South B,Industrial Area,-1.316934,36.821923,-1.314266,36.842845,2.34,Uhuru Highway,1.31,1,38.2,3.6,4.0,12.6,True,4.8,0.773,5,33,180,True,405,moderate,poor,True,4.7,0.8817
B00085,P0198,C0346,cleaner,2024-10-02 11:00,Wednesday,weekday,11,midday,Ngong,Eastleigh,-1.366998,36.657289,-1.270576,36.847555,23.71,Ngong Road,1.87,3,26.7,52.1,54.2,2.5,True,4.7,0.916,6,42,216,True,519,poor,poor,True,4.9,0.9876
B00086,P0192,C0124,carpenter,2024-10-12 15:46,Saturday,weekend,15,early_afternoon,Ruiru,Westlands,-1.139674,36.956392,-1.257453,36.819544,20.07,Thika Road,1.34,1,37.3,33.7,32.9,6.7,True,4.1,0.856,5,15,135,True,760,poor,good,True,4.4,0.935
B00087,P0188,C0345,electrician,2024-08-22 13:03,Thursday,weekday,13,midday,CBD,Kileleshwa,-1.269194,36.829377,-1.263775,36.78636,4.82,Uhuru Highway,1.88,3,26.6,11.2,9.9,3.0,True,4.1,0.944,18,5,918,True,1018,moderate,good,True,4.2,0.9666
B00088,P0151,C0395,cleaner,2024-01-04 10:31,Thursday,weekday,10,mid_morning,Dagoretti,Hurlingham,-1.302898,36.752931,-1.303798,36.794935,4.67,Uhuru Highway,2.25,4,22.2,12.5,14.6,4.0,True,4.8,0.747,8,12,480,False,887,poor,good,False,,0.6152
B00089,P0050,C0267,plumber,2025-04-09 11:23,Wednesday,weekday,11,midday,Muthaiga,Rongai,-1.237436,36.842383,-1.388463,36.736469,20.51,Forest Road,1.7,2,29.4,48.9,65.2,19.3,False,3.2,0.803,16,6,1232,True,1107,good,poor,True,2.8,0.5797
B00090,P0087,C0347,electrician,2024-10-16 15:07,Wednesday,weekday,15,early_afternoon,Kitengela,Upper Hill,-1.465391,36.952559,-1.305819,36.825705,22.66,Mombasa Road,2.13,4,23.5,65.6,88.1,27.8,False,4.0,0.782,16,7,1200,True,1294,poor,good,True,4.2,0.5039
B00091,P0177,C0093,cleaner,2024-10-27 08:51,Sunday,weekend,8,morning_rush,South C,Ngong,-1.321132,36.802989,-1.347699,36.670253,15.05,Langata Road,2.3,4,21.7,33.0,43.2,17.8,False,3.3,0.785,5,21,270,True,495,moderate,poor,False,,0.2902
B00092,P0081,C0281,plumber,2025-01-12 08:09,Sunday,weekend,8,morning_rush,Upper Hill,Industrial Area,-1.307096,36.828446,-1.303594,36.84318,1.68,Uhuru Highway,2.53,5,19.8,4.4,3.9,12.3,True,4.8,0.858,8,38,440,True,599,good,poor,True,5.0,0.8291
B00093,P0003,C0345,cleaner,2024-02-07 10:58,Wednesday,weekday,10,mid_morning,Kilimani,Kileleshwa,-1.304266,36.787504,-1.263775,36.78636,4.5,Uhuru Highway,2.25,4,22.2,13.0,16.8,4.2,True,5.0,0.846,15,25,390,True,501,good,good,False,,0.673
B00094,P0003,C0426,cleaner,2024-10-07 09:04,Monday,weekday,9,mid_morning,Kilimani,Embakasi,-1.304266,36.787504,-1.312607,36.902451,12.81,Uhuru Highway,2.25,4,22.2,24.5,28.4,6.4,True,5.0,0.846,15,25,390,True,501,good,moderate,True,5.0,0.9047
B00095,P0018,C0007,plumber,2025-03-11 08:31,Tuesday,weekday,8,morning_rush,Hurlingham,Gigiri,-1.292456,36.806022,-1.226427,36.812802,7.38,Ngong Road,3.71,9,13.5,35.0,42.0,10.9,True,4.8,0.913,10,7,590,False,659,good,good,True,5.0,0.7739
B00096,P0106,C0051,carpenter,2024-08-30 13:05,Friday,weekday,13,midday,Syokimau,Langata,-1.36283,36.900425,-1.349647,36.744124,17.44,Mombasa Road,2.13,4,23.5,41.1,36.4,4.1,True,5.0,0.769,17,37,799,True,870,moderate,moderate,True,5.0,0.8949
B00097,P0135,C0054,electrician,2024-04-10 07:44,Wednesday,weekday,7,morning_rush,Muthaiga,South B,-1.24462,36.826256,-1.32957,36.82559,9.45,Forest Road,3.15,7,15.9,34.4,33.0,5.8,True,3.5,0.821,11,10,242,True,1068,good,moderate,True,3.2,0.7502
B00098,P0176,C0229,electrician,2024-06-29 13:24,Saturday,weekend,13,midday,Lavington,Roysambu,-1.274096,36.757864,-1.20113,36.87904,15.73,Uhuru Highway,1.31,1,38.2,21.6,18.7,2.5,True,4.5,0.8,19,13,855,False,1087,good,moderate,True,4.1,0.9644
B00099,P0090,C0113,plumber,2024-05-18 09:28,Saturday,weekend,9,mid_morning,Ngong,Hurlingham,-1.348911,36.676954,-1.296959,36.790338,13.87,Ngong Road,1.4,1,35.7,33.0,38.8,9.2,True,4.3,0.888,19,32,475,True,536,poor,good,True,3.6,0.9353
B00100,P0186,C0146,cleaner,2024-07-26 12:31,Friday,weekday,12,midday,Parklands,Gigiri,-1.259849,36.809984,-1.23352,36.818168,3.07,Forest Road,1.7,2,29.4,6.2,7.9,1.8,True,4.7,0.915,7,22,273,True,678,good,good,True,4.9,1.0
B00101,P0065,C0099,electrician,2025-01-22 11:16,Wednesday,weekday,11,midday,Kasarani,Dagoretti,-1.210236,36.897134,-1.288135,36.752045,18.31,Thika Road,2.09,4,23.9,42.8,47.8,13.0,True,5.0,0.784,10,40,200,True,1272,moderate,poor,False,,0.5815
B00102,P0009,C0013,technician,2024-03-21 07:33,Thursday,weekday,7,morning_rush,Westlands,Parklands,-1.26042,36.818632,-1.261151,36.827026,0.94,Waiyaki Way,3.46,8,14.5,3.3,3.2,14.9,True,4.9,0.954,9,9,531,False,879,good,good,True,5.0,0.786
B00103,P0159,C0048,plumber,2024-09-08 16:54,Sunday,weekend,16,evening_rush,Eastleigh,Kikuyu,-1.276563,36.8629,-1.236406,36.661128,22.87,Jogoo Road,2.38,5,21.0,64.6,68.5,12.0,True,4.0,0.737,17,35,884,True,1202,poor,poor,True,4.0,0.7431
B00104,P0015,C0481,carpenter,2025-01-05 18:27,Sunday,weekend,18,evening_rush,Spring Valley,South C,-1.252873,36.746484,-1.313526,36.806911,9.52,Waiyaki Way,2.44,5,20.5,25.4,32.5,9.5,True,5.0,0.944,19,30,1083,True,658,good,moderate,False,,0.6626
B00105,P0153,C0337,cleaner,2024-09-15 11:55,Sunday,weekend,11,midday,Runda,Muthaiga,-1.21906,36.808167,-1.245789,36.829615,3.81,Kiambu Road,1.08,0,46.3,4.5,5.4,1.0,True,3.9,0.781,15,13,1050,True,518,good,good,True,4.8,0.9558
B00106,P0056,C0487,carpenter,2025-04-07 08:02,Monday,weekday,8,morning_rush,Spring Valley,Dagoretti,-1.25633,36.750322,-1.292475,36.736769,4.29,Waiyaki Way,3.46,8,14.5,18.7,24.4,8.2,True,4.5,0.829,15,40,600,True,644,good,poor,True,4.9,0.7594
B00107,P0154,C0327,plumber,2025-04-29 08:15,Tuesday,weekday,8,morning_rush,Kitengela,Kasarani,-1.476899,36.960583,-1.212752,36.892468,30.33,Mombasa Road,4.0,10,12.5,128.1,146.6,22.2,False,3.6,0.867,14,11,952,True,712,poor,moderate,True,2.7,0.4235
B00108,P0032,C0363,cleaner,2024-02-05 13:58,Monday,weekday,13,midday,Gigiri,Industrial Area,-1.218323,36.820818,-1.318814,36.840966,11.4,Forest Road,1.7,2,29.4,21.0,22.8,5.5,True,4.8,0.979,15,10,690,False,551,good,poor,True,5.0,1.0
B00109,P0031,C0045,carpenter,2024-10-14 07:11,Monday,weekday,7,morning_rush,Gigiri,Roysambu,-1.208399,36.806357,-1.199811,36.881373,8.39,Forest Road,3.15,7,15.9,35.1,35.9,4.5,True,3.1,0.929,2,21,112,False,546,good,moderate,True,3.2,0.795
B00110,P0155,C0067,plumber,2024-03-08 16:13,Friday,weekday,16,evening_rush,Parklands,Kasarani,-1.259306,36.829537,-1.217438,36.907365,9.83,Forest Road,3.67,9,13.6,42.7,49.5,12.6,True,4.6,0.866,17,44,476,False,863,good,moderate,True,5.0,0.7294
B00111,P0097,C0337,carpenter,2024-05-19 11:34,Sunday,weekend,11,midday,Hurlingham,Muthaiga,-1.290422,36.794618,-1.245789,36.829615,6.31,Ngong Road,1.27,1,39.4,10.2,11.9,2.0,True,5.0,0.957,16,42,544,True,1011,good,good,True,5.0,1.0
B00112,P0196,C0461,technician,2025-03-21 07:01,Friday,weekday,7,morning_rush,Kasarani,Kilimani,-1.219995,36.884155,-1.290678,36.768124,15.1,Thika Road,4.0,10,12.5,66.7,87.3,20.7,False,3.4,0.833,3,23,120,False,1053,moderate,good,True,2.8,0.409
B00113,P0166,C0290,electrician,2025-02-04 12:01,Tuesday,weekday,12,midday,Upper Hill,Kileleshwa,-1.284545,36.821501,-1.284739,36.773971,5.28,Uhuru Highway,1.88,3,26.6,12.8,11.0,0.1,True,3.9,0.944,14,36,1022,True,745,good,good,True,4.2,0.9808
B00114,P0048,C0459,electrician,2025-03-29 08:01,Saturday,weekend,8,morning_rush,Dagoretti,Ruiru,-1.28378,36.747291,-1.14882,36.965498,28.52,Uhuru Highway,2.53,5,19.8,74.9,72.5,5.0,True,5.0,0.867,19,34,1311,True,1137,poor,poor,True,5.0,0.9044
B00115,P0029,C0357,electrician,2024-03-08 16:42,Friday,weekday,16,evening_rush,Industrial Area,CBD,-1.308364,36.858956,-1.276654,36.814237,6.09,Mombasa Road,4.0,10,12.5,31.0,29.2,0.4,True,5.0,0.886,16,32,1120,True,946,poor,moderate,True,4.8,0.8347
B00116,P0048,C0130,electrician,2024-10-07 17:14,Monday,weekday,17,evening_rush,Dagoretti,South C,-1.28378,36.747291,-1.328071,36.789756,6.82,Uhuru Highway,4.0,10,12.5,29.6,29.8,7.8,True,5.0,0.867,19,34,1311,True,1137,poor,moderate,True,5.0,0.7635
B00117,P0076,C0240,plumber,2025-01-08 13:54,Wednesday,weekday,13,midday,Syokimau,Gigiri,-1.380514,36.905837,-1.22186,36.818039,20.16,Mombasa Road,2.13,4,23.5,58.4,71.4,13.2,True,4.4,0.791,8,23,400,False,839,moderate,good,True,4.1,0.8001
B00118,P0170,C0480,carpenter,2024-12-22 08:42,Sunday,weekend,8,morning_rush,South B,Gigiri,-1.325679,36.811506,-1.218447,36.802274,11.97,Uhuru Highway,2.53,5,19.8,37.8,34.4,2.4,True,4.1,0.823,13,22,572,True,736,moderate,good,False,,0.6091
B00119,P0020,C0328,technician,2024-08-21 13:12,Wednesday,weekday,13,midday,Runda,Eastleigh,-1.220161,36.809549,-1.284459,36.855163,8.77,Kiambu Road,1.65,2,30.3,21.2,20.1,6.9,True,4.7,0.833,9,33,594,True,1224,good,poor,False,,0.677
B00120,P0117,C0473,technician,2024-04-01 13:45,Monday,weekday,13,midday,Dagoretti,Kitengela,-1.304001,36.758584,-1.468293,36.954207,28.4,Uhuru Highway,1.88,3,26.6,56.7,61.6,7.3,True,4.0,0.833,6,23,468,False,860,poor,poor,True,3.8,0.8703
B00121,P0071,C0394,cleaner,2024-06-21 08:48,Friday,weekday,8,morning_rush,Syokimau,Embakasi,-1.372822,36.900737,-1.320358,36.911613,5.96,Mombasa Road,4.0,10,12.5,26.2,24.9,10.2,True,4.0,0.902,4,35,212,False,755,moderate,moderate,True,3.8,0.711
B00122,P0110,C0355,electrician,2025-01-23 11:32,Thursday,weekday,11,midday,Kasarani,Westlands,-1.213002,36.900337,-1.27324,36.796631,13.33,Thika Road,2.09,4,23.9,38.6,47.4,9.3,True,3.4,0.852,14,29,1050,True,1119,moderate,good,True,3.1,0.8163
B00123,P0171,C0395,plumber,2024-08-25 15:30,Sunday,weekend,15,early_afternoon,Kilimani,Hurlingham,-1.29787,36.771599,-1.303798,36.794935,2.68,Uhuru Highway,1.35,1,37.0,4.1,4.5,1.6,True,4.9,0.924,15,30,510,True,1293,good,good,True,4.9,1.0
B00124,P0198,C0166,cleaner,2024-01-11 16:44,Thursday,weekday,16,evening_rush,Ngong,Roysambu,-1.366998,36.657289,-1.212794,36.86089,28.4,Ngong Road,4.0,10,12.5,170.5,149.4,2.0,True,4.7,0.916,6,42,216,True,519,poor,moderate,False,,0.5713
B00125,P0066,C0083,technician,2024-03-29 10:55,Friday,weekday,10,mid_morning,Athi River,Westlands,-1.457679,36.988129,-1.271411,36.813938,28.35,Mombasa Road,2.25,4,22.2,79.9,68.5,0.0,True,5.0,0.777,12,37,768,True,1320,poor,good,True,5.0,0.9235
B00126,P0200,C0038,electrician,2025-02-22 09:30,Saturday,weekend,9,mid_morning,Ruiru,Kitengela,-1.130766,36.953965,-1.467367,36.972422,37.48,Thika Road,1.44,1,34.7,88.3,101.2,14.3,True,5.0,0.729,1,25,67,False,1047,poor,poor,False,,0.5951
B00127,P0071,C0398,cleaner,2024-11-27 08:08,Wednesday,weekday,8,morning_rush,Syokimau,Langata,-1.372822,36.900737,-1.340493,36.737323,18.52,Mombasa Road,4.0,10,12.5,84.2,84.5,3.6,True,4.0,0.902,4,35,212,False,755,moderate,moderate,True,3.3,0.766
B00128,P0016,C0196,cleaner,2024-05-07 13:00,Tuesday,weekday,13,midday,South B,Kilimani,-1.322475,36.817892,-1.281853,36.777566,6.36,Uhuru Highway,1.88,3,26.6,17.0,16.4,2.7,True,4.8,0.779,15,22,645,True,550,moderate,good,True,4.9,0.9216
B00129,P0100,C0171,plumber,2024-11-02 10:09,Saturday,weekend,10,mid_morning,South C,Kilimani,-1.32936,36.803922,-1.303476,36.788169,3.37,Langata Road,1.32,1,37.9,5.2,4.7,1.6,True,4.0,0.88,19,21,399,True,1339,moderate,good,True,3.8,0.9861
B00130,P0016,C0133,cleaner,2025-04-19 13:43,Saturday,weekend,13,midday,South B,Ngong,-1.322475,36.817892,-1.348541,36.664443,17.3,Uhuru Highway,1.31,1,38.2,24.3,32.5,12.0,True,4.8,0.779,15,22,645,True,550,moderate,poor,True,4.7,0.8897
B00131,P0068,C0092,electrician,2024-01-11 11:40,Thursday,weekday,11,midday,Parklands,Githurai,-1.28108,36.807397,-1.192287,36.90567,14.73,Forest Road,1.7,2,29.4,24.8,21.6,5.6,True,4.7,0.926,17,10,1122,False,560,good,poor,True,4.6,0.9803
B00132,P0113,C0036,carpenter,2024-03-21 10:12,Thursday,weekday,10,mid_morning,Eastleigh,Kasarani,-1.285759,36.862408,-1.226354,36.900079,7.82,Jogoo Road,1.89,3,26.5,18.5,17.1,2.0,True,4.9,0.731,9,21,279,True,540,poor,moderate,True,4.0,0.9076
B00133,P0126,C0476,plumber,2025-06-07 09:05,Saturday,weekend,9,mid_morning,Syokimau,Industrial Area,-1.384197,36.899152,-1.303291,36.857799,10.1,Mombasa Road,1.59,2,31.4,18.9,22.1,3.3,True,3.8,0.784,1,32,46,True,1101,moderate,poor,True,3.6,0.8923
B00134,P0052,C0313,cleaner,2025-05-04 13:53,Sunday,weekend,13,midday,Kitengela,Ngong,-1.47149,36.958108,-1.35424,36.652858,36.35,Mombasa Road,1.39,1,36.0,67.0,89.5,26.0,False,5.0,0.889,8,14,280,False,767,poor,poor,True,4.6,0.6816
B00135,P0101,C0092,cleaner,2024-05-08 10:23,Wednesday,weekday,10,mid_morning,South B,Githurai,-1.316934,36.821923,-1.192287,36.90567,16.7,Uhuru Highway,2.25,4,22.2,46.8,57.9,11.8,True,4.8,0.773,5,33,180,True,405,moderate,poor,False,,0.5632
B00136,P0166,C0252,electrician,2025-04-11 13:58,Friday,weekday,13,midday,Upper Hill,Langata,-1.284545,36.821501,-1.334259,36.759138,8.87,Uhuru Highway,1.88,3,26.6,21.5,29.0,8.5,True,3.9,0.944,14,36,1022,True,745,good,moderate,True,4.4,0.9108
B00137,P0028,C0074,technician,2024-10-10 12:01,Thursday,weekday,12,midday,Hurlingham,Westlands,-1.287818,36.781917,-1.268585,36.81893,4.64,Ngong Road,1.87,3,26.7,9.0,11.1,2.3,True,3.2,0.791,6,37,354,False,1755,good,good,True,2.8,0.8517
B00138,P0139,C0394,technician,2024-09-23 12:00,Monday,weekday,12,midday,Parklands,Embakasi,-1.251758,36.82097,-1.320358,36.911613,12.64,Forest Road,1.7,2,29.4,24.3,25.7,2.6,True,4.2,0.905,10,14,480,True,1333,good,moderate,True,4.7,0.9698
B00139,P0111,C0112,technician,2024-03-11 13:45,Monday,weekday,13,midday,Ngong,Kasarani,-1.371368,36.653568,-1.213379,36.905839,33.09,Ngong Road,1.87,3,26.7,73.8,67.2,0.6,True,3.7,0.776,3,23,129,True,1613,poor,moderate,False,,0.6334
B00140,P0158,C0330,technician,2024-10-05 12:51,Saturday,weekend,12,midday,Kileleshwa,Kileleshwa,-1.28297,36.766616,-1.28316,36.773274,0.74,Uhuru Highway,1.31,1,38.2,1.1,1.1,0.1,True,4.5,0.824,2,20,58,True,897,good,good,True,4.6,0.9964
B00141,P0028,C0468,technician,2024-06-10 16:24,Monday,weekday,16,evening_rush,Hurlingham,Gigiri,-1.287818,36.781917,-1.221544,36.805428,7.82,Ngong Road,4.0,10,12.5,41.0,49.7,17.9,False,3.2,0.791,6,37,354,False,1755,good,good,False,,0.1513
B00142,P0114,C0367,cleaner,2025-01-31 13:39,Friday,weekday,13,midday,Githurai,Spring Valley,-1.17431,36.888295,-1.273761,36.750099,18.93,Thika Road,2.09,4,23.9,39.6,46.6,10.5,True,3.8,0.766,7,19,357,True,551,poor,good,True,3.1,0.7833
B00143,P0067,C0053,carpenter,2025-02-20 14:24,Thursday,weekday,14,early_afternoon,Runda,Rongai,-1.203143,36.802115,-1.404721,36.752527,23.08,Kiambu Road,1.64,2,30.5,46.4,47.9,2.0,True,3.2,0.784,16,33,384,True,966,good,poor,False,,0.6191
B00144,P0009,C0038,technician,2025-04-12 18:40,Saturday,weekend,18,evening_rush,Westlands,Kitengela,-1.26042,36.818632,-1.467367,36.972422,28.67,Waiyaki Way,2.44,5,20.5,74.3,73.3,19.0,False,4.9,0.954,9,9,531,False,879,good,poor,True,4.7,0.6835
B00145,P0019,C0293,plumber,2024-09-23 08:28,Monday,weekday,8,morning_rush,Rongai,South C,-1.389773,36.75041,-1.322714,36.80236,9.43,Langata Road,3.3,8,15.2,37.4,44.5,8.0,True,4.5,0.728,3,34,171,True,1342,poor,moderate,True,4.4,0.7233
B00146,P0187,C0129,technician,2025-01-03 15:23,Friday,weekday,15,early_afternoon,Westlands,Eastleigh,-1.2733,36.817332,-1.271806,36.8525,3.91,Waiyaki Way,1.95,3,25.6,9.8,13.2,3.9,True,4.3,0.789,17,39,816,True,794,good,poor,True,4.1,0.886
B00147,P0199,C0229,electrician,2024-01-14 09:33,Sunday,weekend,9,mid_morning,Muthaiga,Roysambu,-1.249154,36.824128,-1.20113,36.87904,8.11,Forest Road,1.21,1,41.3,11.7,10.2,2.4,True,2.9,0.957,2,25,158,False,823,good,moderate,True,3.1,0.9717
B00148,P0005,C0460,technician,2024-12-22 16:48,Sunday,weekend,16,evening_rush,Kileleshwa,Kasarani,-1.285845,36.78543,-1.226926,36.906219,14.94,Uhuru Highway,2.59,5,19.3,60.0,76.4,17.4,False,3.9,0.885,4,43,156,True,616,good,moderate,True,4.4,0.6003
B00149,P0128,C0077,electrician,2024-03-28 12:34,Thursday,weekday,12,midday,Ruiru,Kileleshwa,-1.143862,36.976006,-1.286683,36.785608,26.46,Thika Road,2.09,4,23.9,70.4,87.7,20.7,False,3.9,0.843,19,39,1501,True,859,poor,good,True,3.9,0.5918
B00150,P0168,C0328,carpenter,2024-02-10 15:04,Saturday,weekend,15,early_afternoon,Spring Valley,Eastleigh,-1.272247,36.7353,-1.284459,36.855163,13.39,Waiyaki Way,1.28,1,39.1,21.6,25.3,4.1,True,3.6,0.97,19,32,1026,True,535,good,poor,True,3.2,0.9934
B00151,P0001,C0478,electrician,2024-09-30 09:23,Monday,weekday,9,mid_morning,Kileleshwa,Ruiru,-1.265552,36.774614,-1.156885,36.964677,24.34,Uhuru Highway,2.25,4,22.2,79.6,85.0,6.2,True,4.8,0.788,7,10,182,True,1054,good,poor,True,4.9,0.8673
B00152,P0010,C0341,electrician,2024-04-24 14:19,Wednesday,weekday,14,early_afternoon,Kasarani,Eastleigh,-1.2307,36.90588,-1.265804,36.861585,6.28,Thika Road,2.18,4,22.9,12.2,14.3,4.9,True,4.1,0.887,15,43,840,True,1367,moderate,poor,True,4.5,0.8983
B00153,P0100,C0137,plumber,2025-05-13 09:42,Tuesday,weekday,9,mid_morning,South C,Hurlingham,-1.32936,36.803922,-1.301339,36.805859,3.12,Langata Road,2.03,3,24.6,7.0,8.9,3.7,True,4.0,0.88,19,21,399,True,1339,moderate,good,True,3.6,0.9118
B00154,P0039,C0359,electrician,2024-02-27 10:32,Tuesday,weekday,10,mid_morning,Spring Valley,Hurlingham,-1.278278,36.738872,-1.290452,36.798548,6.77,Waiyaki Way,2.13,4,23.5,17.0,19.1,5.2,True,4.5,0.924,2,10,158,False,1205,good,good,True,4.9,0.9383
B00155,P0085,C0464,carpenter,2024-06-03 17:44,Monday,weekday,17,evening_rush,Dagoretti,Industrial Area,-1.279595,36.742246,-1.309673,36.858549,13.35,Uhuru Highway,4.0,10,12.5,61.9,56.0,4.0,True,3.9,0.754,16,11,1232,False,495,poor,poor,True,3.5,0.6837
B00156,P0101,C0295,cleaner,2024-12-10 09:10,Tuesday,weekday,9,mid_morning,South B,Langata,-1.316934,36.821923,-1.353649,36.757521,8.24,Uhuru Highway,2.25,4,22.2,22.4,24.1,3.2,True,4.8,0.773,5,33,180,True,405,moderate,moderate,False,,0.6348
B00157,P0001,C0264,electrician,2024-05-23 14:56,Thursday,weekday,14,early_afternoon,Kileleshwa,South C,-1.265552,36.774614,-1.31951,36.793146,6.34,Uhuru Highway,2.1,4,23.8,18.7,22.4,4.6,True,4.8,0.788,7,10,182,True,1054,good,moderate,False,,0.6427
B00158,P0182,C0482,electrician,2024-01-29 09:07,Monday,weekday,9,mid_morning,Athi River,Westlands,-1.450424,36.986851,-1.253546,36.813729,29.15,Mombasa Road,2.25,4,22.2,82.2,71.4,0.9,True,4.0,0.826,17,35,442,True,676,poor,good,True,4.3,0.8905
B00159,P0198,C0252,cleaner,2024-01-01 09:44,Monday,weekday,9,mid_morning,Ngong,Langata,-1.366998,36.657289,-1.334259,36.759138,11.89,Ngong Road,2.08,4,24.0,23.1,29.4,10.7,True,4.7,0.916,6,42,216,True,519,poor,moderate,False,,0.6524
B00160,P0123,C0224,technician,2024-06-16 08:39,Sunday,weekend,8,morning_rush,South C,Kilimani,-1.304593,36.805869,-1.290293,36.770335,4.26,Langata Road,2.3,4,21.7,13.5,17.4,4.6,True,4.0,0.913,17,10,901,False,888,moderate,good,True,3.7,0.8992
B00161,P0104,C0433,cleaner,2024-08-13 14:48,Tuesday,weekday,14,early_afternoon,South C,Kilimani,-1.317485,36.782226,-1.288562,36.771341,3.44,Langata Road,1.89,3,26.5,9.5,8.4,0.1,True,4.8,0.78,15,40,495,True,849,moderate,good,True,4.3,0.943
B00162,P0187,C0400,technician,2025-05-09 16:40,Friday,weekday,16,evening_rush,Westlands,Embakasi,-1.2733,36.817332,-1.313378,36.911137,11.34,Waiyaki Way,3.77,9,13.3,55.3,55.4,0.3,True,4.3,0.789,17,39,816,True,794,good,moderate,False,,0.5204
B00163,P0018,C0277,plumber,2024-05-27 14:40,Monday,weekday,14,early_afternoon,Hurlingham,Industrial Area,-1.292456,36.806022,-1.305546,36.849682,5.07,Ngong Road,2.03,3,24.6,7.8,7.1,0.2,True,4.8,0.913,10,7,590,False,659,good,poor,True,4.4,0.9974
B00164,P0058,C0002,electrician,2024-03-17 07:20,Sunday,weekend,7,morning_rush,Muthaiga,Muthaiga,-1.257845,36.837065,-1.253692,36.843731,0.87,Forest Road,2.21,4,22.6,2.8,3.7,3.4,True,4.5,0.922,15,44,1140,True,755,good,good,True,4.7,0.9459
B00165,P0099,C0489,plumber,2025-02-14 16:45,Friday,weekday,16,evening_rush,Roysambu,Westlands,-1.221829,36.868602,-1.256512,36.801079,8.44,Thika Road,4.0,10,12.5,36.1,35.1,2.8,True,3.1,0.917,11,10,330,True,711,moderate,good,True,3.0,0.7352
B00166,P0177,C0419,cleaner,2025-01-28 14:24,Tuesday,weekday,14,early_afternoon,South C,Upper Hill,-1.321132,36.802989,-1.289975,36.812956,3.64,Langata Road,1.89,3,26.5,9.5,10.6,2.3,True,3.3,0.785,5,21,270,True,495,moderate,good,True,3.9,0.8521
B00167,P0200,C0247,electrician,2024-08-04 11:51,Sunday,weekend,11,midday,Ruiru,Ruiru,-1.130766,36.953965,-1.152489,36.953178,2.42,Thika Road,1.35,1,37.0,3.8,3.8,0.1,True,5.0,0.729,1,25,67,False,1047,poor,poor,True,4.9,0.9707
B00168,P0032,C0291,cleaner,2024-07-20 11:27,Saturday,weekend,11,midday,Gigiri,Gigiri,-1.218323,36.820818,-1.211121,36.80094,2.35,Forest Road,1.04,0,48.1,3.2,3.7,13.3,True,4.8,0.979,15,10,690,False,551,good,good,True,5.0,1.0
B00169,P0138,C0479,cleaner,2025-03-04 11:24,Tuesday,weekday,11,midday,Ruiru,CBD,-1.130056,36.960788,-1.281689,36.817117,23.22,Thika Road,2.09,4,23.9,58.5,54.1,2.3,True,4.8,0.815,4,9,276,True,318,poor,moderate,True,4.9,0.9261
B00170,P0092,C0171,electrician,2024-11-14 14:45,Thursday,weekday,14,early_afternoon,Parklands,Kilimani,-1.278448,36.826925,-1.303476,36.788169,5.13,Forest Road,1.87,3,26.7,9.9,12.4,3.9,True,5.0,0.852,10,30,310,True,1196,good,good,True,4.8,0.9589
B00171,P0175,C0156,plumber,2024-02-07 10:23,Wednesday,weekday,10,mid_morning,Githurai,Kileleshwa,-1.187395,36.89935,-1.272746,36.786855,15.7,Thika Road,2.31,4,21.6,52.2,50.5,7.3,True,5.0,0.725,19,21,969,True,1101,poor,good,True,5.0,0.8319
B00172,P0103,C0029,cleaner,2025-05-09 07:20,Friday,weekday,7,morning_rush,Lavington,Gigiri,-1.2836,36.766546,-1.215619,36.810058,8.97,Uhuru Highway,3.58,9,14.0,38.8,37.1,1.4,True,3.3,0.854,4,17,180,True,799,good,good,True,3.1,0.7589
B00173,P0162,C0491,plumber,2024-03-11 08:13,Monday,weekday,8,morning_rush,Upper Hill,Upper Hill,-1.283701,36.803014,-1.297242,36.824461,2.82,Uhuru Highway,3.58,9,14.0,10.6,12.3,5.6,True,4.7,0.987,9,20,693,True,819,good,good,True,4.2,0.8604
B00174,P0166,C0047,electrician,2024-01-20 13:01,Saturday,weekend,13,midday,Upper Hill,South B,-1.284545,36.821501,-1.319876,36.813651,4.02,Uhuru Highway,1.31,1,38.2,3.9,5.2,5.0,True,3.9,0.944,14,36,1022,True,745,good,moderate,True,4.5,0.9855
B00175,P0094,C0274,electrician,2024-07-15 08:54,Monday,weekday,8,morning_rush,Gigiri,Roysambu,-1.216758,36.821188,-1.219255,36.863417,4.7,Forest Road,3.15,7,15.9,17.7,19.5,17.5,False,3.6,0.922,3,16,108,True,1414,good,moderate,True,3.1,0.5582
B00176,P0088,C0042,cleaner,2025-05-18 10:31,Sunday,weekend,10,mid_morning,Athi River,Lavington,-1.466229,36.98317,-1.275795,36.761312,32.51,Mombasa Road,1.59,2,31.4,55.0,52.6,5.8,True,4.4,0.919,18,5,1170,True,826,poor,good,True,4.5,0.969
B00177,P0118,C0390,cleaner,2024-12-21 07:00,Saturday,weekend,7,morning_rush,Syokimau,Dagoretti,-1.375522,36.898831,-1.297263,36.744125,19.27,Mombasa Road,2.67,6,18.7,62.3,55.3,7.1,True,4.0,0.883,12,22,552,True,781,moderate,poor,False,,0.5837
B00178,P0197,C0149,plumber,2024-08-29 10:45,Thursday,weekday,10,mid_morning,Githurai,Kileleshwa,-1.184159,36.908215,-1.281214,36.788179,17.16,Thika Road,2.31,4,21.6,43.6,58.8,24.8,False,3.9,0.731,13,8,650,True,1250,poor,good,True,4.0,0.484
B00179,P0166,C0104,electrician,2024-12-19 16:09,Thursday,weekday,16,evening_rush,Upper Hill,Athi River,-1.284545,36.821501,-1.450447,37.001944,27.25,Uhuru Highway,4.0,10,12.5,90.6,108.0,19.9,False,3.9,0.944,14,36,1022,True,745,good,poor,False,,0.2462
B00180,P0046,C0284,cleaner,2024-06-21 10:54,Friday,weekday,10,mid_morning,Rongai,Hurlingham,-1.390957,36.7597,-1.293287,36.807185,12.08,Langata Road,2.03,3,24.6,30.8,29.0,1.4,True,3.4,0.843,12,33,360,True,781,poor,good,True,4.0,0.8824
B00181,P0011,C0496,plumber,2025-05-30 15:33,Friday,weekday,15,early_afternoon,Kitengela,Rongai,-1.461571,36.951166,-1.398841,36.75782,22.6,Mombasa Road,2.13,4,23.5,53.5,46.7,3.1,True,3.5,0.741,16,28,768,True,1242,poor,poor,True,2.9,0.8143
B00182,P0099,C0339,plumber,2024-08-23 11:43,Friday,weekday,11,midday,Roysambu,Ngong,-1.221829,36.868602,-1.350137,36.657791,27.44,Thika Road,2.09,4,23.9,78.0,88.8,11.5,True,3.1,0.917,11,10,330,True,711,moderate,poor,True,3.1,0.8155
B00183,P0049,C0154,technician,2024-11-17 17:38,Sunday,weekend,17,evening_rush,Kasarani,Lavington,-1.213738,36.911241,-1.277949,36.774784,16.77,Thika Road,2.64,5,18.9,52.5,50.9,0.6,True,4.1,0.836,17,7,1343,True,866,moderate,good,True,3.9,0.8718
B00184,P0179,C0200,cleaner,2024-08-19 15:26,Monday,weekday,15,early_afternoon,Githurai,Industrial Area,-1.196084,36.901156,-1.318817,36.853396,14.64,Thika Road,2.18,4,22.9,41.6,50.0,10.7,True,5.0,0.821,13,18,702,True,815,poor,poor,True,4.7,0.8619
B00185,P0028,C0323,technician,2024-05-28 11:49,Tuesday,weekday,11,midday,Hurlingham,Athi River,-1.287818,36.781917,-1.452273,36.98172,28.77,Ngong Road,1.87,3,26.7,60.2,69.1,9.7,True,3.2,0.791,6,37,354,False,1755,good,poor,True,3.9,0.7901
B00186,P0177,C0184,cleaner,2025-02-28 11:39,Friday,weekday,11,midday,South C,Kitengela,-1.321132,36.802989,-1.464548,36.970259,24.5,Langata Road,1.75,2,28.6,53.2,45.5,0.3,True,3.3,0.785,5,21,270,True,495,moderate,poor,False,,0.63
B00187,P0125,C0044,carpenter,2025-03-22 16:25,Saturday,weekend,16,evening_rush,CBD,Eastleigh,-1.289186,36.82843,-1.280595,36.85551,3.16,Uhuru Highway,2.59,5,19.3,10.1,10.8,1.7,True,4.2,0.775,18,40,810,False,627,moderate,poor,True,4.3,0.8411
B00188,P0162,C0225,plumber,2024-08-17 14:25,Saturday,weekend,14,early_afternoon,Upper Hill,Westlands,-1.283701,36.803014,-1.271401,36.813955,1.83,Uhuru Highway,1.35,1,37.0,2.9,2.7,5.8,True,4.7,0.987,9,20,693,True,819,good,good,True,4.7,1.0
B00189,P0189,C0098,carpenter,2024-03-14 08:07,Thursday,weekday,8,morning_rush,CBD,Githurai,-1.281145,36.806807,-1.197958,36.899764,13.87,Uhuru Highway,3.58,9,14.0,65.4,76.2,11.1,True,4.4,0.928,5,7,390,True,733,moderate,poor,True,4.4,0.7701
B00190,P0036,C0019,electrician,2025-05-27 16:16,Tuesday,weekday,16,evening_rush,Syokimau,Muthaiga,-1.369792,36.909296,-1.255769,36.832287,15.3,Mombasa Road,4.0,10,12.5,75.7,89.4,15.2,False,5.0,0.905,9,25,693,False,1058,moderate,good,True,4.1,0.5708
B00191,P0050,C0013,plumber,2024-05-26 12:54,Sunday,weekend,12,midday,Muthaiga,Parklands,-1.237436,36.842383,-1.261151,36.827026,3.14,Forest Road,1.04,0,48.1,4.2,4.0,7.5,True,3.2,0.803,16,6,1232,True,1107,good,good,True,3.3,0.8808
B00192,P0185,C0304,electrician,2024-12-09 13:46,Monday,weekday,13,midday,Githurai,Githurai,-1.195468,36.886679,-1.178198,36.903027,2.64,Thika Road,2.09,4,23.9,6.2,6.5,2.6,True,4.1,0.814,3,27,189,True,800,poor,poor,False,,0.6381
B00193,P0062,C0251,electrician,2024-04-29 13:44,Monday,weekday,13,midday,Runda,Kitengela,-1.210904,36.813098,-1.479293,36.965499,34.32,Kiambu Road,1.65,2,30.3,71.0,90.8,20.7,False,4.1,0.957,10,36,530,True,1029,good,poor,True,4.5,0.694
B00194,P0100,C0033,plumber,2024-11-21 11:37,Thursday,weekday,11,midday,South C,Roysambu,-1.32936,36.803922,-1.215812,36.88135,15.28,Langata Road,1.75,2,28.6,39.2,38.8,2.4,True,4.0,0.88,19,21,399,True,1339,moderate,moderate,True,4.3,0.945
B00195,P0139,C0330,technician,2025-06-23 12:03,Monday,weekday,12,midday,Parklands,Kileleshwa,-1.251758,36.82097,-1.28316,36.773274,6.35,Forest Road,1.7,2,29.4,12.8,16.6,7.0,True,4.2,0.905,10,14,480,True,1333,good,good,True,3.9,0.9332
B00196,P0079,C0256,cleaner,2024-04-29 09:52,Monday,weekday,9,mid_morning,Kikuyu,Kilimani,-1.261245,36.651334,-1.288664,36.783696,15.03,Waiyaki Way,2.13,4,23.5,31.2,35.5,8.7,True,4.6,0.899,3,9,111,True,889,poor,good,False,,0.6516
B00197,P0137,C0495,technician,2025-04-19 14:26,Saturday,weekend,14,early_afternoon,South C,Karen,-1.326641,36.801857,-1.319239,36.705719,10.72,Langata Road,1.23,1,40.7,9.9,10.7,3.4,True,4.4,0.817,7,12,462,True,794,moderate,good,True,4.0,0.9668
B00198,P0116,C0495,technician,2024-04-27 16:22,Saturday,weekend,16,evening_rush,Roysambu,Karen,-1.210341,36.87171,-1.319239,36.705719,22.07,Thika Road,2.64,5,18.9,73.7,96.6,24.7,False,4.0,0.871,1,42,48,False,804,moderate,good,True,4.0,0.5335
B00199,P0005,C0019,technician,2025-02-08 10:33,Saturday,weekend,10,mid_morning,Kileleshwa,Muthaiga,-1.285845,36.78543,-1.255769,36.832287,6.19,Uhuru Highway,1.43,1,35.0,11.9,12.1,1.8,True,3.9,0.885,4,43,156,True,616,good,good,True,3.7,0.9731
B00200,P0087,C0029,electrician,2025-04-20 10:31,Sunday,weekend,10,mid_morning,Kitengela,Gigiri,-1.465391,36.952559,-1.215619,36.810058,31.97,Mombasa Road,1.59,2,31.4,61.5,76.5,15.7,False,4.0,0.782,16,7,1200,True,1294,poor,good,True,3.9,0.648
B00201,P0087,C0404,electrician,2025-02-13 11:51,Thursday,weekday,11,midday,Kitengela,Runda,-1.465391,36.952559,-1.219774,36.811551,31.49,Mombasa Road,2.13,4,23.5,79.1,74.6,6.2,True,4.0,0.782,16,7,1200,True,1294,poor,good,False,,0.5839
B00202,P0185,C0022,electrician,2025-01-26 13:37,Sunday,weekend,13,midday,Githurai,Kitengela,-1.195468,36.886679,-1.462421,36.971485,31.14,Thika Road,1.35,1,37.0,46.9,58.6,15.6,False,4.1,0.814,3,27,189,True,800,poor,poor,True,3.8,0.689
B00203,P0104,C0061,cleaner,2025-06-15 15:34,Sunday,weekend,15,early_afternoon,South C,Kikuyu,-1.317485,36.782226,-1.247586,36.668725,14.82,Langata Road,1.23,1,40.7,18.4,17.8,12.2,True,4.8,0.78,15,40,495,True,849,moderate,poor,False,,0.6449
B00204,P0055,C0414,carpenter,2024-05-03 09:25,Friday,weekday,9,mid_morning,CBD,Kitengela,-1.285689,36.830976,-1.463799,36.971686,25.24,Uhuru Highway,2.25,4,22.2,51.7,53.2,2.4,True,3.3,0.754,2,17,82,True,674,moderate,poor,False,,0.557
B00205,P0168,C0342,carpenter,2025-04-08 08:03,Tuesday,weekday,8,morning_rush,Spring Valley,Rongai,-1.272247,36.7353,-1.38765,36.746772,12.9,Waiyaki Way,3.46,8,14.5,43.7,42.3,0.1,True,3.6,0.97,19,32,1026,True,535,good,poor,True,4.0,0.8524
B00206,P0134,C0235,plumber,2024-09-19 07:36,Thursday,weekday,7,morning_rush,Syokimau,Kasarani,-1.356084,36.892391,-1.213502,36.887673,15.86,Mombasa Road,4.0,10,12.5,76.4,67.6,0.6,True,3.5,0.955,12,13,852,True,696,moderate,moderate,True,2.8,0.7925
B00207,P0174,C0446,cleaner,2024-12-01 11:03,Sunday,weekend,11,midday,Rongai,Muthaiga,-1.385961,36.747354,-1.248018,36.829241,17.84,Langata Road,1.16,1,43.1,20.5,25.7,7.4,True,3.9,0.87,15,26,705,True,624,poor,good,True,3.3,0.9405
B00208,P0138,C0077,cleaner,2024-09-08 10:47,Sunday,weekend,10,mid_morning,Ruiru,Kileleshwa,-1.130056,36.960788,-1.286683,36.785608,26.13,Thika Road,1.44,1,34.7,47.9,48.7,1.4,True,4.8,0.815,4,9,276,True,318,poor,good,False,,0.7356
B00209,P0190,C0297,technician,2024-03-27 17:14,Wednesday,weekday,17,evening_rush,Ngong,Ngong,-1.349406,36.65827,-1.362449,36.672136,2.12,Ngong Road,4.0,10,12.5,10.3,13.1,6.3,True,3.8,0.809,15,38,465,True,974,poor,poor,False,,0.437
B00210,P0060,C0474,electrician,2024-02-25 13:18,Sunday,weekend,13,midday,Gigiri,Eastleigh,-1.235984,36.813546,-1.272682,36.839659,5.01,Forest Road,1.04,0,48.1,5.9,6.4,0.6,True,3.1,0.846,5,25,175,True,547,good,poor,True,2.7,0.9548
B00211,P0019,C0019,plumber,2024-04-30 14:15,Tuesday,weekday,14,early_afternoon,Rongai,Muthaiga,-1.389773,36.75041,-1.255769,36.832287,17.46,Langata Road,1.89,3,26.5,36.6,31.9,2.3,True,4.5,0.728,3,34,171,True,1342,poor,good,True,4.6,0.8836
B00212,P0189,C0073,carpenter,2025-02-18 15:48,Tuesday,weekday,15,early_afternoon,CBD,Kitengela,-1.281145,36.806807,-1.464887,36.967541,27.14,Uhuru Highway,2.1,4,23.8,78.1,87.1,9.5,True,4.4,0.928,5,7,390,True,733,moderate,poor,True,4.1,0.9018
B00213,P0126,C0335,plumber,2024-08-05 10:50,Monday,weekday,10,mid_morning,Syokimau,CBD,-1.384197,36.899152,-1.275722,36.822565,14.76,Mombasa Road,2.25,4,22.2,42.8,49.2,7.7,True,3.8,0.784,1,32,46,True,1101,moderate,moderate,True,3.0,0.8028
B00214,P0005,C0242,technician,2024-09-30 16:27,Monday,weekday,16,evening_rush,Kileleshwa,Dagoretti,-1.285845,36.78543,-1.280377,36.755918,3.34,Uhuru Highway,4.0,10,12.5,16.4,18.9,5.2,True,3.9,0.885,4,43,156,True,616,good,poor,True,3.5,0.7392
B00215,P0159,C0024,plumber,2024-12-05 07:06,Thursday,weekday,7,morning_rush,Eastleigh,Eastleigh,-1.276563,36.8629,-1.268446,36.859863,0.96,Jogoo Road,3.43,8,14.6,3.6,3.1,3.0,True,4.0,0.737,17,35,884,True,1202,poor,poor,True,4.5,0.7341
B00216,P0063,C0360,cleaner,2024-01-05 17:45,Friday,weekday,17,evening_rush,Roysambu,Ngong,-1.223879,36.861046,-1.351319,36.670802,25.46,Thika Road,4.0,10,12.5,121.5,149.6,28.3,False,4.0,0.76,7,24,231,True,726,moderate,poor,False,,0.0892
B00217,P0167,C0067,electrician,2024-04-12 10:32,Friday,weekday,10,mid_morning,Muthaiga,Kasarani,-1.239047,36.830687,-1.217438,36.907365,8.86,Forest Road,1.91,3,26.2,17.1,23.1,7.3,True,4.9,0.874,13,24,338,True,561,good,moderate,True,5.0,0.9334
B00218,P0004,C0089,cleaner,2024-08-02 18:47,Friday,weekday,18,evening_rush,Eastleigh,Gigiri,-1.271819,36.862837,-1.224519,36.812154,7.71,Jogoo Road,3.57,9,14.0,35.7,40.4,5.4,True,4.8,0.736,8,7,280,True,391,poor,good,True,4.6,0.7424
B00219,P0162,C0026,plumber,2024-05-01 13:41,Wednesday,weekday,13,midday,Upper Hill,Spring Valley,-1.283701,36.803014,-1.268197,36.757902,5.3,Uhuru Highway,1.88,3,26.6,9.6,8.4,0.8,True,4.7,0.987,9,20,693,True,819,good,good,True,4.5,1.0
B00220,P0079,C0421,cleaner,2024-10-23 08:12,Wednesday,weekday,8,morning_rush,Kikuyu,Kileleshwa,-1.261245,36.651334,-1.280201,36.768729,13.22,Waiyaki Way,3.46,8,14.5,53.8,62.5,9.9,True,4.6,0.899,3,9,111,True,889,poor,good,False,,0.5352
B00221,P0025,C0234,cleaner,2025-05-12 12:22,Monday,weekday,12,midday,Langata,Eastleigh,-1.346931,36.741658,-1.263016,36.843483,14.67,Ngong Road,1.87,3,26.7,37.4,40.2,4.0,True,4.2,0.845,3,5,156,True,558,moderate,poor,True,4.6,0.9146
B00222,P0157,C0088,cleaner,2024-06-07 12:28,Friday,weekday,12,midday,Roysambu,Kikuyu,-1.213324,36.857954,-1.251358,36.670042,21.31,Thika Road,2.09,4,23.9,39.8,48.1,9.1,True,3.7,0.948,6,10,216,True,857,moderate,poor,True,4.0,0.881
B00223,P0152,C0033,plumber,2024-03-21 07:50,Thursday,weekday,7,morning_rush,Kilimani,Roysambu,-1.299509,36.788374,-1.215812,36.88135,13.91,Uhuru Highway,3.58,9,14.0,55.1,68.4,14.2,True,3.9,0.983,19,27,1292,False,504,good,moderate,True,3.8,0.7468
B00224,P0028,C0059,technician,2025-05-18 11:01,Sunday,weekend,11,midday,Hurlingham,Parklands,-1.287818,36.781917,-1.268938,36.814627,4.2,Ngong Road,1.27,1,39.4,5.3,5.5,4.9,True,3.2,0.791,6,37,354,False,1755,good,good,True,3.4,0.8781
B00225,P0128,C0305,electrician,2025-02-13 16:13,Thursday,weekday,16,evening_rush,Ruiru,Embakasi,-1.143862,36.976006,-1.329312,36.90285,22.17,Thika Road,4.0,10,12.5,113.9,98.1,9.1,True,3.9,0.843,19,39,1501,True,859,poor,moderate,True,3.3,0.6857
B00226,P0158,C0113,technician,2024-10-31 09:48,Thursday,weekday,9,mid_morning,Kileleshwa,Hurlingham,-1.28297,36.766616,-1.296959,36.790338,3.06,Uhuru Highway,2.25,4,22.2,8.5,10.8,2.6,True,4.5,0.824,2,20,58,True,897,good,good,True,4.5,0.9003
B00227,P0017,C0412,carpenter,2024-06-04 17:04,Tuesday,weekday,17,evening_rush,Parklands,Upper Hill,-1.265137,36.832357,-1.286314,36.820449,2.7,Forest Road,3.67,9,13.6,12.5,14.4,4.0,True,3.8,0.979,7,16,238,True,1016,good,good,False,,0.5676
B00228,P0052,C0219,cleaner,2024-03-04 12:41,Monday,weekday,12,midday,Kitengela,CBD,-1.47149,36.958108,-1.291269,36.82298,25.04,Mombasa Road,2.13,4,23.5,62.0,66.1,5.4,True,5.0,0.889,8,14,280,False,767,poor,moderate,True,5.0,0.9441
B00229,P0087,C0416,electrician,2024-12-02 12:07,Monday,weekday,12,midday,Kitengela,Kilimani,-1.465391,36.952559,-1.286401,36.770543,28.38,Mombasa Road,2.13,4,23.5,76.2,102.0,27.3,False,4.0,0.782,16,7,1200,True,1294,poor,good,False,,0.2581
B00230,P0189,C0348,carpenter,2024-04-25 09:19,Thursday,weekday,9,mid_morning,CBD,Lavington,-1.281145,36.806807,-1.286976,36.776968,3.38,Uhuru Highway,2.25,4,22.2,11.0,9.6,0.5,True,4.4,0.928,5,7,390,True,733,moderate,good,True,4.2,0.9648
B00231,P0103,C0167,cleaner,2024-09-14 14:02,Saturday,weekend,14,early_afternoon,Lavington,Industrial Area,-1.2836,36.766546,-1.30478,36.863493,11.03,Uhuru Highway,1.35,1,37.0,16.2,21.3,7.2,True,3.3,0.854,4,17,180,True,799,good,poor,True,3.1,0.889
B00232,P0031,C0500,carpenter,2024-10-30 12:34,Wednesday,weekday,12,midday,Gigiri,Westlands,-1.208399,36.806357,-1.255507,36.802963,5.25,Forest Road,1.7,2,29.4,10.5,12.4,3.6,True,3.1,0.929,2,21,112,False,546,good,good,True,3.4,0.9185
B00233,P0176,C0295,electrician,2025-04-27 08:20,Sunday,weekend,8,morning_rush,Lavington,Langata,-1.274096,36.757864,-1.353649,36.757521,8.85,Uhuru Highway,2.53,5,19.8,30.1,34.5,8.3,True,4.5,0.8,19,13,855,False,1087,good,moderate,True,3.8,0.8184
B00234,P0140,C0071,technician,2024-01-03 17:29,Wednesday,weekday,17,evening_rush,Dagoretti,Syokimau,-1.281413,36.751532,-1.372315,36.892815,18.68,Uhuru Highway,4.0,10,12.5,80.8,94.9,16.0,False,4.4,0.846,18,37,1224,True,1113,poor,moderate,True,4.7,0.5047
B00235,P0083,C0429,carpenter,2024-03-08 08:52,Friday,weekday,8,morning_rush,Roysambu,Spring Valley,-1.197099,36.88354,-1.267048,36.749054,16.85,Thika Road,4.0,10,12.5,70.7,82.2,16.2,False,4.6,0.861,3,33,213,False,529,moderate,good,False,,0.2705
B00236,P0055,C0392,carpenter,2024-06-28 09:52,Friday,weekday,9,mid_morning,CBD,Rongai,-1.285689,36.830976,-1.403602,36.738356,16.67,Uhuru Highway,2.25,4,22.2,41.1,35.0,5.5,True,3.3,0.754,2,17,82,True,674,moderate,poor,True,3.1,0.7812
B00237,P0012,C0304,electrician,2024-01-27 11:34,Saturday,weekend,11,midday,Hurlingham,Githurai,-1.295566,36.800621,-1.178198,36.903027,17.32,Ngong Road,1.27,1,39.4,23.1,20.2,5.8,True,3.1,0.784,3,33,111,False,555,good,poor,False,,0.6121
B00238,P0045,C0172,carpenter,2024-01-02 13:26,Tuesday,weekday,13,midday,Dagoretti,Dagoretti,-1.293654,36.741826,-1.299429,36.735693,0.94,Uhuru Highway,1.88,3,26.6,1.6,1.8,3.2,True,4.7,0.781,19,17,1425,True,1141,poor,poor,False,,0.6634
B00239,P0017,C0062,carpenter,2025-04-28 14:07,Monday,weekday,14,early_afternoon,Parklands,Muthaiga,-1.265137,36.832357,-1.2463,36.846389,2.61,Forest Road,1.87,3,26.7,7.2,7.7,3.7,True,3.8,0.979,7,16,238,True,1016,good,good,True,4.0,0.9641
B00240,P0071,C0073,cleaner,2025-04-20 10:40,Sunday,weekend,10,mid_morning,Syokimau,Kitengela,-1.372822,36.900737,-1.464887,36.967541,12.65,Mombasa Road,1.59,2,31.4,22.2,23.9,4.2,True,4.0,0.902,4,35,212,False,755,moderate,poor,False,,0.7038
B00241,P0194,C0213,plumber,2024-04-02 07:19,Tuesday,weekday,7,morning_rush,Ruiru,Gigiri,-1.158479,36.954798,-1.21338,36.801119,18.14,Thika Road,4.0,10,12.5,100.7,89.3,0.9,True,4.8,0.813,19,40,779,True,627,poor,good,False,,0.534
B00242,P0044,C0357,plumber,2025-05-17 17:44,Saturday,weekend,17,evening_rush,Eastleigh,CBD,-1.286651,36.848557,-1.276654,36.814237,3.97,Jogoo Road,2.38,5,21.0,12.0,12.9,2.5,True,4.5,0.889,17,28,646,True,806,poor,moderate,False,,0.6733
B00243,P0095,C0284,plumber,2025-05-06 10:04,Tuesday,weekday,10,mid_morning,Spring Valley,Hurlingham,-1.277903,36.744602,-1.293287,36.807185,7.16,Waiyaki Way,2.13,4,23.5,23.4,26.4,3.4,True,3.9,0.847,12,33,672,True,967,good,good,False,,0.6348
B00244,P0043,C0225,electrician,2024-03-07 12:47,Thursday,weekday,12,midday,Eastleigh,Westlands,-1.275323,36.859659,-1.271401,36.813955,5.1,Jogoo Road,1.71,2,29.2,10.3,8.8,1.4,True,4.8,0.787,8,34,480,True,1039,poor,good,False,,0.7
B00245,P0063,C0474,cleaner,2024-08-26 16:01,Monday,weekday,16,evening_rush,Roysambu,Eastleigh,-1.223879,36.861046,-1.272682,36.839659,5.92,Thika Road,4.0,10,12.5,30.5,32.1,9.3,True,4.0,0.76,7,24,231,True,726,moderate,poor,True,4.3,0.6475
B00246,P0149,C0021,technician,2025-05-09 08:41,Friday,weekday,8,morning_rush,South B,Kasarani,-1.32145,36.814943,-1.234195,36.891351,12.9,Uhuru Highway,3.58,9,14.0,60.8,55.9,1.4,True,3.7,0.959,3,38,72,True,1667,moderate,moderate,True,3.8,0.8314
B00247,P0035,C0052,technician,2024-08-24 12:50,Saturday,weekend,12,midday,Eastleigh,Roysambu,-1.266177,36.853074,-1.212312,36.864461,6.12,Jogoo Road,1.13,0,44.2,8.2,7.8,0.1,True,4.3,0.857,3,26,99,True,1339,poor,moderate,True,4.8,1.0
B00248,P0162,C0314,plumber,2024-12-18 08:22,Wednesday,weekday,8,morning_rush,Upper Hill,Gigiri,-1.283701,36.803014,-1.21678,36.80263,7.44,Uhuru Highway,3.58,9,14.0,28.4,34.8,7.7,True,4.7,0.987,9,20,693,True,819,good,good,True,4.5,0.8429
B00249,P0097,C0399,carpenter,2024-05-19 12:30,Sunday,weekend,12,midday,Hurlingham,Ngong,-1.290422,36.794618,-1.360271,36.655674,17.29,Ngong Road,1.27,1,39.4,27.8,31.8,4.2,True,5.0,0.957,16,42,544,True,1011,good,poor,True,3.9,1.0
B00250,P0041,C0009,electrician,2024-04-14 07:43,Sunday,weekend,7,morning_rush,Eastleigh,Eastleigh,-1.262587,36.837939,-1.281668,36.861202,3.35,Jogoo Road,2.17,4,23.0,7.0,9.1,4.9,True,3.7,0.801,17,24,731,True,969,poor,poor,True,3.7,0.8361
B00251,P0125,C0042,carpenter,2024-06-26 16:50,Wednesday,weekday,16,evening_rush,CBD,Lavington,-1.289186,36.82843,-1.275795,36.761312,7.61,Uhuru Highway,4.0,10,12.5,36.2,44.4,10.3,True,4.2,0.775,18,40,810,False,627,moderate,good,True,3.8,0.6567
B00252,P0002,C0004,technician,2025-04-09 15:44,Wednesday,weekday,15,early_afternoon,Langata,Syokimau,-1.330429,36.75935,-1.375166,36.889046,15.25,Ngong Road,2.03,3,24.6,34.4,46.2,12.8,True,4.4,0.947,13,12,481,False,958,moderate,moderate,True,5.0,0.8894
B00253,P0046,C0475,cleaner,2025-06-01 15:35,Sunday,weekend,15,early_afternoon,Rongai,Athi River,-1.390957,36.7597,-1.452459,36.984699,25.93,Langata Road,1.23,1,40.7,35.1,40.5,6.9,True,3.4,0.843,12,33,360,True,781,poor,poor,True,4.3,0.9006
B00254,P0023,C0362,plumber,2024-10-26 14:55,Saturday,weekend,14,early_afternoon,Runda,Westlands,-1.20871,36.820684,-1.272629,36.800067,7.47,Kiambu Road,1.11,0,45.0,9.4,12.7,5.8,True,3.8,0.977,7,10,539,True,894,good,good,True,4.6,1.0
B00255,P0167,C0304,electrician,2025-02-15 13:04,Saturday,weekend,13,midday,Muthaiga,Githurai,-1.239047,36.830687,-1.178198,36.903027,10.51,Forest Road,1.04,0,48.1,12.1,12.3,0.3,True,4.9,0.874,13,24,338,True,561,good,poor,True,5.0,1.0
B00256,P0073,C0214,plumber,2024-11-27 09:56,Wednesday,weekday,9,mid_morning,Parklands,Westlands,-1.265689,36.829151,-1.260173,36.818928,1.29,Forest Road,1.91,3,26.2,3.2,3.1,0.2,True,3.3,0.879,6,40,180,True,1079,good,good,True,2.9,0.915
B00257,P0178,C0414,electrician,2024-06-01 11:31,Saturday,weekend,11,midday,Eastleigh,Kitengela,-1.282287,36.844486,-1.463799,36.971686,24.64,Jogoo Road,1.13,0,44.2,34.7,36.6,3.9,True,5.0,0.888,5,35,145,True,859,poor,poor,False,,0.7861
B00258,P0198,C0244,cleaner,2024-01-22 14:50,Monday,weekday,14,early_afternoon,Ngong,Parklands,-1.366998,36.657289,-1.259711,36.833857,22.97,Ngong Road,2.03,3,24.6,51.9,47.9,0.2,True,4.7,0.916,6,42,216,True,519,poor,good,True,4.3,0.9939
B00259,P0178,C0065,electrician,2025-04-11 12:08,Friday,weekday,12,midday,Eastleigh,Spring Valley,-1.282287,36.844486,-1.264599,36.737827,12.02,Jogoo Road,1.71,2,29.2,24.0,29.3,6.3,True,5.0,0.888,5,35,145,True,859,poor,good,False,,0.7197
B00260,P0053,C0074,electrician,2024-07-04 11:16,Thursday,weekday,11,midday,Syokimau,Westlands,-1.355438,36.894191,-1.268585,36.81893,12.78,Mombasa Road,2.13,4,23.5,35.6,42.1,11.8,True,4.6,0.768,3,32,108,True,841,moderate,good,False,,0.5603
B00261,P0164,C0139,technician,2025-02-22 11:41,Saturday,weekend,11,midday,South C,Runda,-1.318632,36.781856,-1.202722,36.8048,13.14,Langata Road,1.16,1,43.1,20.9,23.9,5.8,True,4.3,0.755,5,23,280,True,984,moderate,good,False,,0.6664
B00262,P0134,C0231,plumber,2024-01-23 15:44,Tuesday,weekday,15,early_afternoon,Syokimau,South B,-1.356084,36.892391,-1.314833,36.831959,8.13,Mombasa Road,2.13,4,23.5,21.8,20.7,2.9,True,3.5,0.955,12,13,852,True,696,moderate,moderate,True,3.4,0.9229
B00263,P0106,C0123,carpenter,2025-02-08 14:45,Saturday,weekend,14,early_afternoon,Syokimau,Kikuyu,-1.36283,36.900425,-1.246299,36.666144,29.09,Mombasa Road,1.43,1,35.0,55.1,63.3,13.9,True,5.0,0.769,17,37,799,True,870,moderate,poor,True,4.7,0.8693
B00264,P0045,C0313,carpenter,2025-05-03 14:01,Saturday,weekend,14,early_afternoon,Dagoretti,Ngong,-1.293654,36.741826,-1.35424,36.652858,11.97,Uhuru Highway,1.35,1,37.0,20.2,26.2,12.9,True,4.7,0.781,19,17,1425,True,1141,poor,poor,True,4.4,0.875
B00265,P0178,C0020,electrician,2024-02-11 15:02,Sunday,weekend,15,early_afternoon,Eastleigh,Industrial Area,-1.282287,36.844486,-1.312364,36.84747,3.36,Jogoo Road,1.18,1,42.4,5.4,4.9,6.3,True,5.0,0.888,5,35,145,True,859,poor,poor,True,5.0,1.0
B00266,P0153,C0093,cleaner,2025-03-23 14:17,Sunday,weekend,14,early_afternoon,Runda,Ngong,-1.21906,36.808167,-1.347699,36.670253,20.97,Kiambu Road,1.11,0,45.0,32.7,31.3,3.1,True,3.9,0.781,15,13,1050,True,518,good,poor,False,,0.6859
B00267,P0184,C0256,plumber,2024-05-18 15:53,Saturday,weekend,15,early_afternoon,Rongai,Kilimani,-1.407716,36.7524,-1.288664,36.783696,13.69,Langata Road,1.23,1,40.7,17.2,16.7,6.6,True,4.7,0.748,2,5,54,False,1313,poor,good,False,,0.6706
B00268,P0157,C0487,cleaner,2025-02-27 09:23,Thursday,weekday,9,mid_morning,Roysambu,Dagoretti,-1.213324,36.857954,-1.292475,36.736769,16.09,Thika Road,2.31,4,21.6,47.4,53.7,7.1,True,3.7,0.948,6,10,216,True,857,moderate,poor,True,2.9,0.88
B00269,P0023,C0322,plumber,2024-09-02 12:36,Monday,weekday,12,midday,Runda,Langata,-1.20871,36.820684,-1.351678,36.759249,17.3,Kiambu Road,1.65,2,30.3,37.8,38.3,3.4,True,3.8,0.977,7,10,539,True,894,good,moderate,False,,0.7332
B00270,P0078,C0179,plumber,2024-08-10 14:15,Saturday,weekend,14,early_afternoon,Spring Valley,Upper Hill,-1.275279,36.740173,-1.309542,36.80666,8.32,Waiyaki Way,1.28,1,39.1,13.0,12.0,2.3,True,4.2,0.881,10,6,270,True,1363,good,good,True,3.6,0.9939
B00271,P0108,C0003,cleaner,2024-04-18 09:44,Thursday,weekday,9,mid_morning,Ruiru,Roysambu,-1.133647,36.975468,-1.209563,36.883337,13.27,Thika Road,2.31,4,21.6,40.8,40.1,2.8,True,4.8,0.739,4,44,244,True,407,poor,moderate,False,,0.6164
B00272,P0143,C0121,technician,2024-05-02 09:41,Thursday,weekday,9,mid_morning,Spring Valley,Kitengela,-1.257355,36.737855,-1.466323,36.96644,34.43,Waiyaki Way,2.13,4,23.5,106.7,92.4,6.6,True,3.7,0.841,2,18,154,True,1473,good,poor,False,,0.5951
B00273,P0050,C0061,plumber,2025-01-27 11:57,Monday,weekday,11,midday,Muthaiga,Kikuyu,-1.237436,36.842383,-1.247586,36.668725,19.34,Forest Road,1.7,2,29.4,46.4,57.6,11.2,True,3.2,0.803,16,6,1232,True,1107,good,poor,True,3.4,0.7972
B00274,P0136,C0049,carpenter,2024-07-26 17:17,Friday,weekday,17,evening_rush,Ngong,Industrial Area,-1.343029,36.658549,-1.308923,36.861737,22.9,Ngong Road,4.0,10,12.5,123.0,141.5,19.0,False,4.4,0.783,16,42,912,False,725,poor,poor,True,4.3,0.4482
B00275,P0159,C0186,plumber,2025-03-17 12:21,Monday,weekday,12,midday,Eastleigh,Runda,-1.276563,36.8629,-1.21216,36.809049,9.33,Jogoo Road,1.71,2,29.2,20.8,26.3,6.0,True,4.0,0.737,17,35,884,True,1202,poor,good,True,3.9,0.8467
B00276,P0195,C0277,plumber,2025-01-30 08:22,Thursday,weekday,8,morning_rush,Kilimani,Industrial Area,-1.295888,36.78464,-1.305546,36.849682,7.31,Uhuru Highway,3.58,9,14.0,34.3,41.8,12.2,True,4.3,0.89,9,15,252,False,883,good,poor,True,4.6,0.7369
B00277,P0130,C0113,electrician,2025-03-14 11:43,Friday,weekday,11,midday,Muthaiga,Hurlingham,-1.261506,36.849263,-1.296959,36.790338,7.65,Forest Road,1.7,2,29.4,14.0,12.0,2.2,True,4.8,0.972,2,26,126,True,1371,good,good,True,4.5,1.0
B00278,P0119,C0395,plumber,2024-10-17 17:36,Thursday,weekday,17,evening_rush,Parklands,Hurlingham,-1.278361,36.811882,-1.303798,36.794935,3.4,Forest Road,3.67,9,13.6,15.7,18.4,3.7,True,4.6,0.896,19,19,1026,True,1373,good,good,False,,0.5686
B00279,P0161,C0338,cleaner,2024-10-13 14:37,Sunday,weekend,14,early_afternoon,Dagoretti,Gigiri,-1.301444,36.756457,-1.232066,36.811424,9.84,Uhuru Highway,1.35,1,37.0,17.5,21.3,4.1,True,4.0,0.762,12,41,924,True,473,poor,good,True,4.1,0.9038
B00280,P0054,C0142,cleaner,2024-02-29 08:55,Thursday,weekday,8,morning_rush,Ruiru,Gigiri,-1.144993,36.950231,-1.212641,36.816808,16.63,Thika Road,4.0,10,12.5,60.5,70.6,10.4,True,3.6,0.857,8,44,248,True,336,poor,good,True,4.2,0.6668
B00281,P0014,C0100,electrician,2024-10-06 14:03,Sunday,weekend,14,early_afternoon,Embakasi,Runda,-1.309393,36.91238,-1.212254,36.804398,16.15,Mombasa Road,1.43,1,35.0,25.8,27.8,7.4,True,3.4,0.925,19,9,836,True,551,moderate,good,True,3.3,0.9214
B00282,P0029,C0408,electrician,2024-03-10 07:23,Sunday,weekend,7,morning_rush,Industrial Area,South B,-1.308364,36.858956,-1.313209,36.823797,3.95,Mombasa Road,2.67,6,18.7,9.7,12.6,9.3,True,5.0,0.886,16,32,1120,True,946,poor,moderate,True,4.8,0.8669
B00283,P0039,C0351,electrician,2024-07-08 11:37,Monday,weekday,11,midday,Spring Valley,Gigiri,-1.278278,36.738872,-1.230908,36.803577,8.92,Waiyaki Way,1.88,3,26.6,19.3,22.9,4.5,True,4.5,0.924,2,10,158,False,1205,good,good,True,5.0,0.9641
B00284,P0122,C0255,plumber,2025-02-06 10:54,Thursday,weekday,10,mid_morning,Roysambu,Westlands,-1.198937,36.868092,-1.264493,36.815434,9.35,Thika Road,2.31,4,21.6,28.3,24.3,0.6,True,4.1,0.848,1,24,34,True,504,moderate,good,False,,0.6542
B00285,P0046,C0082,cleaner,2025-06-04 12:36,Wednesday,weekday,12,midday,Rongai,Westlands,-1.390957,36.7597,-1.271263,36.804051,14.19,Langata Road,1.75,2,28.6,29.8,38.3,8.9,True,3.4,0.843,12,33,360,True,781,poor,good,False,,0.5923
B00286,P0172,C0473,electrician,2024-03-01 11:51,Friday,weekday,11,midday,Westlands,Kitengela,-1.259894,36.796652,-1.468293,36.954207,29.05,Waiyaki Way,1.88,3,26.6,75.2,67.7,1.4,True,5.0,0.841,14,27,1106,True,839,good,poor,True,5.0,0.9734
B00287,P0012,C0028,electrician,2025-02-28 08:12,Friday,weekday,8,morning_rush,Hurlingham,Ruiru,-1.295566,36.800621,-1.14115,36.95002,23.89,Ngong Road,3.71,9,13.5,103.0,97.5,0.3,True,3.1,0.784,3,33,111,False,555,good,poor,True,2.5,0.7127
B00288,P0166,C0187,electrician,2025-06-13 10:12,Friday,weekday,10,mid_morning,Upper Hill,Kitengela,-1.284545,36.821501,-1.479275,36.954992,26.25,Uhuru Highway,2.25,4,22.2,63.8,63.2,5.4,True,3.9,0.944,14,36,1022,True,745,good,poor,True,4.4,0.907
B00289,P0073,C0108,plumber,2024-08-19 11:28,Monday,weekday,11,midday,Parklands,Karen,-1.265689,36.829151,-1.313554,36.707321,14.55,Forest Road,1.7,2,29.4,28.6,29.2,6.8,True,3.3,0.879,6,40,180,True,1079,good,good,True,3.4,0.8768
B00290,P0112,C0129,carpenter,2025-03-30 14:28,Sunday,weekend,14,early_afternoon,Rongai,Eastleigh,-1.407345,36.750173,-1.271806,36.8525,18.88,Langata Road,1.23,1,40.7,28.0,37.2,9.7,True,4.9,0.809,17,40,1190,True,779,poor,poor,True,5.0,0.9353
B00291,P0086,C0316,electrician,2024-07-18 13:34,Thursday,weekday,13,midday,Rongai,Langata,-1.399737,36.737186,-1.340185,36.758356,7.03,Langata Road,1.75,2,28.6,17.2,19.9,9.0,True,4.3,0.749,12,26,612,True,1339,poor,moderate,True,4.2,0.8395
B00292,P0195,C0233,plumber,2024-06-05 08:19,Wednesday,weekday,8,morning_rush,Kilimani,Kilimani,-1.295888,36.78464,-1.293414,36.784308,0.28,Uhuru Highway,3.58,9,14.0,1.0,1.2,3.9,True,4.3,0.89,9,15,252,False,883,good,good,True,4.0,0.8061
B00293,P0012,C0054,electrician,2024-07-08 14:17,Monday,weekday,14,early_afternoon,Hurlingham,South B,-1.295566,36.800621,-1.32957,36.82559,4.69,Ngong Road,2.03,3,24.6,12.8,13.2,0.7,True,3.1,0.784,3,33,111,False,555,good,moderate,False,,0.5938
B00294,P0190,C0027,technician,2024-03-21 17:44,Thursday,weekday,17,evening_rush,Ngong,Hurlingham,-1.349406,36.65827,-1.286438,36.801682,17.41,Ngong Road,4.0,10,12.5,74.2,68.8,1.3,True,3.8,0.809,15,38,465,True,974,poor,good,True,3.9,0.7287
B00295,P0138,C0091,cleaner,2024-05-13 07:40,Monday,weekday,7,morning_rush,Ruiru,Dagoretti,-1.130056,36.960788,-1.300012,36.737259,31.22,Thika Road,4.0,10,12.5,125.9,127.6,2.0,True,4.8,0.815,4,9,276,True,318,poor,poor,True,4.5,0.7758
B00296,P0041,C0403,electrician,2024-09-27 16:42,Friday,weekday,16,evening_rush,Eastleigh,Embakasi,-1.262587,36.837939,-1.320097,36.901101,9.5,Jogoo Road,3.57,9,14.0,47.0,49.0,4.1,True,3.7,0.801,17,24,731,True,969,poor,moderate,True,4.4,0.7307
B00297,P0008,C0249,electrician,2025-02-10 17:12,Monday,weekday,17,evening_rush,Kasarani,Hurlingham,-1.209809,36.907631,-1.309621,36.796608,16.6,Thika Road,4.0,10,12.5,85.1,93.2,13.6,True,4.4,0.779,12,34,636,True,919,moderate,good,True,4.8,0.6412
B00298,P0132,C0060,electrician,2024-11-03 13:33,Sunday,weekend,13,midday,South B,Hurlingham,-1.312355,36.821388,-1.295253,36.792516,3.73,Uhuru Highway,1.31,1,38.2,5.1,6.0,22.0,False,5.0,0.865,17,36,1275,True,888,moderate,good,True,5.0,0.7094
B00299,P0019,C0459,plumber,2024-01-06 13:24,Saturday,weekend,13,midday,Rongai,Ruiru,-1.389773,36.75041,-1.14882,36.965498,35.91,Langata Road,1.16,1,43.1,48.2,62.9,19.5,False,4.5,0.728,3,34,171,True,1342,poor,poor,True,4.4,0.6487
B00300,P0061,C0370,technician,2024-02-06 13:32,Tuesday,weekday,13,midday,Hurlingham,Industrial Area,-1.313263,36.795445,-1.311748,36.839705,4.92,Ngong Road,1.87,3,26.7,11.9,10.4,3.1,True,3.8,0.867,9,11,288,False,1097,good,poor,True,3.6,0.9131
B00301,P0114,C0304,cleaner,2024-08-19 14:51,Monday,weekday,14,early_afternoon,Githurai,Githurai,-1.17431,36.888295,-1.178198,36.903027,1.69,Thika Road,2.18,4,22.9,4.8,6.1,3.5,True,3.8,0.766,7,19,357,True,551,poor,poor,False,,0.5844
B00302,P0149,C0167,technician,2024-05-02 12:16,Thursday,weekday,12,midday,South B,Industrial Area,-1.32145,36.814943,-1.30478,36.863493,5.71,Uhuru Highway,1.88,3,26.6,12.5,14.5,2.0,True,3.7,0.959,3,38,72,True,1667,moderate,poor,True,4.0,0.9624
B00303,P0108,C0102,cleaner,2024-06-17 15:04,Monday,weekday,15,early_afternoon,Ruiru,Eastleigh,-1.133647,36.975468,-1.28078,36.848361,21.62,Thika Road,2.18,4,22.9,60.6,64.2,4.0,True,4.8,0.739,4,44,244,True,407,poor,poor,True,3.9,0.8668
B00304,P0192,C0347,carpenter,2024-02-01 08:24,Thursday,weekday,8,morning_rush,Ruiru,Upper Hill,-1.139674,36.956392,-1.305819,36.825705,23.5,Thika Road,4.0,10,12.5,113.8,137.2,23.6,False,4.1,0.856,5,15,135,True,760,poor,good,True,4.0,0.4313
B00305,P0084,C0118,technician,2024-12-27 16:37,Friday,weekday,16,evening_rush,Eastleigh,Roysambu,-1.261233,36.851061,-1.217548,36.878268,5.72,Jogoo Road,3.57,9,14.0,24.5,28.5,4.3,True,4.9,0.823,15,26,705,True,758,poor,moderate,True,4.7,0.8001
B00306,P0200,C0057,electrician,2025-02-27 12:16,Thursday,weekday,12,midday,Ruiru,Athi River,-1.130766,36.953965,-1.45826,36.994492,36.69,Thika Road,2.09,4,23.9,92.8,99.6,9.9,True,5.0,0.729,1,25,67,False,1047,poor,poor,False,,0.5798
B00307,P0084,C0117,technician,2024-04-08 10:56,Monday,weekday,10,mid_morning,Eastleigh,Karen,-1.261233,36.851061,-1.330083,36.721055,16.35,Jogoo Road,1.89,3,26.5,33.5,41.9,10.9,True,4.9,0.823,15,26,705,True,758,poor,good,True,5.0,0.8795
B00308,P0026,C0122,plumber,2024-04-19 07:17,Friday,weekday,7,morning_rush,Kasarani,Hurlingham,-1.234607,36.913473,-1.302561,36.799935,14.71,Thika Road,4.0,10,12.5,70.3,67.1,3.7,True,4.6,0.959,10,6,750,True,1116,moderate,good,True,4.7,0.8237
B00309,P0189,C0212,carpenter,2024-10-12 14:40,Saturday,weekend,14,early_afternoon,CBD,Hurlingham,-1.281145,36.806807,-1.290805,36.800229,1.3,Uhuru Highway,1.35,1,37.0,1.9,2.4,1.6,True,4.4,0.928,5,7,390,True,733,moderate,good,True,4.5,1.0
B00310,P0052,C0193,cleaner,2025-03-25 17:34,Tuesday,weekday,17,evening_rush,Kitengela,Athi River,-1.47149,36.958108,-1.449594,37.00077,5.33,Mombasa Road,4.0,10,12.5,21.9,26.9,5.5,True,5.0,0.889,8,14,280,False,767,poor,poor,True,5.0,0.7937
B00311,P0057,C0038,electrician,2024-03-30 09:44,Saturday,weekend,9,mid_morning,Langata,Kitengela,-1.343355,36.756359,-1.467367,36.972422,27.69,Ngong Road,1.4,1,35.7,50.5,43.3,0.2,True,3.7,0.818,12,12,708,True,655,moderate,poor,False,,0.6953
B00312,P0121,C0300,plumber,2024-11-11 15:06,Monday,weekday,15,early_afternoon,Eastleigh,Langata,-1.269387,36.85348,-1.350397,36.749372,14.67,Jogoo Road,1.94,3,25.8,35.2,31.7,1.4,True,5.0,0.904,19,41,437,True,1381,poor,moderate,True,5.0,1.0
B00313,P0125,C0028,carpenter,2025-04-26 08:34,Saturday,weekend,8,morning_rush,CBD,Ruiru,-1.289186,36.82843,-1.14115,36.95002,21.3,Uhuru Highway,2.53,5,19.8,54.4,47.7,0.4,True,4.2,0.775,18,40,810,False,627,moderate,poor,False,,0.6068
B00314,P0112,C0075,carpenter,2025-05-01 08:56,Thursday,weekday,8,morning_rush,Rongai,Ruiru,-1.407345,36.750173,-1.142247,36.956583,37.36,Langata Road,3.3,8,15.2,151.4,160.1,10.8,True,4.9,0.809,17,40,1190,True,779,poor,poor,True,5.0,0.7605
B00315,P0056,C0476,carpenter,2025-02-13 14:32,Thursday,weekday,14,early_afternoon,Spring Valley,Industrial Area,-1.25633,36.750322,-1.303291,36.857799,13.04,Waiyaki Way,1.95,3,25.6,32.0,42.9,20.6,False,4.5,0.829,15,40,600,True,644,good,poor,False,,0.3768
B00316,P0157,C0233,cleaner,2025-02-21 09:30,Friday,weekday,9,mid_morning,Roysambu,Kilimani,-1.213324,36.857954,-1.293414,36.784308,12.1,Thika Road,2.31,4,21.6,39.6,35.6,0.2,True,3.7,0.948,6,10,216,True,857,moderate,good,True,3.5,0.9375
B00317,P0046,C0199,cleaner,2025-03-22 08:39,Saturday,weekend,8,morning_rush,Rongai,Kasarani,-1.390957,36.7597,-1.223001,36.90584,24.75,Langata Road,2.3,4,21.7,60.2,77.7,19.4,False,3.4,0.843,12,33,360,True,781,poor,moderate,True,3.4,0.5608
B00318,P0096,C0070,technician,2025-04-24 10:08,Thursday,weekday,10,mid_morning,Dagoretti,Spring Valley,-1.288134,36.742623,-1.27041,36.756248,2.49,Uhuru Highway,2.25,4,22.2,6.6,7.8,9.7,True,4.6,0.889,17,42,510,True,1253,poor,good,False,,0.6287
B00319,P0118,C0369,cleaner,2024-05-28 17:53,Tuesday,weekday,17,evening_rush,Syokimau,Rongai,-1.375522,36.898831,-1.394528,36.736564,18.16,Mombasa Road,4.0,10,12.5,93.8,122.6,31.6,False,4.0,0.883,12,22,552,True,781,moderate,poor,True,3.4,0.3732
B00320,P0050,C0324,plumber,2024-11-26 15:18,Tuesday,weekday,15,early_afternoon,Muthaiga,Kikuyu,-1.237436,36.842383,-1.245147,36.659313,20.37,Forest Road,1.87,3,26.7,48.3,42.7,0.8,True,3.2,0.803,16,6,1232,True,1107,good,poor,True,3.8,0.8702
B00321,P0092,C0500,electrician,2025-04-29 17:13,Tuesday,weekday,17,evening_rush,Parklands,Westlands,-1.278448,36.826925,-1.255507,36.802963,3.69,Forest Road,3.67,9,13.6,16.0,19.7,7.8,True,5.0,0.852,10,30,310,True,1196,good,good,False,,0.5324
B00322,P0070,C0104,carpenter,2024-01-20 14:13,Saturday,weekend,14,early_afternoon,Lavington,Athi River,-1.28849,36.775223,-1.450447,37.001944,30.98,Uhuru Highway,1.35,1,37.0,54.2,52.5,0.4,True,4.0,0.784,12,38,936,True,1077,good,poor,False,,0.6957
B00323,P0086,C0066,electrician,2024-03-18 17:20,Monday,weekday,17,evening_rush,Rongai,Kitengela,-1.399737,36.737186,-1.483162,36.967236,27.2,Langata Road,3.58,9,14.0,130.5,141.6,11.7,True,4.3,0.749,12,26,612,True,1339,poor,poor,False,,0.4206
B00324,P0009,C0355,technician,2025-02-06 14:37,Thursday,weekday,14,early_afternoon,Westlands,Westlands,-1.26042,36.818632,-1.27324,36.796631,2.83,Waiyaki Way,1.95,3,25.6,4.4,5.5,3.0,True,4.9,0.954,9,9,531,False,879,good,good,True,5.0,1.0
B00325,P0146,C0031,electrician,2024-07-08 09:21,Monday,weekday,9,mid_morning,Embakasi,Karen,-1.323622,36.89238,-1.330681,36.709457,20.35,Mombasa Road,2.25,4,22.2,58.8,66.1,9.2,True,5.0,0.807,14,19,476,True,630,moderate,good,False,,0.6118
B00326,P0072,C0070,plumber,2024-01-21 18:50,Sunday,weekend,18,evening_rush,Langata,Spring Valley,-1.355719,36.761446,-1.27041,36.756248,9.5,Ngong Road,2.6,5,19.2,22.6,29.0,7.4,True,4.7,0.77,1,21,45,True,1300,moderate,good,True,4.7,0.8153
B00327,P0029,C0437,electrician,2025-06-20 16:46,Friday,weekday,16,evening_rush,Industrial Area,Roysambu,-1.308364,36.858956,-1.199398,36.866782,12.15,Mombasa Road,4.0,10,12.5,63.8,80.3,24.6,False,5.0,0.886,16,32,1120,True,946,poor,moderate,False,,0.233
B00328,P0120,C0235,plumber,2025-03-14 08:52,Friday,weekday,8,morning_rush,Industrial Area,Kasarani,-1.305578,36.856668,-1.213502,36.887673,10.8,Mombasa Road,4.0,10,12.5,51.9,57.6,10.7,True,4.4,0.869,14,27,924,True,731,poor,moderate,True,4.3,0.7103
B00329,P0108,C0088,cleaner,2025-02-20 11:47,Thursday,weekday,11,midday,Ruiru,Kikuyu,-1.133647,36.975468,-1.251358,36.670042,36.39,Thika Road,2.09,4,23.9,90.2,102.1,14.4,True,4.8,0.739,4,44,244,True,407,poor,poor,True,5.0,0.7873
B00330,P0195,C0176,plumber,2024-11-22 16:21,Friday,weekday,16,evening_rush,Kilimani,Karen,-1.295888,36.78464,-1.30978,36.70083,9.44,Uhuru Highway,4.0,10,12.5,45.5,50.3,4.9,True,4.3,0.89,9,15,252,False,883,good,good,True,3.6,0.7642
B00331,P0057,C0454,electrician,2024-02-03 13:35,Saturday,weekend,13,midday,Langata,Parklands,-1.343355,36.756359,-1.264699,36.823282,11.48,Ngong Road,1.27,1,39.4,19.3,18.3,3.6,True,3.7,0.818,12,12,708,True,655,moderate,good,True,3.3,0.9274
B00332,P0076,C0310,plumber,2025-03-04 16:28,Tuesday,weekday,16,evening_rush,Syokimau,Rongai,-1.380514,36.905837,-1.405758,36.759102,16.55,Mombasa Road,4.0,10,12.5,94.1,97.2,3.7,True,4.4,0.791,8,23,400,False,839,moderate,poor,True,5.0,0.7297
B00333,P0041,C0405,electrician,2025-01-24 13:30,Friday,weekday,13,midday,Eastleigh,Embakasi,-1.262587,36.837939,-1.325085,36.890562,9.08,Jogoo Road,1.71,2,29.2,21.8,21.8,3.6,True,3.7,0.801,17,24,731,True,969,poor,moderate,True,3.5,0.8837
B00334,P0164,C0488,technician,2025-03-03 08:53,Monday,weekday,8,morning_rush,South C,Embakasi,-1.318632,36.781856,-1.320337,36.892245,12.27,Langata Road,3.3,8,15.2,47.0,51.0,4.1,True,4.3,0.755,5,23,280,True,984,moderate,moderate,True,3.9,0.7593
B00335,P0157,C0464,cleaner,2025-04-16 10:37,Wednesday,weekday,10,mid_morning,Roysambu,Industrial Area,-1.213324,36.857954,-1.309673,36.858549,10.71,Thika Road,2.31,4,21.6,31.2,40.4,21.6,False,3.7,0.948,6,10,216,True,857,moderate,poor,True,2.2,0.6092
B00336,P0044,C0296,plumber,2024-11-02 15:40,Saturday,weekend,15,early_afternoon,Eastleigh,Kitengela,-1.286651,36.848557,-1.478127,36.952969,24.25,Jogoo Road,1.18,1,42.4,28.1,24.2,1.6,True,4.5,0.889,17,28,646,True,806,poor,poor,False,,0.7768
B00337,P0142,C0438,plumber,2025-06-21 16:49,Saturday,weekend,16,evening_rush,Kasarani,Syokimau,-1.229622,36.886822,-1.360263,36.901664,14.62,Thika Road,2.64,5,18.9,47.2,53.2,7.3,True,3.3,0.792,9,10,360,True,1064,moderate,moderate,True,3.4,0.754
B00338,P0059,C0045,cleaner,2024-11-09 14:40,Saturday,weekend,14,early_afternoon,Ruiru,Roysambu,-1.15681,36.947432,-1.199811,36.881373,8.76,Thika Road,1.34,1,37.3,13.2,13.4,2.4,True,4.4,0.818,7,42,182,True,321,poor,moderate,True,4.4,0.9668
B00339,P0106,C0439,carpenter,2025-01-31 09:35,Friday,weekday,9,mid_morning,Syokimau,Langata,-1.36283,36.900425,-1.340754,36.748775,17.04,Mombasa Road,2.25,4,22.2,44.2,40.2,1.5,True,5.0,0.769,17,37,799,True,870,moderate,moderate,False,,0.657
B00340,P0134,C0251,plumber,2024-12-10 12:32,Tuesday,weekday,12,midday,Syokimau,Kitengela,-1.356084,36.892391,-1.479293,36.965499,15.93,Mombasa Road,2.13,4,23.5,44.5,53.6,12.0,True,3.5,0.955,12,13,852,True,696,moderate,poor,True,3.7,0.8471
B00341,P0056,C0303,carpenter,2024-11-23 15:42,Saturday,weekend,15,early_afternoon,Spring Valley,Rongai,-1.25633,36.750322,-1.395106,36.75264,15.43,Waiyaki Way,1.28,1,39.1,19.4,16.9,0.6,True,4.5,0.829,15,40,600,True,644,good,poor,False,,0.7471
B00342,P0122,C0429,plumber,2025-06-02 16:56,Monday,weekday,16,evening_rush,Roysambu,Spring Valley,-1.198937,36.868092,-1.267048,36.749054,15.25,Thika Road,4.0,10,12.5,83.3,95.3,13.8,True,4.1,0.848,1,24,34,True,504,moderate,good,True,4.0,0.659
B00343,P0119,C0143,plumber,2024-02-15 15:17,Thursday,weekday,15,early_afternoon,Parklands,Kilimani,-1.278361,36.811882,-1.290846,36.773182,4.52,Forest Road,1.87,3,26.7,13.1,14.6,1.8,True,4.6,0.896,19,19,1026,True,1373,good,good,True,4.5,0.9784
B00344,P0004,C0374,cleaner,2024-03-03 08:46,Sunday,weekend,8,morning_rush,Eastleigh,Kitengela,-1.271819,36.862837,-1.47928,36.953881,25.19,Jogoo Road,2.17,4,23.0,78.6,101.4,28.9,False,4.8,0.736,8,7,280,True,391,poor,poor,True,4.8,0.5086
B00345,P0110,C0377,electrician,2025-03-06 08:42,Thursday,weekday,8,morning_rush,Kasarani,Kikuyu,-1.213002,36.900337,-1.256697,36.672563,25.78,Thika Road,4.0,10,12.5,161.4,179.9,18.6,False,3.4,0.852,14,29,1050,True,1119,moderate,poor,False,,0.186
B00346,P0064,C0127,electrician,2025-06-03 13:38,Tuesday,weekday,13,midday,Parklands,Kileleshwa,-1.263494,36.832383,-1.272809,36.782145,5.68,Forest Road,1.7,2,29.4,11.2,14.4,4.7,True,3.7,0.803,18,6,1224,True,1206,good,good,True,3.7,0.8763
B00347,P0084,C0223,technician,2025-03-06 15:48,Thursday,weekday,15,early_afternoon,Eastleigh,Syokimau,-1.261233,36.851061,-1.378043,36.901011,14.13,Jogoo Road,1.94,3,25.8,29.3,27.4,8.5,True,4.9,0.823,15,26,705,True,758,poor,moderate,True,4.9,0.8955
B00348,P0149,C0114,technician,2024-06-12 07:06,Wednesday,weekday,7,morning_rush,South B,Muthaiga,-1.32145,36.814943,-1.238033,36.839566,9.67,Uhuru Highway,3.58,9,14.0,36.6,36.8,1.1,True,3.7,0.959,3,38,72,True,1667,moderate,good,True,3.8,0.8339
B00349,P0152,C0485,plumber,2025-06-19 09:33,Thursday,weekday,9,mid_morning,Kilimani,Muthaiga,-1.299509,36.788374,-1.251257,36.835343,7.49,Uhuru Highway,2.25,4,22.2,19.1,24.2,11.2,True,3.9,0.983,19,27,1292,False,504,good,good,True,3.8,0.8782
B00350,P0039,C0468,electrician,2024-07-31 16:52,Wednesday,weekday,16,evening_rush,Spring Valley,Gigiri,-1.278278,36.738872,-1.221544,36.805428,9.72,Waiyaki Way,3.77,9,13.3,43.2,37.9,3.3,True,4.5,0.924,2,10,158,False,1205,good,good,True,4.7,0.8229
B00351,P0147,C0460,technician,2024-01-21 11:14,Sunday,weekend,11,midday,Roysambu,Kasarani,-1.198042,36.880644,-1.226926,36.906219,4.29,Thika Road,1.35,1,37.0,7.6,6.6,3.5,True,5.0,0.932,15,30,855,False,1336,moderate,moderate,True,5.0,1.0
B00352,P0002,C0214,technician,2024-09-03 08:24,Tuesday,weekday,8,morning_rush,Langata,Westlands,-1.330429,36.75935,-1.260173,36.818928,10.24,Ngong Road,3.71,9,13.5,38.3,32.8,0.3,True,4.4,0.947,13,12,481,False,958,moderate,good,True,4.6,0.8592
B00353,P0012,C0021,electrician,2024-12-26 15:13,Thursday,weekday,15,early_afternoon,Hurlingham,Kasarani,-1.295566,36.800621,-1.234195,36.891351,12.18,Ngong Road,2.03,3,24.6,28.3,28.1,2.6,True,3.1,0.784,3,33,111,False,555,good,moderate,True,3.2,0.8279
B00354,P0121,C0376,plumber,2024-05-09 07:43,Thursday,weekday,7,morning_rush,Eastleigh,Rongai,-1.269387,36.85348,-1.401487,36.74892,18.73,Jogoo Road,3.43,8,14.6,58.8,78.5,22.3,False,5.0,0.904,19,41,437,True,1381,poor,poor,True,4.2,0.5568
B00355,P0197,C0259,plumber,2024-10-16 09:00,Wednesday,weekday,9,mid_morning,Githurai,Kileleshwa,-1.184159,36.908215,-1.281774,36.782208,17.72,Thika Road,2.31,4,21.6,49.1,54.9,14.3,True,3.9,0.731,13,8,650,True,1250,poor,good,False,,0.4715
B00356,P0009,C0218,technician,2024-12-25 14:40,Wednesday,weekday,14,early_afternoon,Westlands,Upper Hill,-1.26042,36.818632,-1.290921,36.811727,3.48,Waiyaki Way,1.95,3,25.6,8.7,9.0,9.2,True,4.9,0.954,9,9,531,False,879,good,good,True,5.0,0.9543
B00357,P0136,C0202,carpenter,2024-07-16 14:40,Tuesday,weekday,14,early_afternoon,Ngong,Ngong,-1.343029,36.658549,-1.357075,36.664168,1.68,Ngong Road,2.03,3,24.6,4.0,4.5,1.5,True,4.4,0.783,16,42,912,False,725,poor,poor,True,4.9,0.9016
B00358,P0123,C0415,technician,2025-06-04 16:21,Wednesday,weekday,16,evening_rush,South C,South B,-1.304593,36.805869,-1.315701,36.816905,1.74,Langata Road,3.58,9,14.0,6.5,6.0,2.3,True,4.0,0.913,17,10,901,False,888,moderate,moderate,False,,0.5659
B00359,P0179,C0421,cleaner,2025-03-18 08:08,Tuesday,weekday,8,morning_rush,Githurai,Kileleshwa,-1.196084,36.901156,-1.280201,36.768729,17.44,Thika Road,4.0,10,12.5,80.8,103.2,26.9,False,5.0,0.821,13,18,702,True,815,poor,good,True,4.9,0.4313
B00360,P0026,C0232,plumber,2024-09-26 15:54,Thursday,weekday,15,early_afternoon,Kasarani,Syokimau,-1.234607,36.913473,-1.374822,36.890039,15.81,Thika Road,2.18,4,22.9,41.5,37.7,0.6,True,4.6,0.959,10,6,750,True,1116,moderate,moderate,True,4.3,0.9951
B00361,P0127,C0124,technician,2024-01-06 15:41,Saturday,weekend,15,early_afternoon,Lavington,Westlands,-1.28395,36.781169,-1.257453,36.819544,5.18,Uhuru Highway,1.35,1,37.0,9.5,12.4,3.4,True,4.0,0.82,19,24,969,True,1214,good,good,True,4.3,0.9387
B00362,P0022,C0286,electrician,2025-05-27 16:46,Tuesday,weekday,16,evening_rush,Langata,Upper Hill,-1.337324,36.740716,-1.296145,36.819616,9.89,Ngong Road,4.0,10,12.5,58.7,77.0,18.6,False,4.9,0.913,14,13,350,True,1171,moderate,good,True,5.0,0.5415
B00363,P0193,C0007,cleaner,2024-03-22 08:16,Friday,weekday,8,morning_rush,Industrial Area,Gigiri,-1.298218,36.849992,-1.226427,36.812802,8.99,Mombasa Road,4.0,10,12.5,49.3,63.5,24.3,False,4.1,0.77,6,25,144,True,807,poor,good,False,,0.1325
B00364,P0178,C0375,electrician,2024-01-12 09:48,Friday,weekday,9,mid_morning,Eastleigh,Industrial Area,-1.282287,36.844486,-1.307218,36.856398,3.07,Jogoo Road,1.89,3,26.5,7.3,6.3,1.7,True,5.0,0.888,5,35,145,True,859,poor,poor,True,4.8,0.9936
B00365,P0105,C0487,cleaner,2024-08-17 11:48,Saturday,weekend,11,midday,Upper Hill,Dagoretti,-1.30826,36.804606,-1.292475,36.736769,7.74,Uhuru Highway,1.31,1,38.2,14.7,14.4,3.2,True,3.2,0.943,10,8,230,True,691,good,poor,True,3.5,0.965
B00366,P0056,C0068,carpenter,2024-07-31 16:45,Wednesday,weekday,16,evening_rush,Spring Valley,Eastleigh,-1.25633,36.750322,-1.272101,36.85771,12.07,Waiyaki Way,3.77,9,13.3,55.9,48.6,2.1,True,4.5,0.829,15,40,600,True,644,good,poor,True,4.6,0.7854
B00367,P0092,C0152,electrician,2024-05-01 16:43,Wednesday,weekday,16,evening_rush,Parklands,Spring Valley,-1.278448,36.826925,-1.260572,36.757493,7.97,Forest Road,3.67,9,13.6,37.0,34.3,4.8,True,5.0,0.852,10,30,310,True,1196,good,good,True,5.0,0.8074
B00368,P0062,C0332,electrician,2024-12-08 12:46,Sunday,weekend,12,midday,Runda,Athi River,-1.210904,36.813098,-1.445913,36.990574,32.74,Kiambu Road,1.08,0,46.3,37.6,34.5,9.6,True,4.1,0.957,10,36,530,True,1029,good,poor,False,,0.7321
B00369,P0024,C0009,cleaner,2024-05-02 07:01,Thursday,weekday,7,morning_rush,Langata,Eastleigh,-1.334684,36.751712,-1.281668,36.861202,13.52,Ngong Road,3.71,9,13.5,55.2,61.4,9.3,True,4.2,0.957,7,5,462,False,870,moderate,poor,True,3.7,0.7792
B00370,P0123,C0343,technician,2024-04-08 16:04,Monday,weekday,16,evening_rush,South C,Kilimani,-1.304593,36.805869,-1.302095,36.777467,3.17,Langata Road,3.58,9,14.0,14.0,15.9,2.3,True,4.0,0.913,17,10,901,False,888,moderate,good,False,,0.5659
B00371,P0079,C0083,cleaner,2024-04-13 16:30,Saturday,weekend,16,evening_rush,Kikuyu,Westlands,-1.261245,36.651334,-1.271411,36.813938,18.11,Waiyaki Way,2.44,5,20.5,60.8,62.3,2.0,True,4.6,0.899,3,9,111,True,889,poor,good,False,,0.6826
B00372,P0181,C0236,carpenter,2024-09-22 08:03,Sunday,weekend,8,morning_rush,Eastleigh,Kasarani,-1.285983,36.842261,-1.226287,36.902066,9.39,Jogoo Road,2.17,4,23.0,17.8,23.8,7.7,True,4.1,0.796,2,32,106,True,664,poor,moderate,False,,0.5802
B00373,P0147,C0383,technician,2024-11-28 13:01,Thursday,weekday,13,midday,Roysambu,Lavington,-1.198042,36.880644,-1.284585,36.760212,16.49,Thika Road,2.09,4,23.9,42.0,47.3,6.4,True,5.0,0.932,15,30,855,False,1336,moderate,good,True,5.0,0.9605
B00374,P0150,C0013,cleaner,2024-12-10 12:52,Tuesday,weekday,12,midday,Athi River,Parklands,-1.468362,37.007079,-1.261151,36.827026,30.52,Mombasa Road,2.13,4,23.5,92.9,85.0,1.3,True,5.0,0.827,16,29,896,True,401,poor,good,True,4.7,0.9473
B00375,P0117,C0238,technician,2025-06-06 11:28,Friday,weekday,11,midday,Dagoretti,Ngong,-1.304001,36.758584,-1.36592,36.665507,12.43,Uhuru Highway,1.88,3,26.6,33.2,35.0,4.4,True,4.0,0.833,6,23,468,False,860,poor,poor,True,4.0,0.8944
B00376,P0198,C0071,cleaner,2024-05-21 16:27,Tuesday,weekday,16,evening_rush,Ngong,Syokimau,-1.366998,36.657289,-1.372315,36.892815,26.19,Ngong Road,4.0,10,12.5,119.8,123.6,12.0,True,4.7,0.916,6,42,216,True,519,poor,moderate,True,4.4,0.738
B00377,P0181,C0208,carpenter,2024-01-01 10:30,Monday,weekday,10,mid_morning,Eastleigh,Githurai,-1.285983,36.842261,-1.190049,36.909318,13.01,Jogoo Road,1.89,3,26.5,29.2,32.7,3.8,True,4.1,0.796,2,32,106,True,664,poor,poor,False,,0.6351
B00378,P0048,C0405,electrician,2024-05-12 14:18,Sunday,weekend,14,early_afternoon,Dagoretti,Embakasi,-1.28378,36.747291,-1.325085,36.890562,16.58,Uhuru Highway,1.35,1,37.0,27.4,27.8,2.3,True,5.0,0.867,19,34,1311,True,1137,poor,moderate,True,5.0,1.0
B00379,P0095,C0321,plumber,2025-01-26 09:09,Sunday,weekend,9,mid_morning,Spring Valley,Parklands,-1.277903,36.744602,-1.259242,36.811447,7.72,Waiyaki Way,1.37,1,36.5,10.5,9.7,1.0,True,3.9,0.847,12,33,672,True,967,good,good,True,3.3,0.9656
B00380,P0119,C0361,plumber,2024-08-28 14:23,Wednesday,weekday,14,early_afternoon,Parklands,Ngong,-1.278361,36.811882,-1.36838,36.664565,19.19,Forest Road,1.87,3,26.7,47.5,62.2,31.6,False,4.6,0.896,19,19,1026,True,1373,good,poor,True,3.7,0.5801
B00381,P0163,C0001,technician,2025-02-21 11:55,Friday,weekday,11,midday,Karen,Spring Valley,-1.311594,36.705806,-1.263491,36.756229,7.75,Ngong Road,1.87,3,26.7,18.2,16.4,0.4,True,5.0,0.86,8,36,400,True,1660,good,good,False,,0.7421
B00382,P0161,C0037,cleaner,2024-06-01 07:17,Saturday,weekend,7,morning_rush,Dagoretti,Kitengela,-1.301444,36.756457,-1.466426,36.955361,28.73,Uhuru Highway,2.53,5,19.8,77.0,87.1,12.7,True,4.0,0.762,12,41,924,True,473,poor,poor,True,3.9,0.7378
B00383,P0099,C0458,plumber,2025-05-18 14:37,Sunday,weekend,14,early_afternoon,Roysambu,Upper Hill,-1.221829,36.868602,-1.30933,36.811945,11.59,Thika Road,1.34,1,37.3,18.3,22.0,8.0,True,3.1,0.917,11,10,330,True,711,moderate,good,True,3.1,0.9046
B00384,P0177,C0171,cleaner,2024-11-21 12:46,Thursday,weekday,12,midday,South C,Kilimani,-1.321132,36.802989,-1.303476,36.788169,2.56,Langata Road,1.75,2,28.6,4.0,4.8,2.1,True,3.3,0.785,5,21,270,True,495,moderate,good,True,3.5,0.865
B00385,P0136,C0017,carpenter,2024-08-17 07:57,Saturday,weekend,7,morning_rush,Ngong,Runda,-1.343029,36.658549,-1.221351,36.798198,20.59,Ngong Road,2.34,4,21.4,55.7,65.8,11.5,True,4.4,0.783,16,42,912,False,725,poor,good,True,5.0,0.7935
B00386,P0076,C0219,plumber,2024-10-12 10:41,Saturday,weekend,10,mid_morning,Syokimau,CBD,-1.380514,36.905837,-1.291269,36.82298,13.54,Mombasa Road,1.59,2,31.4,21.7,27.5,7.3,True,4.4,0.791,8,23,400,False,839,moderate,moderate,False,,0.6425
B00387,P0193,C0139,cleaner,2024-12-02 12:45,Monday,weekday,12,midday,Industrial Area,Runda,-1.298218,36.849992,-1.202722,36.8048,11.75,Mombasa Road,2.13,4,23.5,29.5,36.7,9.6,True,4.1,0.77,6,25,144,True,807,poor,good,True,4.9,0.8046
B00388,P0179,C0485,cleaner,2024-01-24 12:24,Wednesday,weekday,12,midday,Githurai,Muthaiga,-1.196084,36.901156,-1.251257,36.835343,9.55,Thika Road,2.09,4,23.9,25.7,24.3,0.7,True,5.0,0.821,13,18,702,True,815,poor,good,True,4.9,0.9525
B00389,P0157,C0278,cleaner,2024-09-26 10:54,Thursday,weekday,10,mid_morning,Roysambu,Hurlingham,-1.213324,36.857954,-1.28795,36.786781,11.47,Thika Road,2.31,4,21.6,28.5,24.7,2.2,True,3.7,0.948,6,10,216,True,857,moderate,good,True,3.9,0.9209
B00390,P0148,C0407,technician,2024-01-17 10:16,Wednesday,weekday,10,mid_morning,Kileleshwa,Karen,-1.273235,36.790198,-1.329536,36.709101,10.98,Uhuru Highway,2.25,4,22.2,31.9,38.3,7.9,True,3.3,0.88,7,23,329,True,1141,good,good,True,2.9,0.8242
B00391,P0054,C0404,cleaner,2024-03-24 09:16,Sunday,weekend,9,mid_morning,Ruiru,Runda,-1.144993,36.950231,-1.219774,36.811551,17.52,Thika Road,1.44,1,34.7,31.3,34.6,3.6,True,3.6,0.857,8,44,248,True,336,poor,good,True,3.2,0.9283
B00392,P0176,C0042,electrician,2024-11-01 12:27,Friday,weekday,12,midday,Lavington,Lavington,-1.274096,36.757864,-1.275795,36.761312,0.43,Uhuru Highway,1.88,3,26.6,0.9,1.0,2.5,True,4.5,0.8,19,13,855,False,1087,good,good,False,,0.6688
B00393,P0159,C0451,plumber,2024-08-22 11:05,Thursday,weekday,11,midday,Eastleigh,Syokimau,-1.276563,36.8629,-1.374186,36.904116,11.78,Jogoo Road,1.71,2,29.2,26.4,31.3,6.3,True,4.0,0.737,17,35,884,True,1202,poor,moderate,True,4.1,0.8442
B00394,P0086,C0377,electrician,2024-02-10 09:25,Saturday,weekend,9,mid_morning,Rongai,Kikuyu,-1.399737,36.737186,-1.256697,36.672563,17.45,Langata Road,1.32,1,37.9,25.9,24.2,0.8,True,4.3,0.749,12,26,612,True,1339,poor,poor,True,4.0,0.9422
B00395,P0015,C0264,carpenter,2024-01-21 14:14,Sunday,weekend,14,early_afternoon,Spring Valley,South C,-1.252873,36.746484,-1.31951,36.793146,9.04,Waiyaki Way,1.28,1,39.1,13.3,12.7,5.3,True,5.0,0.944,19,30,1083,True,658,good,moderate,True,5.0,1.0
B00396,P0173,C0187,electrician,2024-07-23 17:58,Tuesday,weekday,17,evening_rush,Eastleigh,Kitengela,-1.283129,36.849829,-1.479275,36.954992,24.75,Jogoo Road,3.57,9,14.0,137.2,149.6,12.9,True,4.4,0.726,7,35,427,True,946,poor,poor,True,4.3,0.6549
B00397,P0014,C0057,electrician,2024-12-17 07:26,Tuesday,weekday,7,morning_rush,Embakasi,Athi River,-1.309393,36.91238,-1.45826,36.994492,18.9,Mombasa Road,4.0,10,12.5,95.5,121.2,26.3,False,3.4,0.925,19,9,836,True,551,moderate,poor,True,3.0,0.4083
B00398,P0099,C0188,plumber,2025-01-15 07:48,Wednesday,weekday,7,morning_rush,Roysambu,Lavington,-1.221829,36.868602,-1.281182,36.781206,11.75,Thika Road,4.0,10,12.5,63.2,72.5,9.6,True,3.1,0.917,11,10,330,True,711,moderate,good,False,,0.4285
B00399,P0120,C0317,plumber,2024-09-06 15:39,Friday,weekday,15,early_afternoon,Industrial Area,Kileleshwa,-1.305578,36.856668,-1.278972,36.773732,9.68,Mombasa Road,2.13,4,23.5,26.2,32.1,6.1,True,4.4,0.869,14,27,924,True,731,poor,good,True,4.3,0.8983
B00400,P0011,C0188,plumber,2024-04-23 11:27,Tuesday,weekday,11,midday,Kitengela,Lavington,-1.461571,36.951166,-1.281182,36.781206,27.56,Mombasa Road,2.13,4,23.5,58.0,65.6,8.5,True,3.5,0.741,16,28,768,True,1242,poor,good,True,2.7,0.7693
B00401,P0094,C0090,electrician,2024-02-16 17:29,Friday,weekday,17,evening_rush,Gigiri,Parklands,-1.216758,36.821188,-1.26933,36.823526,5.85,Forest Road,3.67,9,13.6,30.9,40.3,10.9,True,3.6,0.922,3,16,108,True,1414,good,good,True,3.4,0.7216
B00402,P0166,C0287,electrician,2025-01-23 14:45,Thursday,weekday,14,early_afternoon,Upper Hill,Kileleshwa,-1.284545,36.821501,-1.278036,36.784835,4.14,Uhuru Highway,2.1,4,23.8,7.9,7.5,1.4,True,3.9,0.944,14,36,1022,True,745,good,good,True,3.6,0.9523
B00403,P0181,C0035,carpenter,2024-05-30 15:49,Thursday,weekday,15,early_afternoon,Eastleigh,Industrial Area,-1.285983,36.842261,-1.314323,36.851664,3.32,Jogoo Road,1.94,3,25.8,7.5,9.6,3.4,True,4.1,0.796,2,32,106,True,664,poor,poor,True,4.0,0.8845
B00404,P0144,C0364,technician,2024-02-17 16:02,Saturday,weekend,16,evening_rush,Upper Hill,Syokimau,-1.311202,36.814634,-1.37491,36.911874,12.92,Uhuru Highway,2.59,5,19.3,41.5,49.7,11.1,True,4.2,0.845,7,15,301,False,1260,good,moderate,True,4.8,0.7978
B00405,P0199,C0105,electrician,2025-05-29 12:37,Thursday,weekday,12,midday,Muthaiga,Kileleshwa,-1.249154,36.824128,-1.283186,36.768307,7.27,Forest Road,1.7,2,29.4,10.1,10.5,5.6,True,2.9,0.957,2,25,158,False,823,good,good,True,2.2,0.9058
B00406,P0036,C0172,electrician,2024-11-20 09:50,Wednesday,weekday,9,mid_morning,Syokimau,Dagoretti,-1.369792,36.909296,-1.299429,36.735693,20.82,Mombasa Road,2.25,4,22.2,67.8,71.2,4.1,True,5.0,0.905,9,25,693,False,1058,moderate,poor,True,4.7,0.9533
B00407,P0062,C0277,electrician,2025-04-02 12:27,Wednesday,weekday,12,midday,Runda,Industrial Area,-1.210904,36.813098,-1.305546,36.849682,11.28,Kiambu Road,1.65,2,30.3,19.4,20.2,5.0,True,4.1,0.957,10,36,530,True,1029,good,poor,True,3.9,0.9748
B00408,P0030,C0333,technician,2024-09-10 15:31,Tuesday,weekday,15,early_afternoon,Dagoretti,Syokimau,-1.288754,36.734235,-1.372567,36.892667,19.93,Uhuru Highway,2.1,4,23.8,51.6,66.6,17.8,False,4.9,0.751,12,34,816,False,1451,poor,moderate,False,,0.3692
B00409,P0123,C0378,technician,2025-04-16 14:57,Wednesday,weekday,14,early_afternoon,South C,Githurai,-1.304593,36.805869,-1.177054,36.9103,18.33,Langata Road,1.89,3,26.5,35.0,38.4,5.5,True,4.0,0.913,17,10,901,False,888,moderate,poor,True,3.8,0.9245
B00410,P0193,C0298,cleaner,2025-05-30 15:23,Friday,weekday,15,early_afternoon,Industrial Area,Kikuyu,-1.298218,36.849992,-1.237125,36.652618,22.97,Mombasa Road,2.13,4,23.5,62.6,68.9,7.1,True,4.1,0.77,6,25,144,True,807,poor,poor,True,4.2,0.8254
B00411,P0180,C0108,technician,2024-08-21 12:33,Wednesday,weekday,12,midday,Upper Hill,Karen,-1.303674,36.816618,-1.313554,36.707321,12.2,Uhuru Highway,1.88,3,26.6,28.0,31.1,3.4,True,4.3,0.987,16,44,544,True,1558,good,good,True,4.9,0.9948
B00412,P0193,C0382,cleaner,2024-07-07 12:13,Sunday,weekend,12,midday,Industrial Area,Roysambu,-1.298218,36.849992,-1.208135,36.863414,10.13,Mombasa Road,1.39,1,36.0,15.6,18.8,5.6,True,4.1,0.77,6,25,144,True,807,poor,moderate,False,,0.6471
B00413,P0195,C0116,plumber,2024-04-21 18:18,Sunday,weekend,18,evening_rush,Kilimani,Kikuyu,-1.295888,36.78464,-1.257825,36.655881,14.93,Uhuru Highway,2.59,5,19.3,47.6,45.3,0.6,True,4.3,0.89,9,15,252,False,883,good,poor,True,4.0,0.9128
B00414,P0083,C0181,carpenter,2025-01-15 12:30,Wednesday,weekday,12,midday,Roysambu,Gigiri,-1.197099,36.88354,-1.213521,36.815262,7.81,Thika Road,2.09,4,23.9,23.1,27.2,4.5,True,4.6,0.861,3,33,213,False,529,moderate,good,False,,0.6708
B00415,P0069,C0258,plumber,2025-01-16 16:30,Thursday,weekday,16,evening_rush,Embakasi,Embakasi,-1.326504,36.886816,-1.321308,36.898818,1.45,Mombasa Road,4.0,10,12.5,6.9,9.3,4.8,True,4.5,0.938,11,8,869,True,873,moderate,moderate,False,,0.549
B00416,P0175,C0217,plumber,2024-05-28 14:58,Tuesday,weekday,14,early_afternoon,Githurai,Ngong,-1.187395,36.89935,-1.368109,36.663556,33.03,Thika Road,2.18,4,22.9,85.4,98.2,25.3,False,5.0,0.725,19,21,969,True,1101,poor,poor,True,4.7,0.5423
B00417,P0071,C0028,cleaner,2024-06-21 13:31,Friday,weekday,13,midday,Syokimau,Ruiru,-1.372822,36.900737,-1.14115,36.95002,26.34,Mombasa Road,2.13,4,23.5,63.0,60.1,0.0,True,4.0,0.902,4,35,212,False,755,moderate,poor,True,4.5,0.9456
B00418,P0017,C0191,carpenter,2025-03-15 15:37,Saturday,weekend,15,early_afternoon,Parklands,Parklands,-1.265137,36.832357,-1.261001,36.82814,0.66,Forest Road,1.16,1,43.1,0.8,1.0,2.4,True,3.8,0.979,7,16,238,True,1016,good,good,False,,0.7817
B00419,P0089,C0232,electrician,2025-06-03 15:31,Tuesday,weekday,15,early_afternoon,Hurlingham,Syokimau,-1.295309,36.794384,-1.374822,36.890039,13.83,Ngong Road,2.03,3,24.6,37.8,42.2,5.2,True,4.4,0.847,15,21,855,False,1226,good,moderate,True,3.9,0.9028
B00420,P0125,C0257,carpenter,2024-08-22 16:36,Thursday,weekday,16,evening_rush,CBD,Githurai,-1.289186,36.82843,-1.190279,36.889396,12.92,Uhuru Highway,4.0,10,12.5,54.7,60.9,9.9,True,4.2,0.775,18,40,810,False,627,moderate,poor,True,3.9,0.66
B00421,P0135,C0425,electrician,2025-01-08 07:16,Wednesday,weekday,7,morning_rush,Muthaiga,Embakasi,-1.24462,36.826256,-1.329216,36.900372,12.5,Forest Road,3.15,7,15.9,49.7,53.8,4.4,True,3.5,0.821,11,10,242,True,1068,good,moderate,True,3.6,0.7618
B00422,P0032,C0241,cleaner,2024-03-02 08:35,Saturday,weekend,8,morning_rush,Gigiri,Kikuyu,-1.218323,36.820818,-1.240339,36.652003,18.93,Forest Road,2.21,4,22.6,68.9,71.9,11.3,True,4.8,0.979,15,10,690,False,551,good,poor,True,5.0,0.9235
B00423,P0182,C0273,electrician,2025-05-09 13:44,Friday,weekday,13,midday,Athi River,Athi River,-1.450424,36.986851,-1.466518,37.004193,2.63,Mombasa Road,2.13,4,23.5,7.2,9.1,6.3,True,4.0,0.826,17,35,442,True,676,poor,poor,False,,0.6051
B00424,P0174,C0423,cleaner,2024-09-24 08:14,Tuesday,weekday,8,morning_rush,Rongai,South C,-1.385961,36.747354,-1.309305,36.790216,9.77,Langata Road,3.3,8,15.2,44.4,52.9,12.4,True,3.9,0.87,15,26,705,True,624,poor,moderate,False,,0.4777
B00425,P0137,C0461,technician,2025-01-07 10:54,Tuesday,weekday,10,mid_morning,South C,Kilimani,-1.326641,36.801857,-1.290678,36.768124,5.48,Langata Road,2.03,3,24.6,13.5,16.0,5.6,True,4.4,0.817,7,12,462,True,794,moderate,good,True,3.9,0.8844
B00426,P0075,C0232,carpenter,2024-09-22 12:05,Sunday,weekend,12,midday,Kikuyu,Syokimau,-1.245138,36.66463,-1.374822,36.890039,28.91,Waiyaki Way,1.23,1,40.7,39.8,48.5,13.4,True,5.0,0.861,9,42,189,True,655,poor,moderate,False,,0.6854
B00427,P0159,C0189,plumber,2025-01-19 13:24,Sunday,weekend,13,midday,Eastleigh,Muthaiga,-1.276563,36.8629,-1.247897,36.833486,4.57,Jogoo Road,1.13,0,44.2,7.8,10.0,4.0,True,4.0,0.737,17,35,884,True,1202,poor,good,True,3.4,0.9098
B00428,P0173,C0485,electrician,2025-04-06 13:33,Sunday,weekend,13,midday,Eastleigh,Muthaiga,-1.283129,36.849829,-1.251257,36.835343,3.89,Jogoo Road,1.13,0,44.2,5.3,5.7,1.8,True,4.4,0.726,7,35,427,True,946,poor,good,False,,0.6926
B00429,P0178,C0415,electrician,2024-03-03 15:05,Sunday,weekend,15,early_afternoon,Eastleigh,South B,-1.282287,36.844486,-1.315701,36.816905,4.82,Jogoo Road,1.18,1,42.4,6.1,7.4,15.1,False,5.0,0.888,5,35,145,True,859,poor,moderate,True,4.8,0.7888
B00430,P0017,C0097,carpenter,2024-09-08 14:27,Sunday,weekend,14,early_afternoon,Parklands,Parklands,-1.265137,36.832357,-1.254462,36.813503,2.41,Forest Road,1.16,1,43.1,4.4,4.3,4.6,True,3.8,0.979,7,16,238,True,1016,good,good,True,3.9,1.0
B00431,P0118,C0045,cleaner,2024-01-12 16:05,Friday,weekday,16,evening_rush,Syokimau,Roysambu,-1.375522,36.898831,-1.199811,36.881373,19.63,Mombasa Road,4.0,10,12.5,91.4,99.3,8.8,True,4.0,0.883,12,22,552,True,781,moderate,moderate,True,4.2,0.7132
B00432,P0021,C0201,technician,2024-01-07 10:15,Sunday,weekend,10,mid_morning,Kasarani,Upper Hill,-1.234208,36.887013,-1.295557,36.813935,10.61,Thika Road,1.44,1,34.7,18.4,22.8,4.6,True,4.3,0.918,11,35,693,True,1319,moderate,good,True,4.0,0.9855
B00433,P0046,C0148,cleaner,2024-11-08 13:52,Friday,weekday,13,midday,Rongai,Gigiri,-1.390957,36.7597,-1.224726,36.798467,18.98,Langata Road,1.75,2,28.6,41.6,38.4,1.6,True,3.4,0.843,12,33,360,True,781,poor,good,True,3.6,0.9032
B00434,P0020,C0056,technician,2024-11-06 12:37,Wednesday,weekday,12,midday,Runda,Hurlingham,-1.220161,36.809549,-1.28927,36.786475,8.1,Kiambu Road,1.65,2,30.3,14.9,14.3,1.9,True,4.7,0.833,9,33,594,True,1224,good,good,True,5.0,0.9687
B00435,P0043,C0142,electrician,2025-01-30 07:53,Thursday,weekday,7,morning_rush,Eastleigh,Gigiri,-1.275323,36.859659,-1.212641,36.816808,8.44,Jogoo Road,3.43,8,14.6,39.2,52.9,15.3,False,4.8,0.787,8,34,480,True,1039,poor,good,False,,0.2966
B00436,P0029,C0357,electrician,2024-04-28 12:13,Sunday,weekend,12,midday,Industrial Area,CBD,-1.308364,36.858956,-1.276654,36.814237,6.09,Mombasa Road,1.39,1,36.0,9.7,13.1,8.4,True,5.0,0.886,16,32,1120,True,946,poor,moderate,False,,0.7268
B00437,P0038,C0255,cleaner,2024-02-15 12:29,Thursday,weekday,12,midday,Kitengela,Westlands,-1.478252,36.974953,-1.264493,36.815434,29.65,Mombasa Road,2.13,4,23.5,95.1,108.7,15.5,False,3.1,0.788,15,39,930,False,443,poor,good,True,3.0,0.5644
B00438,P0039,C0448,electrician,2024-04-02 10:09,Tuesday,weekday,10,mid_morning,Spring Valley,Runda,-1.278278,36.738872,-1.210032,36.796905,9.96,Waiyaki Way,2.13,4,23.5,26.4,25.9,3.3,True,4.5,0.924,2,10,158,False,1205,good,good,False,,0.7041
B00439,P0053,C0267,electrician,2025-05-13 13:02,Tuesday,weekday,13,midday,Syokimau,Rongai,-1.355438,36.894191,-1.388463,36.736469,17.91,Mombasa Road,2.13,4,23.5,48.6,62.3,14.5,True,4.6,0.768,3,32,108,True,841,moderate,poor,True,4.4,0.7878
B00440,P0161,C0012,cleaner,2025-01-24 08:08,Friday,weekday,8,morning_rush,Dagoretti,Dagoretti,-1.301444,36.756457,-1.284733,36.758086,1.87,Uhuru Highway,3.58,9,14.0,6.7,6.2,4.3,True,4.0,0.762,12,41,924,True,473,poor,poor,False,,0.4738
B00441,P0076,C0214,plumber,2024-07-24 12:27,Wednesday,weekday,12,midday,Syokimau,Westlands,-1.380514,36.905837,-1.260173,36.818928,16.5,Mombasa Road,2.13,4,23.5,35.8,47.3,12.0,True,4.4,0.791,8,23,400,False,839,moderate,good,True,4.0,0.8101
B00442,P0175,C0278,plumber,2024-07-09 12:36,Tuesday,weekday,12,midday,Githurai,Hurlingham,-1.187395,36.89935,-1.28795,36.786781,16.78,Thika Road,2.09,4,23.9,41.2,49.4,10.6,True,5.0,0.725,19,21,969,True,1101,poor,good,True,4.5,0.822
B00443,P0034,C0243,electrician,2024-11-28 12:13,Thursday,weekday,12,midday,Ruiru,Eastleigh,-1.147348,36.960424,-1.271758,36.848079,18.64,Thika Road,2.09,4,23.9,51.8,63.7,18.6,False,4.7,0.756,12,21,348,True,1449,poor,poor,True,3.9,0.6058
B00444,P0089,C0216,electrician,2024-12-03 14:36,Tuesday,weekday,14,early_afternoon,Hurlingham,South C,-1.295309,36.794384,-1.325066,36.795276,3.31,Ngong Road,2.03,3,24.6,7.9,8.6,2.5,True,4.4,0.847,15,21,855,False,1226,good,moderate,False,,0.6753
B00445,P0114,C0378,cleaner,2025-02-08 17:50,Saturday,weekend,17,evening_rush,Githurai,Githurai,-1.17431,36.888295,-1.177054,36.9103,2.47,Thika Road,2.64,5,18.9,8.0,7.8,4.3,True,3.8,0.766,7,19,357,True,551,poor,poor,True,3.3,0.791
B00446,P0166,C0011,electrician,2025-04-11 18:45,Friday,weekday,18,evening_rush,Upper Hill,Athi River,-1.284545,36.821501,-1.461377,36.999531,27.9,Uhuru Highway,4.0,10,12.5,153.9,151.4,0.4,True,3.9,0.944,14,36,1022,True,745,good,poor,True,3.8,0.8087
B00447,P0075,C0097,carpenter,2024-07-07 08:58,Sunday,weekend,8,morning_rush,Kikuyu,Parklands,-1.245138,36.66463,-1.254462,36.813503,16.58,Waiyaki Way,2.2,4,22.7,44.9,54.5,9.9,True,5.0,0.861,9,42,189,True,655,poor,good,True,5.0,0.887
B00448,P0017,C0012,carpenter,2024-05-26 08:17,Sunday,weekend,8,morning_rush,Parklands,Dagoretti,-1.265137,36.832357,-1.284733,36.758086,8.54,Forest Road,2.21,4,22.6,26.0,25.5,13.3,True,3.8,0.979,7,16,238,True,1016,good,poor,True,4.4,0.8569
B00449,P0060,C0428,electrician,2024-01-06 08:17,Saturday,weekend,8,morning_rush,Gigiri,Kilimani,-1.235984,36.813546,-1.303171,36.775995,8.56,Forest Road,2.21,4,22.6,26.7,26.0,0.4,True,3.1,0.846,5,25,175,True,547,good,good,True,3.2,0.8629
B00450,P0134,C0331,plumber,2024-08-10 07:00,Saturday,weekend,7,morning_rush,Syokimau,Langata,-1.356084,36.892391,-1.342853,36.746206,16.32,Mombasa Road,2.67,6,18.7,53.1,69.3,18.0,False,3.5,0.955,12,13,852,True,696,moderate,moderate,True,3.8,0.6039
B00451,P0086,C0211,electrician,2024-08-19 15:39,Monday,weekday,15,early_afternoon,Rongai,Karen,-1.399737,36.737186,-1.31517,36.711486,9.83,Langata Road,1.89,3,26.5,24.3,31.4,8.6,True,4.3,0.749,12,26,612,True,1339,poor,good,True,4.4,0.8316
B00452,P0149,C0176,technician,2024-12-31 08:54,Tuesday,weekday,8,morning_rush,South B,Karen,-1.32145,36.814943,-1.30978,36.70083,12.75,Uhuru Highway,3.58,9,14.0,59.4,62.0,2.7,True,3.7,0.959,3,38,72,True,1667,moderate,good,True,3.0,0.8206
B00453,P0168,C0331,carpenter,2025-01-14 11:43,Tuesday,weekday,11,midday,Spring Valley,Langata,-1.272247,36.7353,-1.342853,36.746206,7.94,Waiyaki Way,1.88,3,26.6,13.4,11.9,0.1,True,3.6,0.97,19,32,1026,True,535,good,moderate,True,3.3,0.9788
B00454,P0084,C0249,technician,2024-12-05 14:34,Thursday,weekday,14,early_afternoon,Eastleigh,Hurlingham,-1.261233,36.851061,-1.309621,36.796608,8.1,Jogoo Road,1.94,3,25.8,20.4,22.6,3.1,True,4.9,0.823,15,26,705,True,758,poor,good,True,4.6,0.9405
B00455,P0152,C0341,plumber,2025-06-18 17:31,Wednesday,weekday,17,evening_rush,Kilimani,Eastleigh,-1.299509,36.788374,-1.265804,36.861585,8.96,Uhuru Highway,4.0,10,12.5,40.8,41.5,10.5,True,3.9,0.983,19,27,1292,False,504,good,poor,True,3.1,0.744
B00456,P0179,C0272,cleaner,2025-03-01 10:42,Saturday,weekend,10,mid_morning,Githurai,South B,-1.196084,36.901156,-1.322602,36.823062,16.53,Thika Road,1.44,1,34.7,30.1,32.8,4.7,True,5.0,0.821,13,18,702,True,815,poor,moderate,True,5.0,0.9711
B00457,P0141,C0228,carpenter,2025-01-21 10:37,Tuesday,weekday,10,mid_morning,CBD,Kasarani,-1.283127,36.824297,-1.217424,36.906597,11.71,Uhuru Highway,2.25,4,22.2,35.3,42.1,8.0,True,4.7,0.952,6,33,240,False,1049,moderate,moderate,True,4.9,0.9293
B00458,P0118,C0156,cleaner,2024-10-02 07:05,Wednesday,weekday,7,morning_rush,Syokimau,Kileleshwa,-1.375522,36.898831,-1.272746,36.786855,16.9,Mombasa Road,4.0,10,12.5,85.1,110.2,29.8,False,4.0,0.883,12,22,552,True,781,moderate,good,True,3.3,0.3882
B00459,P0146,C0068,electrician,2024-09-03 11:01,Tuesday,weekday,11,midday,Embakasi,Eastleigh,-1.323622,36.89238,-1.272101,36.85771,6.9,Mombasa Road,2.13,4,23.5,18.1,20.4,2.6,True,5.0,0.807,14,19,476,True,630,moderate,poor,True,5.0,0.9264
B00460,P0079,C0088,cleaner,2025-05-23 17:52,Friday,weekday,17,evening_rush,Kikuyu,Kikuyu,-1.261245,36.651334,-1.251358,36.670042,2.35,Waiyaki Way,3.77,9,13.3,11.8,11.7,2.0,True,4.6,0.899,3,9,111,True,889,poor,poor,False,,0.5762
B00461,P0067,C0117,carpenter,2025-03-17 15:33,Monday,weekday,15,early_afternoon,Runda,Karen,-1.203143,36.802115,-1.330083,36.721055,16.75,Kiambu Road,1.64,2,30.5,37.5,43.6,8.5,True,3.2,0.784,16,33,384,True,966,good,good,False,,0.565
B00462,P0124,C0191,technician,2024-10-27 12:52,Sunday,weekend,12,midday,CBD,Parklands,-1.268836,36.820416,-1.261001,36.82814,1.22,Uhuru Highway,1.31,1,38.2,1.9,2.1,4.7,True,4.3,0.771,4,19,216,True,1178,moderate,good,False,,0.6715
B00463,P0074,C0395,cleaner,2024-09-23 08:36,Monday,weekday,8,morning_rush,Hurlingham,Hurlingham,-1.307168,36.802508,-1.303798,36.794935,0.92,Ngong Road,3.71,9,13.5,3.9,4.5,5.4,True,5.0,0.97,14,9,644,True,816,good,good,True,3.9,0.8582
B00464,P0013,C0076,electrician,2025-04-07 16:30,Monday,weekday,16,evening_rush,Kitengela,Lavington,-1.481718,36.963337,-1.292151,36.777384,29.52,Mombasa Road,4.0,10,12.5,123.2,129.0,9.9,True,3.9,0.889,8,40,512,True,1036,poor,good,True,3.9,0.702
B00465,P0091,C0146,cleaner,2024-12-03 12:01,Tuesday,weekday,12,midday,Syokimau,Gigiri,-1.368545,36.906893,-1.23352,36.818168,17.96,Mombasa Road,2.13,4,23.5,43.4,42.9,8.2,True,4.8,0.949,9,33,459,False,743,moderate,good,True,5.0,0.9408
B00466,P0117,C0490,technician,2024-07-29 13:44,Monday,weekday,13,midday,Dagoretti,South C,-1.304001,36.758584,-1.326793,36.790486,4.36,Uhuru Highway,1.88,3,26.6,10.5,9.5,2.1,True,4.0,0.833,6,23,468,False,860,poor,moderate,False,,0.6636
B00467,P0043,C0317,electrician,2025-04-06 13:12,Sunday,weekend,13,midday,Eastleigh,Kileleshwa,-1.275323,36.859659,-1.278972,36.773732,9.56,Jogoo Road,1.13,0,44.2,14.9,17.1,3.7,True,4.8,0.787,8,34,480,True,1039,poor,good,False,,0.7273
B00468,P0042,C0365,electrician,2025-03-03 07:56,Monday,weekday,7,morning_rush,Runda,Spring Valley,-1.206172,36.812074,-1.272178,36.752758,9.87,Kiambu Road,3.05,7,16.4,28.5,32.9,5.2,True,3.6,0.884,5,28,395,True,513,good,good,True,3.4,0.7997
B00469,P0138,C0147,cleaner,2024-02-21 07:25,Wednesday,weekday,7,morning_rush,Ruiru,Westlands,-1.130056,36.960788,-1.262822,36.811016,22.25,Thika Road,4.0,10,12.5,105.0,137.0,32.5,False,4.8,0.815,4,9,276,True,318,poor,good,False,,0.1217
B00470,P0047,C0499,plumber,2024-05-26 16:17,Sunday,weekend,16,evening_rush,Hurlingham,Kasarani,-1.296707,36.799823,-1.215307,36.907158,14.98,Ngong Road,2.6,5,19.2,48.9,47.5,0.3,True,5.0,0.962,10,7,630,True,956,good,moderate,True,4.8,0.9855
B00471,P0045,C0430,carpenter,2025-04-22 14:38,Tuesday,weekday,14,early_afternoon,Dagoretti,Gigiri,-1.293654,36.741826,-1.218529,36.811607,11.4,Uhuru Highway,2.1,4,23.8,28.2,35.7,8.1,True,4.7,0.781,19,17,1425,True,1141,poor,good,True,4.6,0.855
B00472,P0182,C0355,electrician,2024-06-20 11:05,Thursday,weekday,11,midday,Athi River,Westlands,-1.450424,36.986851,-1.27324,36.796631,28.9,Mombasa Road,2.13,4,23.5,80.2,107.4,28.3,False,4.0,0.826,17,35,442,True,676,poor,good,True,4.0,0.5218
B00473,P0171,C0407,plumber,2024-11-10 13:11,Sunday,weekend,13,midday,Kilimani,Karen,-1.29787,36.771599,-1.329536,36.709101,7.79,Uhuru Highway,1.31,1,38.2,10.7,11.1,2.4,True,4.9,0.924,15,30,510,True,1293,good,good,True,5.0,1.0
B00474,P0040,C0083,plumber,2024-07-10 14:05,Wednesday,weekday,14,early_afternoon,Kileleshwa,Westlands,-1.285552,36.778547,-1.271411,36.813938,4.24,Uhuru Highway,2.1,4,23.8,12.1,14.6,8.3,True,3.5,0.988,10,38,450,True,1000,good,good,True,4.1,0.8968
B00475,P0061,C0060,technician,2024-09-29 15:39,Sunday,weekend,15,early_afternoon,Hurlingham,Hurlingham,-1.313263,36.795445,-1.295253,36.792516,2.03,Ngong Road,1.37,1,36.5,3.3,3.7,2.1,True,3.8,0.867,9,11,288,False,1097,good,good,True,3.5,0.9614
B00476,P0011,C0163,plumber,2024-11-10 08:28,Sunday,weekend,8,morning_rush,Kitengela,Kitengela,-1.461571,36.951166,-1.485599,36.955497,2.71,Mombasa Road,2.67,6,18.7,8.2,9.0,3.1,True,3.5,0.741,16,28,768,True,1242,poor,poor,True,3.4,0.7711
B00477,P0148,C0065,technician,2024-08-07 13:05,Wednesday,weekday,13,midday,Kileleshwa,Spring Valley,-1.273235,36.790198,-1.264599,36.737827,5.9,Uhuru Highway,1.88,3,26.6,14.4,18.0,3.9,True,3.3,0.88,7,23,329,True,1141,good,good,True,2.9,0.8871
B00478,P0113,C0134,carpenter,2025-05-28 08:42,Wednesday,weekday,8,morning_rush,Eastleigh,CBD,-1.285759,36.862408,-1.287174,36.81591,5.17,Jogoo Road,3.43,8,14.6,19.3,22.5,4.6,True,4.9,0.731,9,21,279,True,540,poor,moderate,False,,0.5128
B00479,P0095,C0095,plumber,2024-09-27 17:21,Friday,weekday,17,evening_rush,Spring Valley,Kitengela,-1.277903,36.744602,-1.480567,36.962359,33.07,Waiyaki Way,3.77,9,13.3,134.6,147.4,13.0,True,3.9,0.847,12,33,672,True,967,good,poor,True,3.7,0.6736
B00480,P0053,C0288,electrician,2024-12-21 07:38,Saturday,weekend,7,morning_rush,Syokimau,Hurlingham,-1.355438,36.894191,-1.305317,36.796715,12.19,Mombasa Road,2.67,6,18.7,30.6,37.4,8.7,True,4.6,0.768,3,32,108,True,841,moderate,good,True,4.6,0.7929
B00481,P0182,C0018,electrician,2025-04-10 18:15,Thursday,weekday,18,evening_rush,Athi River,Kitengela,-1.450424,36.986851,-1.479626,36.949987,5.23,Mombasa Road,4.0,10,12.5,23.8,20.9,2.7,True,4.0,0.826,17,35,442,True,676,poor,poor,True,3.9,0.7355
B00482,P0171,C0163,plumber,2024-08-04 15:30,Sunday,weekend,15,early_afternoon,Kilimani,Kitengela,-1.29787,36.771599,-1.485599,36.955497,29.22,Uhuru Highway,1.35,1,37.0,38.0,38.7,7.4,True,4.9,0.924,15,30,510,True,1293,good,poor,False,,0.7523
B00483,P0089,C0076,electrician,2025-06-18 09:04,Wednesday,weekday,9,mid_morning,Hurlingham,Lavington,-1.295309,36.794384,-1.292151,36.777384,1.92,Ngong Road,2.08,4,24.0,5.1,6.8,4.6,True,4.4,0.847,15,21,855,False,1226,good,good,True,4.2,0.9038
B00484,P0096,C0230,technician,2024-08-13 08:01,Tuesday,weekday,8,morning_rush,Dagoretti,Kasarani,-1.288134,36.742623,-1.218038,36.90268,19.43,Uhuru Highway,3.58,9,14.0,91.7,93.0,3.4,True,4.6,0.889,17,42,510,True,1253,poor,moderate,False,,0.5748
B00485,P0139,C0500,technician,2024-06-30 09:49,Sunday,weekend,9,mid_morning,Parklands,Westlands,-1.251758,36.82097,-1.255507,36.802963,2.04,Forest Road,1.21,1,41.3,2.5,2.6,9.1,True,4.2,0.905,10,14,480,True,1333,good,good,True,4.1,0.9549
B00486,P0042,C0274,electrician,2025-05-04 07:28,Sunday,weekend,7,morning_rush,Runda,Roysambu,-1.206172,36.812074,-1.219255,36.863417,5.89,Kiambu Road,2.02,3,24.8,15.9,18.9,9.1,True,3.6,0.884,5,28,395,True,513,good,moderate,True,4.2,0.8496
B00487,P0078,C0063,plumber,2024-12-16 09:24,Monday,weekday,9,mid_morning,Spring Valley,Githurai,-1.275279,36.740173,-1.177365,36.907348,21.54,Waiyaki Way,2.13,4,23.5,51.8,52.5,4.7,True,4.2,0.881,10,6,270,True,1363,good,poor,False,,0.6559
B00488,P0007,C0208,plumber,2024-09-27 08:51,Friday,weekday,8,morning_rush,Industrial Area,Githurai,-1.295756,36.837346,-1.190049,36.909318,14.22,Mombasa Road,4.0,10,12.5,69.8,87.3,32.1,False,4.8,0.813,3,17,234,True,1096,poor,poor,True,4.1,0.374
B00489,P0128,C0394,electrician,2024-12-18 10:46,Wednesday,weekday,10,mid_morning,Ruiru,Embakasi,-1.143862,36.976006,-1.320358,36.911613,20.89,Thika Road,2.31,4,21.6,57.6,66.9,11.2,True,3.9,0.843,19,39,1501,True,859,poor,moderate,False,,0.5534
B00490,P0038,C0486,cleaner,2024-11-24 09:13,Sunday,weekend,9,mid_morning,Kitengela,Roysambu,-1.478252,36.974953,-1.219694,36.863585,31.3,Mombasa Road,1.59,2,31.4,43.1,56.6,13.7,True,3.1,0.788,15,39,930,False,443,poor,moderate,True,2.4,0.7726
B00491,P0118,C0476,cleaner,2024-03-24 11:46,Sunday,weekend,11,midday,Syokimau,Industrial Area,-1.375522,36.898831,-1.303291,36.857799,9.24,Mombasa Road,1.39,1,36.0,14.8,14.9,1.5,True,4.0,0.883,12,22,552,True,781,moderate,poor,True,4.7,0.9828
B00492,P0082,C0080,cleaner,2024-10-11 16:47,Friday,weekday,16,evening_rush,Eastleigh,Syokimau,-1.282442,36.857907,-1.372052,36.902656,11.14,Jogoo Road,3.57,9,14.0,42.0,51.4,15.2,False,4.6,0.888,3,15,129,False,690,poor,moderate,True,5.0,0.5767
B00493,P0002,C0497,technician,2025-06-17 15:47,Tuesday,weekday,15,early_afternoon,Langata,Embakasi,-1.330429,36.75935,-1.319356,36.905366,16.28,Ngong Road,2.03,3,24.6,42.2,49.6,9.3,True,4.4,0.947,13,12,481,False,958,moderate,moderate,True,4.4,0.9186
B00494,P0190,C0280,technician,2025-04-23 16:34,Wednesday,weekday,16,evening_rush,Ngong,Athi River,-1.349406,36.65827,-1.465718,37.003749,40.52,Ngong Road,4.0,10,12.5,191.1,194.4,3.9,True,3.8,0.809,15,38,465,True,974,poor,poor,False,,0.457
B00495,P0130,C0170,electrician,2024-08-14 17:06,Wednesday,weekday,17,evening_rush,Muthaiga,Kilimani,-1.261506,36.849263,-1.283485,36.771035,9.03,Forest Road,3.67,9,13.6,34.0,33.0,2.6,True,4.8,0.972,2,26,126,True,1371,good,good,True,4.6,0.8757
B00496,P0166,C0362,electrician,2024-06-15 14:02,Saturday,weekend,14,early_afternoon,Upper Hill,Westlands,-1.284545,36.821501,-1.272629,36.800067,2.73,Uhuru Highway,1.35,1,37.0,4.2,4.8,0.9,True,3.9,0.944,14,36,1022,True,745,good,good,True,4.6,1.0
B00497,P0076,C0243,plumber,2025-01-16 12:29,Thursday,weekday,12,midday,Syokimau,Eastleigh,-1.380514,36.905837,-1.271758,36.848079,13.69,Mombasa Road,2.13,4,23.5,43.7,45.5,5.1,True,4.4,0.791,8,23,400,False,839,moderate,poor,True,4.8,0.8676
B00498,P0075,C0497,carpenter,2024-10-23 15:49,Wednesday,weekday,15,early_afternoon,Kikuyu,Embakasi,-1.245138,36.66463,-1.319356,36.905366,28.01,Waiyaki Way,1.95,3,25.6,55.8,74.5,19.7,False,5.0,0.861,9,42,189,True,655,poor,moderate,True,4.3,0.6753
B00499,P0194,C0294,plumber,2025-04-25 12:15,Friday,weekday,12,midday,Ruiru,South C,-1.158479,36.954798,-1.309493,36.786886,25.11,Thika Road,2.09,4,23.9,54.6,56.4,17.8,False,4.8,0.813,19,40,779,True,627,poor,moderate,True,4.4,0.646
B00500,P0171,C0076,plumber,2024-06-04 13:25,Tuesday,weekday,13,midday,Kilimani,Lavington,-1.29787,36.771599,-1.292151,36.777384,0.9,Uhuru Highway,1.88,3,26.6,2.1,2.4,3.0,True,4.9,0.924,15,30,510,True,1293,good,good,True,5.0,0.9966
B00501,P0145,C0374,technician,2024-08-01 13:43,Thursday,weekday,13,midday,Runda,Kitengela,-1.220009,36.806625,-1.47928,36.953881,33.15,Kiambu Road,1.65,2,30.3,53.3,51.9,6.2,True,4.8,0.874,5,22,330,True,1007,good,poor,True,4.8,0.9583
B00502,P0114,C0174,cleaner,2025-02-21 16:51,Friday,weekday,16,evening_rush,Githurai,Westlands,-1.17431,36.888295,-1.265943,36.814024,13.11,Thika Road,4.0,10,12.5,59.5,71.6,16.1,False,3.8,0.766,7,19,357,True,551,poor,good,True,3.4,0.4338
B00503,P0177,C0058,cleaner,2024-04-16 15:58,Tuesday,weekday,15,early_afternoon,South C,Eastleigh,-1.321132,36.802989,-1.285345,36.848453,6.43,Langata Road,1.89,3,26.5,14.7,16.9,2.2,True,3.3,0.785,5,21,270,True,495,moderate,poor,False,,0.603
B00504,P0188,C0246,electrician,2024-06-20 08:04,Thursday,weekday,8,morning_rush,CBD,Kilimani,-1.269194,36.829377,-1.298226,36.775991,6.76,Uhuru Highway,3.58,9,14.0,26.9,29.8,9.2,True,4.1,0.944,18,5,918,True,1018,moderate,good,True,4.5,0.7789
B00505,P0011,C0072,plumber,2024-05-19 11:52,Sunday,weekend,11,midday,Kitengela,Parklands,-1.461571,36.951166,-1.261309,36.814805,26.94,Mombasa Road,1.39,1,36.0,34.3,41.9,21.0,False,3.5,0.741,16,28,768,True,1242,poor,good,True,3.2,0.5743
B00506,P0174,C0283,cleaner,2025-04-11 17:44,Friday,weekday,17,evening_rush,Rongai,Upper Hill,-1.385961,36.747354,-1.304441,36.823705,12.42,Langata Road,3.58,9,14.0,46.1,40.4,0.0,True,3.9,0.87,15,26,705,True,624,poor,good,True,3.7,0.8086
B00507,P0030,C0158,technician,2024-09-02 18:34,Monday,weekday,18,evening_rush,Dagoretti,Lavington,-1.288754,36.734235,-1.282612,36.768053,3.82,Uhuru Highway,4.0,10,12.5,22.2,21.6,5.1,True,4.9,0.751,12,34,816,False,1451,poor,good,False,,0.473
B00508,P0007,C0206,plumber,2024-01-03 07:30,Wednesday,weekday,7,morning_rush,Industrial Area,Parklands,-1.295756,36.837346,-1.26046,36.815631,4.61,Mombasa Road,4.0,10,12.5,21.3,28.7,12.3,True,4.8,0.813,3,17,234,True,1096,poor,good,False,,0.439
B00509,P0159,C0431,plumber,2024-01-15 12:35,Monday,weekday,12,midday,Eastleigh,Syokimau,-1.276563,36.8629,-1.374091,36.902344,11.7,Jogoo Road,1.71,2,29.2,23.1,26.6,5.4,True,4.0,0.737,17,35,884,True,1202,poor,moderate,True,3.8,0.8517
B00510,P0057,C0229,electrician,2024-02-24 07:35,Saturday,weekend,7,morning_rush,Langata,Roysambu,-1.343355,36.756359,-1.20113,36.87904,20.88,Ngong Road,2.34,4,21.4,70.2,64.0,1.5,True,3.7,0.818,12,12,708,True,655,moderate,moderate,True,3.2,0.8593
B00511,P0092,C0048,electrician,2024-05-03 15:15,Friday,weekday,15,early_afternoon,Parklands,Kikuyu,-1.278448,36.826925,-1.236406,36.661128,19.01,Forest Road,1.87,3,26.7,41.2,48.6,9.7,True,5.0,0.852,10,30,310,True,1196,good,poor,False,,0.6606
B00512,P0084,C0029,technician,2025-04-23 09:05,Wednesday,weekday,9,mid_morning,Eastleigh,Gigiri,-1.261233,36.851061,-1.215619,36.810058,6.82,Jogoo Road,1.89,3,26.5,17.5,18.2,3.9,True,4.9,0.823,15,26,705,True,758,poor,good,True,4.8,0.9378
B00513,P0156,C0329,electrician,2025-06-03 18:19,Tuesday,weekday,18,evening_rush,Muthaiga,Athi River,-1.236172,36.844282,-1.452349,36.993493,29.21,Forest Road,3.67,9,13.6,115.1,122.6,8.0,True,4.2,0.819,19,21,475,True,963,good,poor,True,3.5,0.7242
B00514,P0050,C0299,plumber,2024-04-29 08:55,Monday,weekday,8,morning_rush,Muthaiga,Hurlingham,-1.237436,36.842383,-1.304128,36.796231,9.02,Forest Road,3.15,7,15.9,32.5,30.4,0.1,True,3.2,0.803,16,6,1232,True,1107,good,good,True,2.8,0.7737
B00515,P0135,C0114,electrician,2024-11-11 11:07,Monday,weekday,11,midday,Muthaiga,Muthaiga,-1.24462,36.826256,-1.238033,36.839566,1.65,Forest Road,1.7,2,29.4,2.9,3.9,2.2,True,3.5,0.821,11,10,242,True,1068,good,good,True,3.5,0.8962
B00516,P0197,C0143,plumber,2025-03-13 09:36,Thursday,weekday,9,mid_morning,Githurai,Kilimani,-1.184159,36.908215,-1.290846,36.773182,19.13,Thika Road,2.31,4,21.6,50.6,63.2,13.7,True,3.9,0.731,13,8,650,True,1250,poor,good,False,,0.4765
B00517,P0051,C0012,technician,2024-06-12 18:23,Wednesday,weekday,18,evening_rush,Eastleigh,Dagoretti,-1.269481,36.837488,-1.284733,36.758086,8.99,Jogoo Road,3.57,9,14.0,35.1,44.1,19.1,False,3.2,0.841,8,14,544,False,1742,poor,poor,True,2.6,0.4507
B00518,P0022,C0276,electrician,2024-03-03 14:43,Sunday,weekend,14,early_afternoon,Langata,Kileleshwa,-1.337324,36.740716,-1.284677,36.791488,8.13,Ngong Road,1.37,1,36.5,17.1,16.9,0.4,True,4.9,0.913,14,13,350,True,1171,moderate,good,True,5.0,1.0
B00519,P0115,C0347,technician,2025-02-12 13:31,Wednesday,weekday,13,midday,Ngong,Upper Hill,-1.355618,36.6771,-1.305819,36.825705,17.42,Ngong Road,1.87,3,26.7,38.0,45.1,7.8,True,3.2,0.736,15,12,390,False,724,poor,good,True,3.8,0.7784
B00520,P0172,C0491,electrician,2025-03-27 09:46,Thursday,weekday,9,mid_morning,Westlands,Upper Hill,-1.259894,36.796652,-1.297242,36.824461,5.18,Waiyaki Way,2.13,4,23.5,14.9,14.6,4.2,True,5.0,0.841,14,27,1106,True,839,good,good,False,,0.6801
B00521,P0023,C0500,plumber,2024-01-06 10:21,Saturday,weekend,10,mid_morning,Runda,Westlands,-1.20871,36.820684,-1.255507,36.802963,5.56,Kiambu Road,1.11,0,45.0,7.6,8.6,2.1,True,3.8,0.977,7,10,539,True,894,good,good,True,3.9,1.0
B00522,P0132,C0202,electrician,2024-01-25 13:41,Thursday,weekday,13,midday,South B,Ngong,-1.312355,36.821388,-1.357075,36.664168,18.17,Uhuru Highway,1.88,3,26.6,37.4,46.9,15.5,False,5.0,0.865,17,36,1275,True,888,moderate,poor,True,4.5,0.7179
B00523,P0050,C0252,plumber,2025-01-01 09:17,Wednesday,weekday,9,mid_morning,Muthaiga,Langata,-1.237436,36.842383,-1.334259,36.759138,14.2,Forest Road,1.91,3,26.2,34.0,29.0,3.4,True,3.2,0.803,16,6,1232,True,1107,good,moderate,True,3.5,0.8454
B00524,P0082,C0309,cleaner,2024-12-18 18:51,Wednesday,weekday,18,evening_rush,Eastleigh,Muthaiga,-1.282442,36.857907,-1.246888,36.834549,4.73,Jogoo Road,3.57,9,14.0,24.4,31.2,7.9,True,4.6,0.888,3,15,129,False,690,poor,good,True,4.5,0.7876
B00525,P0155,C0262,plumber,2024-06-20 08:58,Thursday,weekday,8,morning_rush,Parklands,Rongai,-1.259306,36.829537,-1.4031,36.753793,18.07,Forest Road,3.15,7,15.9,73.4,87.2,14.8,True,4.6,0.866,17,44,476,False,863,good,poor,True,5.0,0.7527
B00526,P0015,C0466,carpenter,2024-08-16 08:35,Friday,weekday,8,morning_rush,Spring Valley,Dagoretti,-1.252873,36.746484,-1.289227,36.74283,4.06,Waiyaki Way,3.46,8,14.5,19.8,24.4,5.2,True,5.0,0.944,19,30,1083,True,658,good,poor,True,5.0,0.8669
B00527,P0171,C0185,plumber,2024-08-15 11:20,Thursday,weekday,11,midday,Kilimani,Karen,-1.29787,36.771599,-1.32622,36.721064,6.44,Uhuru Highway,1.88,3,26.6,17.0,19.6,4.8,True,4.9,0.924,15,30,510,True,1293,good,good,True,4.2,0.9816
B00528,P0102,C0076,plumber,2025-02-16 13:53,Sunday,weekend,13,midday,CBD,Lavington,-1.28875,36.816036,-1.292151,36.777384,4.31,Uhuru Highway,1.31,1,38.2,8.4,10.7,3.9,True,4.6,0.858,14,44,294,False,585,moderate,good,False,,0.7367
B00529,P0184,C0438,plumber,2025-03-12 09:58,Wednesday,weekday,9,mid_morning,Rongai,Syokimau,-1.407716,36.7524,-1.360263,36.901664,17.41,Langata Road,2.03,3,24.6,36.9,41.9,7.2,True,4.7,0.748,2,5,54,False,1313,poor,moderate,True,4.4,0.8516
B00530,P0110,C0190,electrician,2024-11-12 15:38,Tuesday,weekday,15,early_afternoon,Kasarani,Athi River,-1.213002,36.900337,-1.462077,37.00135,29.89,Thika Road,2.18,4,22.9,81.4,70.0,0.4,True,3.4,0.852,14,29,1050,True,1119,moderate,poor,True,3.8,0.8833
B00531,P0099,C0191,plumber,2024-04-16 14:49,Tuesday,weekday,14,early_afternoon,Roysambu,Parklands,-1.221829,36.868602,-1.261001,36.82814,6.26,Thika Road,2.18,4,22.9,16.5,15.0,7.2,True,3.1,0.917,11,10,330,True,711,moderate,good,True,2.8,0.8441
B00532,P0004,C0146,cleaner,2024-07-12 10:49,Friday,weekday,10,mid_morning,Eastleigh,Gigiri,-1.271819,36.862837,-1.23352,36.818168,6.54,Jogoo Road,1.89,3,26.5,16.1,16.5,1.8,True,4.8,0.736,8,7,280,True,391,poor,good,True,4.7,0.9068
B00533,P0089,C0180,electrician,2024-08-23 10:17,Friday,weekday,10,mid_morning,Hurlingham,Embakasi,-1.295309,36.794384,-1.326119,36.904285,12.69,Ngong Road,2.08,4,24.0,30.1,33.6,3.7,True,4.4,0.847,15,21,855,False,1226,good,moderate,True,5.0,0.9113
B00534,P0079,C0229,cleaner,2024-03-28 16:18,Thursday,weekday,16,evening_rush,Kikuyu,Roysambu,-1.261245,36.651334,-1.20113,36.87904,26.18,Waiyaki Way,3.77,9,13.3,119.8,154.8,37.5,False,4.6,0.899,3,9,111,True,889,poor,moderate,True,4.4,0.3804
B00535,P0144,C0045,technician,2025-05-31 07:31,Saturday,weekend,7,morning_rush,Upper Hill,Roysambu,-1.311202,36.814634,-1.199811,36.881373,14.44,Uhuru Highway,2.53,5,19.8,50.6,53.2,6.1,True,4.2,0.845,7,15,301,False,1260,good,moderate,False,,0.5943
B00536,P0056,C0373,carpenter,2025-06-14 09:20,Saturday,weekend,9,mid_morning,Spring Valley,South C,-1.25633,36.750322,-1.313052,36.803938,8.68,Waiyaki Way,1.37,1,36.5,14.4,17.9,12.9,True,4.5,0.829,15,40,600,True,644,good,moderate,True,4.7,0.8874
B00537,P0114,C0380,cleaner,2024-12-02 08:53,Monday,weekday,8,morning_rush,Githurai,Ruiru,-1.17431,36.888295,-1.155398,36.951828,7.37,Thika Road,4.0,10,12.5,29.9,29.5,1.2,True,3.8,0.766,7,19,357,True,551,poor,poor,False,,0.458
B00538,P0107,C0412,electrician,2025-01-08 09:09,Wednesday,weekday,9,mid_morning,Rongai,Upper Hill,-1.411221,36.737889,-1.286314,36.820449,16.65,Langata Road,2.03,3,24.6,41.2,48.7,7.8,True,3.8,0.756,11,30,715,True,708,poor,good,False,,0.5556
B00539,P0114,C0148,cleaner,2024-10-09 10:50,Wednesday,weekday,10,mid_morning,Githurai,Gigiri,-1.17431,36.888295,-1.224726,36.798467,11.45,Thika Road,2.31,4,21.6,38.4,38.5,1.5,True,3.8,0.766,7,19,357,True,551,poor,good,False,,0.5907
B00540,P0042,C0413,electrician,2024-04-13 11:45,Saturday,weekend,11,midday,Runda,South C,-1.206172,36.812074,-1.329888,36.797591,13.85,Kiambu Road,1.08,0,46.3,16.7,17.3,3.0,True,3.6,0.884,5,28,395,True,513,good,moderate,True,3.3,0.9756
B00541,P0187,C0497,technician,2024-11-23 13:06,Saturday,weekend,13,midday,Westlands,Embakasi,-1.2733,36.817332,-1.319356,36.905366,11.05,Waiyaki Way,1.23,1,40.7,19.4,24.4,9.1,True,4.3,0.789,17,39,816,True,794,good,moderate,True,4.3,0.9003
B00542,P0109,C0374,cleaner,2024-06-05 09:49,Wednesday,weekday,9,mid_morning,Kileleshwa,Kitengela,-1.273273,36.789956,-1.47928,36.953881,29.27,Uhuru Highway,2.25,4,22.2,88.1,98.5,23.8,False,3.7,0.918,19,42,1368,True,740,good,poor,True,2.6,0.5807
B00543,P0107,C0072,electrician,2025-02-28 13:36,Friday,weekday,13,midday,Rongai,Parklands,-1.411221,36.737889,-1.261309,36.814805,18.73,Langata Road,1.75,2,28.6,35.0,45.7,13.2,True,3.8,0.756,11,30,715,True,708,poor,good,False,,0.533
B00544,P0151,C0307,cleaner,2024-01-27 16:28,Saturday,weekend,16,evening_rush,Dagoretti,Upper Hill,-1.302898,36.752931,-1.306452,36.81785,7.23,Uhuru Highway,2.59,5,19.3,24.8,21.4,3.9,True,4.8,0.747,8,12,480,False,887,poor,good,False,,0.5888
B00545,P0023,C0074,plumber,2025-03-22 10:19,Saturday,weekend,10,mid_morning,Runda,Westlands,-1.20871,36.820684,-1.268585,36.81893,6.66,Kiambu Road,1.11,0,45.0,7.8,8.0,7.4,True,3.8,0.977,7,10,539,True,894,good,good,True,3.9,0.993
B00546,P0054,C0156,cleaner,2024-12-05 09:49,Thursday,weekday,9,mid_morning,Ruiru,Kileleshwa,-1.144993,36.950231,-1.272746,36.786855,23.06,Thika Road,2.31,4,21.6,63.6,66.5,8.9,True,3.6,0.857,8,44,248,True,336,poor,good,True,3.1,0.8145
B00547,P0122,C0445,plumber,2025-01-18 15:02,Saturday,weekend,15,early_afternoon,Roysambu,Kileleshwa,-1.198937,36.868092,-1.265027,36.789172,11.44,Thika Road,1.34,1,37.3,18.0,16.5,4.9,True,4.1,0.848,1,24,34,True,504,moderate,good,True,4.3,0.946
B00548,P0135,C0172,electrician,2024-02-16 08:19,Friday,weekday,8,morning_rush,Muthaiga,Dagoretti,-1.24462,36.826256,-1.299429,36.735693,11.77,Forest Road,3.15,7,15.9,49.8,51.5,2.6,True,3.5,0.821,11,10,242,True,1068,good,poor,True,3.5,0.7768
B00549,P0017,C0478,carpenter,2024-11-06 14:37,Wednesday,weekday,14,early_afternoon,Parklands,Ruiru,-1.265137,36.832357,-1.156885,36.964677,19.01,Forest Road,1.87,3,26.7,40.8,36.3,1.5,True,3.8,0.979,7,16,238,True,1016,good,poor,True,3.1,0.9824
B00550,P0152,C0388,plumber,2025-06-15 14:06,Sunday,weekend,14,early_afternoon,Kilimani,South B,-1.299509,36.788374,-1.327809,36.822339,4.92,Uhuru Highway,1.35,1,37.0,8.5,9.4,4.0,True,3.9,0.983,19,27,1292,False,504,good,moderate,True,3.7,1.0
B00551,P0097,C0046,carpenter,2025-04-19 08:10,Saturday,weekend,8,morning_rush,Hurlingham,Spring Valley,-1.290422,36.794618,-1.267842,36.749703,5.59,Ngong Road,2.34,4,21.4,15.3,15.2,1.0,True,5.0,0.957,16,42,544,True,1011,good,good,True,4.7,0.998
B00552,P0002,C0210,technician,2024-08-01 09:49,Thursday,weekday,9,mid_morning,Langata,Karen,-1.330429,36.75935,-1.330928,36.708139,5.69,Ngong Road,2.08,4,24.0,14.9,16.1,3.0,True,4.4,0.947,13,12,481,False,958,moderate,good,False,,0.7171
B00553,P0164,C0469,technician,2025-04-14 07:28,Monday,weekday,7,morning_rush,South C,Industrial Area,-1.318632,36.781856,-1.310124,36.859441,8.68,Langata Road,3.3,8,15.2,32.6,39.6,8.8,True,4.3,0.755,5,23,280,True,984,moderate,poor,True,4.5,0.7202
B00554,P0070,C0213,carpenter,2024-07-31 10:37,Wednesday,weekday,10,mid_morning,Lavington,Gigiri,-1.28849,36.775223,-1.21338,36.801119,8.83,Uhuru Highway,2.25,4,22.2,27.3,35.3,10.2,True,4.0,0.784,12,38,936,True,1077,good,good,True,4.1,0.792
B00555,P0045,C0285,carpenter,2024-08-18 17:11,Sunday,weekend,17,evening_rush,Dagoretti,Lavington,-1.293654,36.741826,-1.289235,36.776079,3.84,Uhuru Highway,2.59,5,19.3,10.1,9.3,7.6,True,4.7,0.781,19,17,1425,True,1141,poor,good,True,4.8,0.82
B00556,P0119,C0364,plumber,2024-12-12 16:14,Thursday,weekday,16,evening_rush,Parklands,Syokimau,-1.278361,36.811882,-1.37491,36.911874,15.45,Forest Road,3.67,9,13.6,73.5,82.2,10.3,True,4.6,0.896,19,19,1026,True,1373,good,moderate,True,4.5,0.7636
B00557,P0146,C0387,electrician,2024-01-30 08:04,Tuesday,weekday,8,morning_rush,Embakasi,Lavington,-1.323622,36.89238,-1.277546,36.771504,14.38,Mombasa Road,4.0,10,12.5,65.0,86.2,27.1,False,5.0,0.807,14,19,476,True,630,moderate,good,True,4.8,0.4227
B00558,P0036,C0103,electrician,2024-01-20 15:15,Saturday,weekend,15,early_afternoon,Syokimau,Lavington,-1.369792,36.909296,-1.272169,36.774351,18.52,Mombasa Road,1.43,1,35.0,31.1,36.6,6.4,True,5.0,0.905,9,25,693,False,1058,moderate,good,True,5.0,0.9998
B00559,P0048,C0427,electrician,2024-03-17 16:24,Sunday,weekend,16,evening_rush,Dagoretti,Langata,-1.28378,36.747291,-1.347775,36.736389,7.22,Uhuru Highway,2.59,5,19.3,24.4,22.8,3.7,True,5.0,0.867,19,34,1311,True,1137,poor,moderate,True,4.6,0.9105
B00560,P0098,C0149,technician,2024-04-09 10:02,Tuesday,weekday,10,mid_morning,Karen,Kileleshwa,-1.310218,36.721517,-1.281214,36.788179,8.08,Ngong Road,2.08,4,24.0,18.5,23.3,7.2,True,3.8,0.834,9,16,522,True,1091,good,good,False,,0.5956
B00561,P0142,C0252,plumber,2025-03-29 08:56,Saturday,weekend,8,morning_rush,Kasarani,Langata,-1.229622,36.886822,-1.334259,36.759138,18.35,Thika Road,2.55,5,19.6,61.9,63.4,3.3,True,3.3,0.792,9,10,360,True,1064,moderate,moderate,True,3.1,0.7945
B00562,P0011,C0422,plumber,2025-05-31 08:31,Saturday,weekend,8,morning_rush,Kitengela,Gigiri,-1.461571,36.951166,-1.225999,36.804032,30.88,Mombasa Road,2.67,6,18.7,108.0,121.5,13.9,True,3.5,0.741,16,28,768,True,1242,poor,good,False,,0.4311
B00563,P0078,C0428,plumber,2024-03-05 09:53,Tuesday,weekday,9,mid_morning,Spring Valley,Kilimani,-1.275279,36.740173,-1.303171,36.775995,5.05,Waiyaki Way,2.13,4,23.5,12.3,11.7,1.7,True,4.2,0.881,10,6,270,True,1363,good,good,True,4.1,0.9309
B00564,P0150,C0156,cleaner,2024-05-20 11:38,Monday,weekday,11,midday,Athi River,Kileleshwa,-1.468362,37.007079,-1.272746,36.786855,32.75,Mombasa Road,2.13,4,23.5,90.2,88.2,1.7,True,5.0,0.827,16,29,896,True,401,poor,good,True,4.7,0.9439
B00565,P0127,C0287,technician,2024-06-21 07:01,Friday,weekday,7,morning_rush,Lavington,Kileleshwa,-1.28395,36.781169,-1.278036,36.784835,0.77,Uhuru Highway,3.58,9,14.0,3.5,4.0,0.7,True,4.0,0.82,19,24,969,True,1214,good,good,True,4.4,0.7828
B00566,P0190,C0238,technician,2025-06-02 08:09,Monday,weekday,8,morning_rush,Ngong,Ngong,-1.349406,36.65827,-1.36592,36.665507,2.0,Ngong Road,3.71,9,13.5,9.3,11.8,3.3,True,3.8,0.809,15,38,465,True,974,poor,poor,True,4.5,0.7352
B00567,P0058,C0014,electrician,2024-11-17 08:09,Sunday,weekend,8,morning_rush,Muthaiga,Athi River,-1.257845,36.837065,-1.458903,36.985509,27.79,Forest Road,2.21,4,22.6,65.4,64.8,2.4,True,4.5,0.922,15,44,1140,True,755,good,poor,True,4.7,0.9542
B00568,P0001,C0079,electrician,2024-02-27 18:31,Tuesday,weekday,18,evening_rush,Kileleshwa,Ngong,-1.265552,36.774614,-1.357933,36.657991,16.54,Uhuru Highway,4.0,10,12.5,88.0,115.7,31.3,False,4.8,0.788,7,10,182,True,1054,good,poor,True,3.9,0.3682
B00569,P0068,C0154,electrician,2024-03-28 08:51,Thursday,weekday,8,morning_rush,Parklands,Lavington,-1.28108,36.807397,-1.277949,36.774784,3.64,Forest Road,3.15,7,15.9,13.3,11.9,2.3,True,4.7,0.926,17,10,1122,False,560,good,good,True,4.3,0.8918
B00570,P0164,C0428,technician,2024-01-06 16:43,Saturday,weekend,16,evening_rush,South C,Kilimani,-1.318632,36.781856,-1.303171,36.775995,1.84,Langata Road,2.41,5,20.7,6.0,5.6,0.1,True,4.3,0.755,5,23,280,True,984,moderate,good,True,4.1,0.8639
B00571,P0163,C0242,technician,2025-03-18 11:35,Tuesday,weekday,11,midday,Karen,Dagoretti,-1.311594,36.705806,-1.280377,36.755918,6.56,Ngong Road,1.87,3,26.7,15.8,15.3,0.2,True,5.0,0.86,8,36,400,True,1660,good,poor,True,5.0,0.9937
B00572,P0032,C0335,cleaner,2024-09-12 17:16,Thursday,weekday,17,evening_rush,Gigiri,CBD,-1.218323,36.820818,-1.275722,36.822565,6.39,Forest Road,3.67,9,13.6,24.7,31.0,7.0,True,4.8,0.979,15,10,690,False,551,good,moderate,True,4.5,0.8426
B00573,P0171,C0458,plumber,2024-10-17 13:43,Thursday,weekday,13,midday,Kilimani,Upper Hill,-1.29787,36.771599,-1.30933,36.811945,4.66,Uhuru Highway,1.88,3,26.6,9.9,13.2,3.3,True,4.9,0.924,15,30,510,True,1293,good,good,True,5.0,0.9941
B00574,P0074,C0214,cleaner,2024-01-21 15:16,Sunday,weekend,15,early_afternoon,Hurlingham,Westlands,-1.307168,36.802508,-1.260173,36.818928,5.54,Ngong Road,1.37,1,36.5,8.4,10.6,3.5,True,5.0,0.97,14,9,644,True,816,good,good,True,4.9,1.0
B00575,P0046,C0252,cleaner,2024-11-18 13:02,Monday,weekday,13,midday,Rongai,Langata,-1.390957,36.7597,-1.334259,36.759138,6.3,Langata Road,1.75,2,28.6,13.7,14.5,6.8,True,3.4,0.843,12,33,360,True,781,poor,moderate,True,3.4,0.8598
B00576,P0177,C0331,cleaner,2024-09-16 15:22,Monday,weekday,15,early_afternoon,South C,Langata,-1.321132,36.802989,-1.342853,36.746206,6.76,Langata Road,1.89,3,26.5,14.3,14.1,0.2,True,3.3,0.785,5,21,270,True,495,moderate,moderate,False,,0.6196
B00577,P0063,C0015,cleaner,2024-06-07 07:11,Friday,weekday,7,morning_rush,Roysambu,Syokimau,-1.223879,36.861046,-1.369602,36.89257,16.58,Thika Road,4.0,10,12.5,72.6,94.4,26.7,False,4.0,0.76,7,24,231,True,726,moderate,moderate,False,,0.1025
B00578,P0031,C0392,carpenter,2025-05-26 12:32,Monday,weekday,12,midday,Gigiri,Rongai,-1.208399,36.806357,-1.403602,36.738356,22.98,Forest Road,1.7,2,29.4,44.2,48.6,6.0,True,3.1,0.929,2,21,112,False,546,good,poor,True,2.7,0.8985
B00579,P0071,C0253,cleaner,2024-12-23 13:37,Monday,weekday,13,midday,Syokimau,Ruiru,-1.372822,36.900737,-1.145735,36.95448,25.95,Mombasa Road,2.13,4,23.5,57.3,73.1,19.0,False,4.0,0.902,4,35,212,False,755,moderate,poor,True,4.4,0.6373
B00580,P0018,C0307,plumber,2025-02-01 13:18,Saturday,weekend,13,midday,Hurlingham,Upper Hill,-1.292456,36.806022,-1.306452,36.81785,2.04,Ngong Road,1.27,1,39.4,2.7,3.3,2.1,True,4.8,0.913,10,7,590,False,659,good,good,True,4.7,1.0
B00581,P0191,C0186,plumber,2024-02-02 11:36,Friday,weekday,11,midday,Athi River,Runda,-1.458754,37.004152,-1.21216,36.809049,34.96,Mombasa Road,2.13,4,23.5,103.7,106.4,4.7,True,3.9,0.908,19,25,570,True,588,poor,good,False,,0.6544
B00582,P0149,C0247,technician,2024-01-11 09:07,Thursday,weekday,9,mid_morning,South B,Ruiru,-1.32145,36.814943,-1.152489,36.953178,24.27,Uhuru Highway,2.25,4,22.2,70.8,87.5,18.7,False,3.7,0.959,3,38,72,True,1667,moderate,poor,True,2.8,0.6437
B00583,P0145,C0224,technician,2024-05-04 08:12,Saturday,weekend,8,morning_rush,Runda,Kilimani,-1.220009,36.806625,-1.290293,36.770335,8.8,Kiambu Road,2.02,3,24.8,22.7,23.1,6.1,True,4.8,0.874,5,22,330,True,1007,good,good,True,4.0,0.9296
B00584,P0067,C0322,carpenter,2024-07-30 08:11,Tuesday,weekday,8,morning_rush,Runda,Langata,-1.203143,36.802115,-1.351678,36.759249,17.19,Kiambu Road,3.05,7,16.4,55.1,57.4,3.9,True,3.2,0.784,16,33,384,True,966,good,moderate,True,3.5,0.7405
B00585,P0176,C0244,electrician,2024-05-24 10:27,Friday,weekday,10,mid_morning,Lavington,Parklands,-1.274096,36.757864,-1.259711,36.833857,8.6,Uhuru Highway,2.25,4,22.2,21.9,19.9,0.1,True,4.5,0.8,19,13,855,False,1087,good,good,True,4.3,0.9092
B00586,P0178,C0419,electrician,2024-10-14 10:37,Monday,weekday,10,mid_morning,Eastleigh,Upper Hill,-1.282287,36.844486,-1.289975,36.812956,3.61,Jogoo Road,1.89,3,26.5,8.8,11.6,3.1,True,5.0,0.888,5,35,145,True,859,poor,good,True,4.6,0.982
B00587,P0031,C0192,carpenter,2024-04-29 17:52,Monday,weekday,17,evening_rush,Gigiri,Parklands,-1.208399,36.806357,-1.25749,36.816885,5.58,Forest Road,3.67,9,13.6,21.4,19.5,8.6,True,3.1,0.929,2,21,112,False,546,good,good,True,3.1,0.7192
B00588,P0132,C0376,electrician,2025-05-08 07:38,Thursday,weekday,7,morning_rush,South B,Rongai,-1.312355,36.821388,-1.401487,36.74892,12.77,Uhuru Highway,3.58,9,14.0,52.0,69.6,21.8,False,5.0,0.865,17,36,1275,True,888,moderate,poor,True,4.9,0.5294
B00589,P0148,C0009,technician,2024-12-08 11:00,Sunday,weekend,11,midday,Kileleshwa,Eastleigh,-1.273235,36.790198,-1.281668,36.861202,7.95,Uhuru Highway,1.31,1,38.2,10.6,13.9,3.4,True,3.3,0.88,7,23,329,True,1141,good,poor,False,,0.6869
B00590,P0067,C0084,carpenter,2024-01-05 11:08,Friday,weekday,11,midday,Runda,Dagoretti,-1.203143,36.802115,-1.282038,36.736382,11.42,Kiambu Road,1.65,2,30.3,16.0,14.9,3.0,True,3.2,0.784,16,33,384,True,966,good,poor,True,3.2,0.86
B00591,P0149,C0030,technician,2024-05-19 08:35,Sunday,weekend,8,morning_rush,South B,Kitengela,-1.32145,36.814943,-1.483851,36.955822,23.9,Uhuru Highway,2.53,5,19.8,59.7,63.8,4.7,True,3.7,0.959,3,38,72,True,1667,moderate,poor,True,2.9,0.8879
B00592,P0038,C0164,cleaner,2025-06-22 16:12,Sunday,weekend,16,evening_rush,Kitengela,Githurai,-1.478252,36.974953,-1.198456,36.903124,32.12,Mombasa Road,3.0,7,16.7,119.0,118.9,4.9,True,3.1,0.788,15,39,930,False,443,poor,poor,True,3.5,0.7332
B00593,P0119,C0450,plumber,2024-11-28 18:06,Thursday,weekday,18,evening_rush,Parklands,Kikuyu,-1.278361,36.811882,-1.259025,36.670607,15.85,Forest Road,3.67,9,13.6,67.9,77.2,11.5,True,4.6,0.896,19,19,1026,True,1373,good,poor,True,4.7,0.7536
B00594,P0178,C0070,electrician,2025-06-15 08:23,Sunday,weekend,8,morning_rush,Eastleigh,Spring Valley,-1.282287,36.844486,-1.27041,36.756248,9.9,Jogoo Road,2.17,4,23.0,26.4,32.6,7.9,True,5.0,0.888,5,35,145,True,859,poor,good,True,4.9,0.9196
B00595,P0092,C0084,electrician,2024-06-23 11:51,Sunday,weekend,11,midday,Parklands,Dagoretti,-1.278448,36.826925,-1.282038,36.736382,10.07,Forest Road,1.04,0,48.1,11.5,13.7,3.2,True,5.0,0.852,10,30,310,True,1196,good,poor,True,4.6,1.0
B00596,P0014,C0140,electrician,2025-03-12 15:26,Wednesday,weekday,15,early_afternoon,Embakasi,South B,-1.309393,36.91238,-1.311235,36.81256,11.1,Mombasa Road,2.13,4,23.5,28.8,30.4,2.2,True,3.4,0.925,19,9,836,True,551,moderate,moderate,True,3.2,0.9088
B00597,P0093,C0215,plumber,2024-02-27 07:22,Tuesday,weekday,7,morning_rush,Roysambu,Lavington,-1.2179,36.876935,-1.287108,36.763248,14.8,Thika Road,4.0,10,12.5,70.1,84.2,15.5,False,4.5,0.819,3,37,177,True,646,moderate,good,True,4.8,0.5003
B00598,P0163,C0467,technician,2025-03-28 07:41,Friday,weekday,7,morning_rush,Karen,Langata,-1.311594,36.705806,-1.333998,36.746141,5.13,Ngong Road,3.71,9,13.5,19.8,22.5,5.4,True,5.0,0.86,8,36,400,True,1660,good,moderate,False,,0.5532
B00599,P0092,C0025,electrician,2024-09-25 17:03,Wednesday,weekday,17,evening_rush,Parklands,Industrial Area,-1.278448,36.826925,-1.310076,36.858005,4.93,Forest Road,3.67,9,13.6,20.2,24.2,5.8,True,5.0,0.852,10,30,310,True,1196,good,poor,False,,0.5491
B00600,P0075,C0150,carpenter,2024-06-25 11:57,Tuesday,weekday,11,midday,Kikuyu,Ruiru,-1.245138,36.66463,-1.151459,36.962367,34.7,Waiyaki Way,1.88,3,26.6,70.8,89.2,19.0,False,5.0,0.861,9,42,189,True,655,poor,poor,True,4.6,0.6868
B00601,P0136,C0328,carpenter,2024-06-20 09:12,Thursday,weekday,9,mid_morning,Ngong,Eastleigh,-1.343029,36.658549,-1.284459,36.855163,22.81,Ngong Road,2.08,4,24.0,62.3,77.2,15.8,False,4.4,0.783,16,42,912,False,725,poor,poor,True,3.9,0.6284
B00602,P0020,C0264,technician,2025-02-15 18:53,Saturday,weekend,18,evening_rush,Runda,South C,-1.220161,36.809549,-1.31951,36.793146,11.2,Kiambu Road,2.25,4,22.2,26.5,24.5,0.8,True,4.7,0.833,9,33,594,True,1224,good,moderate,True,5.0,0.9298
B00603,P0050,C0393,plumber,2024-12-19 14:37,Thursday,weekday,14,early_afternoon,Muthaiga,Hurlingham,-1.237436,36.842383,-1.302007,36.802446,8.44,Forest Road,1.87,3,26.7,12.1,11.3,4.8,True,3.2,0.803,16,6,1232,True,1107,good,good,True,3.6,0.8369
B00604,P0161,C0094,cleaner,2024-10-03 13:15,Thursday,weekday,13,midday,Dagoretti,Dagoretti,-1.301444,36.756457,-1.30353,36.736951,2.18,Uhuru Highway,1.88,3,26.6,4.1,5.4,8.3,True,4.0,0.762,12,41,924,True,473,poor,poor,True,3.6,0.8264
B00605,P0196,C0049,technician,2024-05-23 12:30,Thursday,weekday,12,midday,Kasarani,Industrial Area,-1.219995,36.884155,-1.308923,36.861737,10.2,Thika Road,2.09,4,23.9,26.3,33.3,14.4,True,3.4,0.833,3,23,120,False,1053,moderate,poor,True,2.5,0.7643
B00606,P0154,C0386,plumber,2025-04-04 11:02,Friday,weekday,11,midday,Kitengela,Upper Hill,-1.476899,36.960583,-1.290912,36.819452,25.96,Mombasa Road,2.13,4,23.5,61.5,64.8,4.2,True,3.6,0.867,14,11,952,True,712,poor,good,False,,0.6231
B00607,P0043,C0279,electrician,2024-01-18 13:18,Thursday,weekday,13,midday,Eastleigh,Parklands,-1.275323,36.859659,-1.269101,36.825471,3.86,Jogoo Road,1.71,2,29.2,7.2,6.5,9.0,True,4.8,0.787,8,34,480,True,1039,poor,good,False,,0.6367
B00608,P0083,C0447,carpenter,2024-06-20 13:58,Thursday,weekday,13,midday,Roysambu,Kileleshwa,-1.197099,36.88354,-1.284381,36.783912,14.73,Thika Road,2.09,4,23.9,36.4,38.7,6.2,True,4.6,0.861,3,33,213,False,529,moderate,good,False,,0.6566
B00609,P0081,C0424,plumber,2024-10-25 12:33,Friday,weekday,12,midday,Upper Hill,Rongai,-1.307096,36.828446,-1.402637,36.755323,13.38,Uhuru Highway,1.88,3,26.6,31.6,33.7,4.9,True,4.8,0.858,8,38,440,True,599,good,poor,True,5.0,0.9428
B00610,P0176,C0410,electrician,2024-07-20 10:44,Saturday,weekend,10,mid_morning,Lavington,Parklands,-1.274096,36.757864,-1.266272,36.821401,7.12,Uhuru Highway,1.43,1,35.0,13.1,16.6,7.1,True,4.5,0.8,19,13,855,False,1087,good,good,True,3.9,0.9164
B00611,P0078,C0139,plumber,2024-01-25 16:15,Thursday,weekday,16,evening_rush,Spring Valley,Runda,-1.275279,36.740173,-1.202722,36.8048,10.8,Waiyaki Way,3.77,9,13.3,51.5,65.9,15.9,False,4.2,0.881,10,6,270,True,1363,good,good,False,,0.2814
B00612,P0176,C0358,electrician,2024-01-31 10:54,Wednesday,weekday,10,mid_morning,Lavington,Embakasi,-1.274096,36.757864,-1.327547,36.912204,18.16,Uhuru Highway,2.25,4,22.2,46.7,55.0,13.6,True,4.5,0.8,19,13,855,False,1087,good,moderate,True,5.0,0.7967
B00613,P0177,C0186,cleaner,2024-11-20 16:31,Wednesday,weekday,16,evening_rush,South C,Runda,-1.321132,36.802989,-1.21216,36.809049,12.14,Langata Road,3.58,9,14.0,56.9,60.9,4.7,True,3.3,0.785,5,21,270,True,495,moderate,good,True,3.4,0.6969
B00614,P0025,C0274,cleaner,2024-08-02 12:34,Friday,weekday,12,midday,Langata,Roysambu,-1.346931,36.741658,-1.219255,36.863417,19.62,Ngong Road,1.87,3,26.7,44.9,55.8,13.1,True,4.2,0.845,3,5,156,True,558,moderate,moderate,True,4.4,0.8387
B00615,P0149,C0181,technician,2025-03-16 10:33,Sunday,weekend,10,mid_morning,South B,Gigiri,-1.32145,36.814943,-1.213521,36.815262,12.0,Uhuru Highway,1.43,1,35.0,18.6,18.3,4.3,True,3.7,0.959,3,38,72,True,1667,moderate,good,True,3.4,0.9793
B00616,P0037,C0007,cleaner,2025-03-14 17:34,Friday,weekday,17,evening_rush,Langata,Gigiri,-1.35501,36.742017,-1.226427,36.812802,16.32,Ngong Road,4.0,10,12.5,83.5,85.5,2.5,True,5.0,0.927,5,37,190,True,468,moderate,good,True,5.0,0.8377
B00617,P0036,C0266,electrician,2024-03-06 10:39,Wednesday,weekday,10,mid_morning,Syokimau,Westlands,-1.369792,36.909296,-1.272627,36.805451,15.81,Mombasa Road,2.25,4,22.2,42.2,35.9,0.9,True,5.0,0.905,9,25,693,False,1058,moderate,good,True,5.0,0.98
B00618,P0073,C0191,plumber,2024-05-31 15:26,Friday,weekday,15,early_afternoon,Parklands,Parklands,-1.265689,36.829151,-1.261001,36.82814,0.53,Forest Road,1.87,3,26.7,0.9,0.8,3.8,True,3.3,0.879,6,40,180,True,1079,good,good,True,2.9,0.8882
B00619,P0200,C0249,electrician,2024-01-29 09:25,Monday,weekday,9,mid_morning,Ruiru,Hurlingham,-1.130766,36.953965,-1.309621,36.796608,26.49,Thika Road,2.31,4,21.6,65.0,78.2,15.6,False,5.0,0.729,1,25,67,False,1047,poor,good,False,,0.3647
B00620,P0106,C0175,carpenter,2025-04-16 12:54,Wednesday,weekday,12,midday,Syokimau,Muthaiga,-1.36283,36.900425,-1.244738,36.826186,15.51,Mombasa Road,2.13,4,23.5,39.6,52.7,15.8,False,5.0,0.769,17,37,799,True,870,moderate,good,True,4.9,0.6474
B00621,P0042,C0053,electrician,2024-04-30 09:21,Tuesday,weekday,9,mid_morning,Runda,Rongai,-1.206172,36.812074,-1.404721,36.752527,23.05,Kiambu Road,1.79,3,27.9,49.5,46.4,1.5,True,3.6,0.884,5,28,395,True,513,good,poor,True,3.1,0.9313
B00622,P0056,C0080,carpenter,2025-01-19 10:52,Sunday,weekend,10,mid_morning,Spring Valley,Syokimau,-1.25633,36.750322,-1.372052,36.902656,21.27,Waiyaki Way,1.37,1,36.5,34.6,34.1,1.2,True,4.5,0.829,15,40,600,True,644,good,moderate,True,3.9,0.9849
B00623,P0129,C0114,technician,2025-04-18 12:06,Friday,weekday,12,midday,Kasarani,Muthaiga,-1.212676,36.887025,-1.238033,36.839566,5.98,Thika Road,2.09,4,23.9,16.5,20.5,6.0,True,3.2,0.813,10,25,770,False,973,moderate,good,True,3.1,0.8143
B00624,P0049,C0408,technician,2024-04-30 08:50,Tuesday,weekday,8,morning_rush,Kasarani,South B,-1.213738,36.911241,-1.313209,36.823797,14.73,Thika Road,4.0,10,12.5,63.6,62.1,0.2,True,4.1,0.836,17,7,1343,True,866,moderate,moderate,True,4.0,0.7663
B00625,P0144,C0315,technician,2024-11-13 14:21,Wednesday,weekday,14,early_afternoon,Upper Hill,Syokimau,-1.311202,36.814634,-1.36411,36.905057,11.65,Uhuru Highway,2.1,4,23.8,22.9,26.8,7.6,True,4.2,0.845,7,15,301,False,1260,good,moderate,True,4.2,0.8662
B00626,P0177,C0426,cleaner,2025-06-09 18:35,Monday,weekday,18,evening_rush,South C,Embakasi,-1.321132,36.802989,-1.312607,36.902451,11.1,Langata Road,3.58,9,14.0,45.3,41.9,3.2,True,3.3,0.785,5,21,270,True,495,moderate,moderate,False,,0.4594
B00627,P0135,C0434,electrician,2024-04-21 17:26,Sunday,weekend,17,evening_rush,Muthaiga,Hurlingham,-1.24462,36.826256,-1.288875,36.784071,6.8,Forest Road,2.22,4,22.5,19.1,22.9,15.5,False,3.5,0.821,11,10,242,True,1068,good,good,True,3.2,0.5937
B00628,P0137,C0365,technician,2025-01-05 15:19,Sunday,weekend,15,early_afternoon,South C,Spring Valley,-1.326641,36.801857,-1.272178,36.752758,8.15,Langata Road,1.23,1,40.7,9.8,12.7,5.8,True,4.4,0.817,7,12,462,True,794,moderate,good,False,,0.6968
B00629,P0142,C0360,plumber,2025-02-04 13:39,Tuesday,weekday,13,midday,Kasarani,Ngong,-1.229622,36.886822,-1.351319,36.670802,27.56,Thika Road,2.09,4,23.9,65.7,72.5,6.9,True,3.3,0.792,9,10,360,True,1064,moderate,poor,False,,0.5513
B00630,P0194,C0411,plumber,2024-02-27 15:15,Tuesday,weekday,15,early_afternoon,Ruiru,Githurai,-1.158479,36.954798,-1.17658,36.89596,6.84,Thika Road,2.18,4,22.9,16.0,18.3,4.9,True,4.8,0.813,19,40,779,True,627,poor,poor,False,,0.6463
B00631,P0030,C0214,technician,2024-10-22 16:18,Tuesday,weekday,16,evening_rush,Dagoretti,Westlands,-1.288754,36.734235,-1.260173,36.818928,9.94,Uhuru Highway,4.0,10,12.5,60.0,76.2,20.3,False,4.9,0.751,12,34,816,False,1451,poor,good,True,4.5,0.4463
B00632,P0118,C0470,cleaner,2024-04-16 08:52,Tuesday,weekday,8,morning_rush,Syokimau,Karen,-1.375522,36.898831,-1.309329,36.712243,22.01,Mombasa Road,4.0,10,12.5,146.5,158.5,12.0,True,4.0,0.883,12,22,552,True,781,moderate,good,False,,0.4365
B00633,P0020,C0060,technician,2024-09-26 13:40,Thursday,weekday,13,midday,Runda,Hurlingham,-1.220161,36.809549,-1.295253,36.792516,8.56,Kiambu Road,1.65,2,30.3,16.4,14.3,3.3,True,4.7,0.833,9,33,594,True,1224,good,good,False,,0.707
B00634,P0034,C0473,electrician,2025-01-09 13:56,Thursday,weekday,13,midday,Ruiru,Kitengela,-1.147348,36.960424,-1.468293,36.954207,35.69,Thika Road,2.09,4,23.9,92.1,114.1,24.8,False,4.7,0.756,12,21,348,True,1449,poor,poor,True,4.6,0.5541
B00635,P0005,C0246,technician,2024-03-07 07:06,Thursday,weekday,7,morning_rush,Kileleshwa,Kilimani,-1.285845,36.78543,-1.298226,36.775991,1.73,Uhuru Highway,3.58,9,14.0,8.1,7.1,1.9,True,3.9,0.885,4,43,156,True,616,good,good,True,4.4,0.8003
B00636,P0090,C0160,plumber,2024-06-26 15:27,Wednesday,weekday,15,early_afternoon,Ngong,Roysambu,-1.348911,36.676954,-1.21815,36.867572,25.7,Ngong Road,2.03,3,24.6,58.8,76.7,20.0,False,4.3,0.888,19,32,475,True,536,poor,moderate,False,,0.3949
B00637,P0177,C0186,cleaner,2024-12-21 11:46,Saturday,weekend,11,midday,South C,Runda,-1.321132,36.802989,-1.21216,36.809049,12.14,Langata Road,1.16,1,43.1,20.5,18.1,10.9,True,3.3,0.785,5,21,270,True,495,moderate,good,True,3.1,0.8389
B00638,P0036,C0419,electrician,2024-12-20 14:46,Friday,weekday,14,early_afternoon,Syokimau,Upper Hill,-1.369792,36.909296,-1.289975,36.812956,13.91,Mombasa Road,2.13,4,23.5,32.6,43.2,12.1,True,5.0,0.905,9,25,693,False,1058,moderate,good,True,5.0,0.8963
B00639,P0114,C0456,cleaner,2025-05-25 12:09,Sunday,weekend,12,midday,Githurai,Lavington,-1.17431,36.888295,-1.285209,36.767636,18.22,Thika Road,1.35,1,37.0,24.9,22.9,1.5,True,3.8,0.766,7,19,357,True,551,poor,good,True,3.7,0.9175
B00640,P0153,C0268,cleaner,2024-07-14 18:42,Sunday,weekend,18,evening_rush,Runda,Kilimani,-1.21906,36.808167,-1.293114,36.768586,9.34,Kiambu Road,2.25,4,22.2,29.7,39.1,11.5,True,3.9,0.781,15,13,1050,True,518,good,good,True,3.8,0.7747
B00641,P0196,C0497,technician,2025-04-22 16:55,Tuesday,weekday,16,evening_rush,Kasarani,Embakasi,-1.219995,36.884155,-1.319356,36.905366,11.3,Thika Road,4.0,10,12.5,64.0,60.6,1.9,True,3.4,0.833,3,23,120,False,1053,moderate,moderate,True,3.4,0.7157
B00642,P0088,C0089,cleaner,2024-11-06 15:46,Wednesday,weekday,15,early_afternoon,Athi River,Gigiri,-1.466229,36.98317,-1.224519,36.812154,32.92,Mombasa Road,2.13,4,23.5,89.9,79.5,1.5,True,4.4,0.919,18,5,1170,True,826,poor,good,True,4.3,0.9616
B00643,P0182,C0156,electrician,2024-06-08 09:45,Saturday,weekend,9,mid_morning,Athi River,Kileleshwa,-1.450424,36.986851,-1.272746,36.786855,29.74,Mombasa Road,1.59,2,31.4,47.9,55.6,10.3,True,4.0,0.826,17,35,442,True,676,poor,good,True,4.5,0.865
B00644,P0008,C0382,electrician,2024-05-03 12:29,Friday,weekday,12,midday,Kasarani,Roysambu,-1.209809,36.907631,-1.208135,36.863414,4.92,Thika Road,2.09,4,23.9,12.3,16.2,4.7,True,4.4,0.779,12,34,636,True,919,moderate,moderate,False,,0.6181
B00645,P0031,C0114,carpenter,2024-11-18 17:57,Monday,weekday,17,evening_rush,Gigiri,Muthaiga,-1.208399,36.806357,-1.238033,36.839566,4.95,Forest Road,3.67,9,13.6,16.7,21.6,5.1,True,3.1,0.929,2,21,112,False,546,good,good,True,3.3,0.7484
B00646,P0033,C0439,carpenter,2024-12-19 11:25,Thursday,weekday,11,midday,Muthaiga,Langata,-1.254259,36.833037,-1.340754,36.748775,13.43,Forest Road,1.7,2,29.4,29.2,38.6,9.9,True,4.2,0.88,4,10,112,True,622,good,moderate,True,4.7,0.8965
B00647,P0178,C0073,electrician,2024-05-18 15:28,Saturday,weekend,15,early_afternoon,Eastleigh,Kitengela,-1.282287,36.844486,-1.464887,36.967541,24.48,Jogoo Road,1.18,1,42.4,39.1,43.2,6.0,True,5.0,0.888,5,35,145,True,859,poor,poor,False,,0.7646
B00648,P0177,C0117,cleaner,2024-03-27 07:22,Wednesday,weekday,7,morning_rush,South C,Karen,-1.321132,36.802989,-1.330083,36.721055,9.16,Langata Road,3.3,8,15.2,37.8,42.0,4.3,True,3.3,0.785,5,21,270,True,495,moderate,good,True,3.2,0.7227
B00649,P0079,C0065,cleaner,2024-12-09 16:30,Monday,weekday,16,evening_rush,Kikuyu,Spring Valley,-1.261245,36.651334,-1.264599,36.737827,9.62,Waiyaki Way,3.77,9,13.3,42.4,45.4,8.8,True,4.6,0.899,3,9,111,True,889,poor,good,True,4.4,0.7696
B00650,P0054,C0067,cleaner,2025-06-01 18:35,Sunday,weekend,18,evening_rush,Ruiru,Kasarani,-1.144993,36.950231,-1.217438,36.907365,9.36,Thika Road,2.64,5,18.9,28.2,37.3,11.6,True,3.6,0.857,8,44,248,True,336,poor,moderate,True,3.2,0.7656
B00651,P0021,C0218,technician,2025-02-18 08:19,Tuesday,weekday,8,morning_rush,Kasarani,Upper Hill,-1.234208,36.887013,-1.290921,36.811727,10.48,Thika Road,4.0,10,12.5,53.7,54.7,1.6,True,4.3,0.918,11,35,693,True,1319,moderate,good,True,3.8,0.8057
B00652,P0177,C0391,cleaner,2025-04-11 17:58,Friday,weekday,17,evening_rush,South C,Roysambu,-1.321132,36.802989,-1.200742,36.873411,15.51,Langata Road,3.58,9,14.0,69.8,69.0,0.0,True,3.3,0.785,5,21,270,True,495,moderate,moderate,True,2.9,0.7361
B00653,P0029,C0040,electrician,2024-10-29 13:12,Tuesday,weekday,13,midday,Industrial Area,Kikuyu,-1.308364,36.858956,-1.240763,36.66422,22.92,Mombasa Road,2.13,4,23.5,54.2,62.0,10.7,True,5.0,0.886,16,32,1120,True,946,poor,poor,True,5.0,0.8984
B00654,P0005,C0397,technician,2025-03-16 11:13,Sunday,weekend,11,midday,Kileleshwa,Rongai,-1.285845,36.78543,-1.397232,36.736631,13.52,Uhuru Highway,1.31,1,38.2,23.8,29.3,6.6,True,3.9,0.885,4,43,156,True,616,good,poor,True,3.9,0.9427
B00655,P0124,C0388,technician,2024-01-02 09:34,Tuesday,weekday,9,mid_morning,CBD,South B,-1.268836,36.820416,-1.327809,36.822339,6.56,Uhuru Highway,2.25,4,22.2,20.2,21.3,2.6,True,4.3,0.771,4,19,216,True,1178,moderate,moderate,True,4.4,0.8638
B00656,P0111,C0022,technician,2024-05-22 15:19,Wednesday,weekday,15,early_afternoon,Ngong,Kitengela,-1.371368,36.653568,-1.462421,36.971485,36.76,Ngong Road,2.03,3,24.6,76.8,88.0,13.2,True,3.7,0.776,3,23,129,True,1613,poor,poor,True,3.6,0.7656
B00657,P0051,C0056,technician,2025-06-03 07:41,Tuesday,weekday,7,morning_rush,Eastleigh,Hurlingham,-1.269481,36.837488,-1.28927,36.786475,6.08,Jogoo Road,3.43,8,14.6,24.5,26.8,2.6,True,3.2,0.841,8,14,544,False,1742,poor,good,True,3.4,0.7494
B00658,P0009,C0407,technician,2025-04-12 11:35,Saturday,weekend,11,midday,Westlands,Karen,-1.26042,36.818632,-1.329536,36.709101,14.4,Waiyaki Way,1.23,1,40.7,22.8,29.9,7.4,True,4.9,0.954,9,9,531,False,879,good,good,True,4.2,1.0
B00659,P0169,C0263,cleaner,2025-03-29 13:29,Saturday,weekend,13,midday,CBD,Githurai,-1.279373,36.828665,-1.183339,36.89866,13.21,Uhuru Highway,1.31,1,38.2,21.2,26.0,8.5,True,5.0,0.778,8,26,192,True,648,moderate,poor,True,4.6,0.9284
B00660,P0152,C0031,plumber,2025-01-08 13:02,Wednesday,weekday,13,midday,Kilimani,Karen,-1.299509,36.788374,-1.330681,36.709457,9.43,Uhuru Highway,1.88,3,26.6,20.4,24.5,5.8,True,3.9,0.983,19,27,1292,False,504,good,good,True,3.6,0.9528
B00661,P0121,C0061,plumber,2024-11-07 13:37,Thursday,weekday,13,midday,Eastleigh,Kikuyu,-1.269387,36.85348,-1.247586,36.668725,20.68,Jogoo Road,1.71,2,29.2,47.8,44.4,0.3,True,5.0,0.904,19,41,437,True,1381,poor,poor,True,5.0,1.0
B00662,P0065,C0023,electrician,2025-02-12 18:01,Wednesday,weekday,18,evening_rush,Kasarani,Eastleigh,-1.210236,36.897134,-1.274036,36.84715,9.01,Thika Road,4.0,10,12.5,45.9,44.3,0.4,True,5.0,0.784,10,40,200,True,1272,moderate,poor,True,5.0,0.7837
B00663,P0017,C0155,carpenter,2024-08-17 07:47,Saturday,weekend,7,morning_rush,Parklands,Langata,-1.265137,36.832357,-1.340628,36.735996,13.61,Forest Road,2.21,4,22.6,31.1,41.8,11.1,True,3.8,0.979,7,16,238,True,1016,good,moderate,True,3.2,0.8752
B00664,P0171,C0006,plumber,2024-05-10 13:45,Friday,weekday,13,midday,Kilimani,Ruiru,-1.29787,36.771599,-1.140704,36.955523,26.9,Uhuru Highway,1.88,3,26.6,57.2,75.5,19.5,False,4.9,0.924,15,30,510,True,1293,good,poor,True,4.4,0.7091
B00665,P0194,C0050,plumber,2024-03-08 11:43,Friday,weekday,11,midday,Ruiru,Embakasi,-1.158479,36.954798,-1.328964,36.910611,19.58,Thika Road,2.09,4,23.9,47.8,64.3,16.8,False,4.8,0.813,19,40,779,True,627,poor,moderate,True,5.0,0.6543
B00666,P0032,C0472,cleaner,2024-02-05 13:20,Monday,weekday,13,midday,Gigiri,Westlands,-1.218323,36.820818,-1.2588,36.813594,4.57,Forest Road,1.7,2,29.4,10.2,9.6,1.4,True,4.8,0.979,15,10,690,False,551,good,good,True,3.8,1.0
B00667,P0155,C0106,plumber,2024-09-01 15:29,Sunday,weekend,15,early_afternoon,Parklands,Syokimau,-1.259306,36.829537,-1.364106,36.911992,14.83,Forest Road,1.16,1,43.1,20.2,25.7,8.1,True,4.6,0.866,17,44,476,False,863,good,moderate,True,4.3,0.9677
B00668,P0151,C0462,cleaner,2024-01-15 10:53,Monday,weekday,10,mid_morning,Dagoretti,South B,-1.302898,36.752931,-1.306719,36.828675,8.43,Uhuru Highway,2.25,4,22.2,29.0,26.5,9.5,True,4.8,0.747,8,12,480,False,887,poor,moderate,True,4.1,0.8193
B00669,P0052,C0095,cleaner,2025-05-26 11:19,Monday,weekday,11,midday,Kitengela,Kitengela,-1.47149,36.958108,-1.480567,36.962359,1.11,Mombasa Road,2.13,4,23.5,2.8,3.2,15.2,False,5.0,0.889,8,14,280,False,767,poor,poor,False,,0.4624
B00670,P0172,C0180,electrician,2025-01-26 17:02,Sunday,weekend,17,evening_rush,Westlands,Embakasi,-1.259894,36.796652,-1.326119,36.904285,14.05,Waiyaki Way,2.44,5,20.5,45.6,54.7,9.6,True,5.0,0.841,14,27,1106,True,839,good,moderate,True,4.8,0.8603
B00671,P0008,C0047,electrician,2024-07-11 17:00,Thursday,weekday,17,evening_rush,Kasarani,South B,-1.209809,36.907631,-1.319876,36.813651,16.09,Thika Road,4.0,10,12.5,84.4,82.6,1.4,True,4.4,0.779,12,34,636,True,919,moderate,moderate,True,4.5,0.7428
B00672,P0038,C0434,cleaner,2025-03-08 15:18,Saturday,weekend,15,early_afternoon,Kitengela,Hurlingham,-1.478252,36.974953,-1.288875,36.784071,29.89,Mombasa Road,1.43,1,35.0,55.0,53.9,1.3,True,3.1,0.788,15,39,930,False,443,poor,good,False,,0.6388
B00673,P0192,C0483,carpenter,2024-06-23 14:37,Sunday,weekend,14,early_afternoon,Ruiru,Ruiru,-1.139674,36.956392,-1.152768,36.96224,1.59,Thika Road,1.34,1,37.3,2.5,2.4,1.5,True,4.1,0.856,5,15,135,True,760,poor,poor,False,,0.7283
B00674,P0072,C0486,plumber,2024-11-11 12:12,Monday,weekday,12,midday,Langata,Roysambu,-1.355719,36.761446,-1.219694,36.863585,18.91,Ngong Road,1.87,3,26.7,45.9,59.3,16.4,False,4.7,0.77,1,21,45,True,1300,moderate,moderate,True,5.0,0.6487
B00675,P0149,C0179,technician,2024-10-08 09:44,Tuesday,weekday,9,mid_morning,South B,Upper Hill,-1.32145,36.814943,-1.309542,36.80666,1.61,Uhuru Highway,2.25,4,22.2,3.9,4.0,0.7,True,3.7,0.959,3,38,72,True,1667,moderate,good,True,4.3,0.9437
B00676,P0091,C0083,cleaner,2024-05-10 11:23,Friday,weekday,11,midday,Syokimau,Westlands,-1.368545,36.906893,-1.271411,36.813938,14.95,Mombasa Road,2.13,4,23.5,37.0,49.5,14.6,True,4.8,0.949,9,33,459,False,743,moderate,good,True,5.0,0.8874
B00677,P0129,C0400,technician,2024-12-28 15:13,Saturday,weekend,15,early_afternoon,Kasarani,Embakasi,-1.212676,36.887025,-1.313378,36.911137,11.51,Thika Road,1.34,1,37.3,19.6,17.4,1.0,True,3.2,0.813,10,25,770,False,973,moderate,moderate,True,2.9,0.916
B00678,P0187,C0314,technician,2024-11-15 13:16,Friday,weekday,13,midday,Westlands,Gigiri,-1.2733,36.817332,-1.21678,36.80263,6.49,Waiyaki Way,1.88,3,26.6,14.5,17.8,4.4,True,4.3,0.789,17,39,816,True,794,good,good,False,,0.6374
B00679,P0062,C0259,electrician,2024-07-30 11:06,Tuesday,weekday,11,midday,Runda,Kileleshwa,-1.210904,36.813098,-1.281774,36.782208,8.6,Kiambu Road,1.65,2,30.3,22.5,26.1,9.2,True,4.1,0.957,10,36,530,True,1029,good,good,True,4.9,0.9398
B00680,P0146,C0035,electrician,2025-05-16 08:37,Friday,weekday,8,morning_rush,Embakasi,Industrial Area,-1.323622,36.89238,-1.314323,36.851664,4.64,Mombasa Road,4.0,10,12.5,22.9,25.4,4.5,True,5.0,0.807,14,19,476,True,630,moderate,poor,False,,0.511
B00681,P0026,C0420,plumber,2025-05-14 12:55,Wednesday,weekday,12,midday,Kasarani,Spring Valley,-1.234607,36.913473,-1.263445,36.740953,19.45,Thika Road,2.09,4,23.9,49.9,66.9,17.8,False,4.6,0.959,10,6,750,True,1116,moderate,good,True,4.3,0.709
B00682,P0149,C0391,technician,2024-04-19 11:42,Friday,weekday,11,midday,South B,Roysambu,-1.32145,36.814943,-1.200742,36.873411,14.91,Uhuru Highway,1.88,3,26.6,26.8,31.3,11.6,True,3.7,0.959,3,38,72,True,1667,moderate,moderate,True,4.2,0.8824
B00683,P0004,C0271,cleaner,2024-08-02 14:49,Friday,weekday,14,early_afternoon,Eastleigh,Gigiri,-1.271819,36.862837,-1.230915,36.797846,8.54,Jogoo Road,1.94,3,25.8,23.6,20.8,5.0,True,4.8,0.736,8,7,280,True,391,poor,good,True,5.0,0.8761
B00684,P0056,C0367,carpenter,2024-11-23 16:55,Saturday,weekend,16,evening_rush,Spring Valley,Spring Valley,-1.25633,36.750322,-1.273761,36.750099,1.94,Waiyaki Way,2.44,5,20.5,6.1,6.2,1.6,True,4.5,0.829,15,40,600,True,644,good,good,True,4.6,0.896
B00685,P0050,C0494,plumber,2024-06-16 15:09,Sunday,weekend,15,early_afternoon,Muthaiga,Lavington,-1.237436,36.842383,-1.272372,36.773177,8.62,Forest Road,1.16,1,43.1,12.8,15.1,3.0,True,3.2,0.803,16,6,1232,True,1107,good,good,False,,0.6587
B00686,P0073,C0088,plumber,2024-03-28 17:18,Thursday,weekday,17,evening_rush,Parklands,Kikuyu,-1.265689,36.829151,-1.251358,36.670042,17.76,Forest Road,3.67,9,13.6,80.8,73.1,6.3,True,3.3,0.879,6,40,180,True,1079,good,poor,True,3.6,0.7234
B00687,P0194,C0276,plumber,2024-11-24 11:52,Sunday,weekend,11,midday,Ruiru,Kileleshwa,-1.158479,36.954798,-1.284677,36.791488,22.95,Thika Road,1.35,1,37.0,38.8,52.3,15.0,True,4.8,0.813,19,40,779,True,627,poor,good,True,5.0,0.8785
B00688,P0002,C0499,technician,2024-02-01 08:46,Thursday,weekday,8,morning_rush,Langata,Kasarani,-1.330429,36.75935,-1.215307,36.907158,20.83,Ngong Road,3.71,9,13.5,95.1,83.3,1.8,True,4.4,0.947,13,12,481,False,958,moderate,moderate,False,,0.5967
B00689,P0186,C0051,cleaner,2024-02-09 15:35,Friday,weekday,15,early_afternoon,Parklands,Langata,-1.259849,36.809984,-1.349647,36.744124,12.38,Forest Road,1.87,3,26.7,32.9,31.2,3.8,True,4.7,0.915,7,22,273,True,678,good,moderate,True,4.8,0.9762
B00690,P0055,C0472,carpenter,2025-03-26 13:29,Wednesday,weekday,13,midday,CBD,Westlands,-1.285689,36.830976,-1.2588,36.813594,3.56,Uhuru Highway,1.88,3,26.6,8.6,10.8,6.2,True,3.3,0.754,2,17,82,True,674,moderate,good,True,2.9,0.8049
B00691,P0130,C0436,electrician,2024-07-17 17:57,Wednesday,weekday,17,evening_rush,Muthaiga,Runda,-1.261506,36.849263,-1.222057,36.81757,5.63,Forest Road,3.67,9,13.6,29.6,30.4,1.9,True,4.8,0.972,2,26,126,True,1371,good,good,True,5.0,0.8816
B00692,P0182,C0244,electrician,2024-04-15 15:52,Monday,weekday,15,early_afternoon,Athi River,Parklands,-1.450424,36.986851,-1.259711,36.833857,27.18,Mombasa Road,2.13,4,23.5,81.3,86.2,6.2,True,4.0,0.826,17,35,442,True,676,poor,good,True,3.6,0.8559
B00693,P0094,C0358,electrician,2024-05-24 12:03,Friday,weekday,12,midday,Gigiri,Embakasi,-1.216758,36.821188,-1.327547,36.912204,15.94,Forest Road,1.7,2,29.4,31.7,35.0,4.2,True,3.6,0.922,3,16,108,True,1414,good,moderate,True,3.8,0.935
B00694,P0151,C0095,cleaner,2024-11-16 17:03,Saturday,weekend,17,evening_rush,Dagoretti,Kitengela,-1.302898,36.752931,-1.480567,36.962359,30.53,Uhuru Highway,2.59,5,19.3,140.7,151.9,11.2,True,4.8,0.747,8,12,480,False,887,poor,poor,True,4.5,0.778
B00695,P0113,C0345,carpenter,2024-07-07 14:02,Sunday,weekend,14,early_afternoon,Eastleigh,Kileleshwa,-1.285759,36.862408,-1.263775,36.78636,8.8,Jogoo Road,1.18,1,42.4,12.4,12.7,1.3,True,4.9,0.731,9,21,279,True,540,poor,good,False,,0.7203
B00696,P0028,C0093,technician,2024-05-29 09:33,Wednesday,weekday,9,mid_morning,Hurlingham,Ngong,-1.287818,36.781917,-1.347699,36.670253,14.09,Ngong Road,2.08,4,24.0,35.0,31.8,3.8,True,3.2,0.791,6,37,354,False,1755,good,poor,True,2.2,0.8224
B00697,P0091,C0195,cleaner,2024-09-07 18:48,Saturday,weekend,18,evening_rush,Syokimau,Runda,-1.368545,36.906893,-1.202766,36.81347,21.16,Mombasa Road,3.0,7,16.7,82.9,71.7,0.8,True,4.8,0.949,9,33,459,False,743,moderate,good,True,4.6,0.9328
B00698,P0109,C0110,cleaner,2025-04-28 17:05,Monday,weekday,17,evening_rush,Kileleshwa,Karen,-1.273273,36.789956,-1.327152,36.701674,11.5,Uhuru Highway,4.0,10,12.5,46.2,49.2,3.1,True,3.7,0.918,19,42,1368,True,740,good,good,True,3.5,0.7632
B00699,P0132,C0117,electrician,2025-04-14 17:28,Monday,weekday,17,evening_rush,South B,Karen,-1.312355,36.821388,-1.330083,36.721055,11.33,Uhuru Highway,4.0,10,12.5,44.4,53.3,12.4,True,5.0,0.865,17,36,1275,True,888,moderate,good,True,4.7,0.7242
B00700,P0105,C0058,cleaner,2025-04-13 09:05,Sunday,weekend,9,mid_morning,Upper Hill,Eastleigh,-1.30826,36.804606,-1.285345,36.848453,5.5,Uhuru Highway,1.43,1,35.0,8.0,9.1,1.7,True,3.2,0.943,10,8,230,True,691,good,poor,True,2.8,0.9679
B00701,P0195,C0161,plumber,2024-12-11 08:05,Wednesday,weekday,8,morning_rush,Kilimani,Karen,-1.295888,36.78464,-1.318661,36.710683,8.6,Uhuru Highway,3.58,9,14.0,43.6,40.7,3.4,True,4.3,0.89,9,15,252,False,883,good,good,True,4.7,0.8103
B00702,P0032,C0239,cleaner,2024-08-04 16:12,Sunday,weekend,16,evening_rush,Gigiri,Gigiri,-1.218323,36.820818,-1.229601,36.812205,1.58,Forest Road,2.22,4,22.5,4.2,3.9,0.2,True,4.8,0.979,15,10,690,False,551,good,good,False,,0.7652
B00703,P0029,C0267,electrician,2024-10-02 17:24,Wednesday,weekday,17,evening_rush,Industrial Area,Rongai,-1.308364,36.858956,-1.388463,36.736469,16.27,Mombasa Road,4.0,10,12.5,71.2,67.6,3.0,True,5.0,0.886,16,32,1120,True,946,poor,poor,True,4.9,0.813
B00704,P0035,C0254,technician,2025-04-21 08:24,Monday,weekday,8,morning_rush,Eastleigh,Upper Hill,-1.266177,36.853074,-1.292628,36.808527,5.76,Jogoo Road,3.43,8,14.6,25.2,23.5,7.2,True,4.3,0.857,3,26,99,True,1339,poor,good,True,3.8,0.7741
B00705,P0196,C0185,technician,2025-04-28 13:52,Monday,weekday,13,midday,Kasarani,Karen,-1.219995,36.884155,-1.32622,36.721064,21.64,Thika Road,2.09,4,23.9,61.3,75.3,18.7,False,3.4,0.833,3,23,120,False,1053,moderate,good,False,,0.3285
B00706,P0181,C0148,carpenter,2025-06-13 12:24,Friday,weekday,12,midday,Eastleigh,Gigiri,-1.285983,36.842261,-1.224726,36.798467,8.37,Jogoo Road,1.71,2,29.2,15.7,16.5,2.1,True,4.1,0.796,2,32,106,True,664,poor,good,True,3.6,0.9137
B00707,P0143,C0370,technician,2024-10-23 16:25,Wednesday,weekday,16,evening_rush,Spring Valley,Industrial Area,-1.257355,36.737855,-1.311748,36.839705,12.84,Waiyaki Way,3.77,9,13.3,56.7,62.3,20.4,False,3.7,0.841,2,18,154,True,1473,good,poor,False,,0.1989
B00708,P0011,C0043,plumber,2024-08-08 10:35,Thursday,weekday,10,mid_morning,Kitengela,Kileleshwa,-1.461571,36.951166,-1.267218,36.769721,29.56,Mombasa Road,2.25,4,22.2,78.6,105.1,28.7,False,3.5,0.741,16,28,768,True,1242,poor,good,True,3.6,0.4413
B00709,P0084,C0253,technician,2024-04-02 14:06,Tuesday,weekday,14,early_afternoon,Eastleigh,Ruiru,-1.261233,36.851061,-1.145735,36.95448,17.24,Jogoo Road,1.94,3,25.8,48.4,58.1,10.0,True,4.9,0.823,15,26,705,True,758,poor,poor,True,4.6,0.883
B00710,P0030,C0198,technician,2024-08-22 15:51,Thursday,weekday,15,early_afternoon,Dagoretti,Dagoretti,-1.288754,36.734235,-1.294583,36.745058,1.37,Uhuru Highway,2.1,4,23.8,3.0,3.3,0.8,True,4.9,0.751,12,34,816,False,1451,poor,poor,True,5.0,0.9108
B00711,P0073,C0234,plumber,2025-06-14 17:57,Saturday,weekend,17,evening_rush,Parklands,Eastleigh,-1.265689,36.829151,-1.263016,36.843483,1.62,Forest Road,2.22,4,22.5,4.1,5.0,4.0,True,3.3,0.879,6,40,180,True,1079,good,poor,True,3.8,0.8586
B00712,P0154,C0377,plumber,2025-03-21 12:21,Friday,weekday,12,midday,Kitengela,Kikuyu,-1.476899,36.960583,-1.256697,36.672563,40.31,Mombasa Road,2.13,4,23.5,110.3,98.7,6.3,True,3.6,0.867,14,11,952,True,712,poor,poor,True,3.2,0.8556
B00713,P0080,C0352,cleaner,2024-12-09 11:03,Monday,weekday,11,midday,Embakasi,Gigiri,-1.329891,36.910858,-1.2239,36.80017,17.04,Mombasa Road,2.13,4,23.5,46.3,58.9,14.4,True,3.8,0.88,6,38,408,True,612,moderate,good,True,4.5,0.8046
B00714,P0114,C0116,cleaner,2024-02-20 13:31,Tuesday,weekday,13,midday,Githurai,Kikuyu,-1.17431,36.888295,-1.257825,36.655881,27.46,Thika Road,2.09,4,23.9,73.6,98.1,25.7,False,3.8,0.766,7,19,357,True,551,poor,poor,False,,0.2566
B00715,P0142,C0209,plumber,2025-03-02 07:26,Sunday,weekend,7,morning_rush,Kasarani,South C,-1.229622,36.886822,-1.309504,36.787181,14.2,Thika Road,2.55,5,19.6,44.7,55.1,11.8,True,3.3,0.792,9,10,360,True,1064,moderate,moderate,True,3.1,0.7237
B00716,P0075,C0438,carpenter,2025-04-21 17:11,Monday,weekday,17,evening_rush,Kikuyu,Syokimau,-1.245138,36.66463,-1.360263,36.901664,29.3,Waiyaki Way,3.77,9,13.3,135.7,136.2,2.0,True,5.0,0.861,9,42,189,True,655,poor,moderate,True,5.0,0.8272
B00717,P0110,C0097,electrician,2024-04-02 07:07,Tuesday,weekday,7,morning_rush,Kasarani,Parklands,-1.213002,36.900337,-1.254462,36.813503,10.7,Thika Road,4.0,10,12.5,52.7,47.7,6.3,True,3.4,0.852,14,29,1050,True,1119,moderate,good,True,3.9,0.6885
B00718,P0018,C0459,plumber,2024-08-22 08:15,Thursday,weekday,8,morning_rush,Hurlingham,Ruiru,-1.292456,36.806022,-1.14882,36.965498,23.86,Ngong Road,3.71,9,13.5,104.1,92.6,9.6,True,4.8,0.913,10,7,590,False,659,good,poor,True,4.9,0.7847
B00719,P0122,C0481,plumber,2025-06-10 13:02,Tuesday,weekday,13,midday,Roysambu,South C,-1.198937,36.868092,-1.313526,36.806911,14.44,Thika Road,2.09,4,23.9,37.1,43.7,10.6,True,4.1,0.848,1,24,34,True,504,moderate,moderate,True,4.1,0.8385
B00720,P0174,C0189,cleaner,2025-05-11 11:02,Sunday,weekend,11,midday,Rongai,Muthaiga,-1.385961,36.747354,-1.247897,36.833486,18.09,Langata Road,1.16,1,43.1,26.0,26.8,7.8,True,3.9,0.87,15,26,705,True,624,poor,good,True,4.2,0.9372
B00721,P0046,C0007,cleaner,2024-09-28 07:09,Saturday,weekend,7,morning_rush,Rongai,Gigiri,-1.390957,36.7597,-1.226427,36.812802,19.22,Langata Road,2.3,4,21.7,70.6,88.0,18.0,False,3.4,0.843,12,33,360,True,781,poor,good,False,,0.3225
B00722,P0173,C0252,electrician,2024-06-01 16:06,Saturday,weekend,16,evening_rush,Eastleigh,Langata,-1.283129,36.849829,-1.334259,36.759138,11.57,Jogoo Road,2.38,5,21.0,35.9,45.3,9.8,True,4.4,0.726,7,35,427,True,946,poor,moderate,True,4.3,0.7759
B00723,P0173,C0054,electrician,2024-01-11 17:45,Thursday,weekday,17,evening_rush,Eastleigh,South B,-1.283129,36.849829,-1.32957,36.82559,5.82,Jogoo Road,3.57,9,14.0,27.4,33.1,7.5,True,4.4,0.726,7,35,427,True,946,poor,moderate,True,4.6,0.6999
B00724,P0102,C0225,plumber,2024-02-04 16:52,Sunday,weekend,16,evening_rush,CBD,Westlands,-1.28875,36.816036,-1.271401,36.813955,1.94,Uhuru Highway,2.59,5,19.3,5.7,5.3,5.4,True,4.6,0.858,14,44,294,False,585,moderate,good,True,4.6,0.8718
B00725,P0134,C0338,plumber,2024-11-22 07:50,Friday,weekday,7,morning_rush,Syokimau,Gigiri,-1.356084,36.892391,-1.232066,36.811424,16.47,Mombasa Road,4.0,10,12.5,74.9,86.1,19.8,False,3.5,0.955,12,13,852,True,696,moderate,good,True,3.4,0.4825
B00726,P0174,C0044,cleaner,2025-02-23 10:14,Sunday,weekend,10,mid_morning,Rongai,Eastleigh,-1.385961,36.747354,-1.280595,36.85551,16.79,Langata Road,1.32,1,37.9,22.1,22.0,4.1,True,3.9,0.87,15,26,705,True,624,poor,poor,True,3.4,0.9552
B00727,P0031,C0074,carpenter,2025-05-26 11:00,Monday,weekday,11,midday,Gigiri,Westlands,-1.208399,36.806357,-1.268585,36.81893,6.84,Forest Road,1.7,2,29.4,12.6,11.7,4.7,True,3.1,0.929,2,21,112,False,546,good,good,True,2.1,0.9093
B00728,P0102,C0206,plumber,2024-10-30 11:43,Wednesday,weekday,11,midday,CBD,Parklands,-1.28875,36.816036,-1.26046,36.815631,3.15,Uhuru Highway,1.88,3,26.6,7.7,7.1,6.6,True,4.6,0.858,14,44,294,False,585,moderate,good,True,4.4,0.9186
B00729,P0178,C0303,electrician,2025-06-06 15:43,Friday,weekday,15,early_afternoon,Eastleigh,Rongai,-1.282287,36.844486,-1.395106,36.75264,16.17,Jogoo Road,1.94,3,25.8,36.7,31.9,2.5,True,5.0,0.888,5,35,145,True,859,poor,poor,True,4.5,0.983
B00730,P0027,C0380,technician,2024-05-22 09:47,Wednesday,weekday,9,mid_morning,Muthaiga,Ruiru,-1.257454,36.847519,-1.155398,36.951828,16.22,Forest Road,1.91,3,26.2,44.5,40.3,1.8,True,4.8,0.786,13,40,780,True,771,good,poor,False,,0.6802
B00731,P0044,C0034,plumber,2024-03-01 07:16,Friday,weekday,7,morning_rush,Eastleigh,Kilimani,-1.286651,36.848557,-1.296233,36.78016,7.68,Jogoo Road,3.43,8,14.6,37.3,38.1,1.8,True,4.5,0.889,17,28,646,True,806,poor,good,True,4.3,0.8451
B00732,P0094,C0500,electrician,2024-06-18 15:43,Tuesday,weekday,15,early_afternoon,Gigiri,Westlands,-1.216758,36.821188,-1.255507,36.802963,4.76,Forest Road,1.87,3,26.7,8.6,10.1,7.6,True,3.6,0.922,3,16,108,True,1414,good,good,True,3.7,0.8931
B00733,P0051,C0174,technician,2024-12-23 08:20,Monday,weekday,8,morning_rush,Eastleigh,Westlands,-1.269481,36.837488,-1.265943,36.814024,2.64,Jogoo Road,3.43,8,14.6,9.2,9.2,16.1,False,3.2,0.841,8,14,544,False,1742,poor,good,False,,0.2369
B00734,P0052,C0305,cleaner,2024-12-31 10:56,Tuesday,weekday,10,mid_morning,Kitengela,Embakasi,-1.47149,36.958108,-1.329312,36.90285,16.96,Mombasa Road,2.25,4,22.2,57.2,60.5,4.0,True,5.0,0.889,8,14,280,False,767,poor,moderate,True,5.0,0.9462
B00735,P0104,C0063,cleaner,2025-04-13 15:11,Sunday,weekend,15,early_afternoon,South C,Githurai,-1.317485,36.782226,-1.177365,36.907348,20.89,Langata Road,1.23,1,40.7,30.8,40.7,11.6,True,4.8,0.78,15,40,495,True,849,moderate,poor,True,4.4,0.8999
B00736,P0060,C0430,electrician,2025-03-04 13:40,Tuesday,weekday,13,midday,Gigiri,Gigiri,-1.235984,36.813546,-1.218529,36.811607,1.95,Forest Road,1.7,2,29.4,4.0,4.7,1.3,True,3.1,0.846,5,25,175,True,547,good,good,True,2.4,0.8962
B00737,P0109,C0372,cleaner,2024-01-13 13:17,Saturday,weekend,13,midday,Kileleshwa,Parklands,-1.273273,36.789956,-1.274029,36.811285,2.37,Uhuru Highway,1.31,1,38.2,4.6,4.7,1.7,True,3.7,0.918,19,42,1368,True,740,good,good,True,3.4,0.99
B00738,P0128,C0143,electrician,2024-01-02 14:01,Tuesday,weekday,14,early_afternoon,Ruiru,Kilimani,-1.143862,36.976006,-1.290846,36.773182,27.85,Thika Road,2.18,4,22.9,74.5,95.7,22.5,False,3.9,0.843,19,39,1501,True,859,poor,good,False,,0.3196
B00739,P0196,C0366,technician,2024-10-10 15:58,Thursday,weekday,15,early_afternoon,Kasarani,South B,-1.219995,36.884155,-1.313924,36.812209,13.16,Thika Road,2.18,4,22.9,33.5,35.6,4.5,True,3.4,0.833,3,23,120,False,1053,moderate,moderate,True,3.1,0.8396
B00740,P0197,C0298,plumber,2024-12-22 10:21,Sunday,weekend,10,mid_morning,Githurai,Kikuyu,-1.184159,36.908215,-1.237125,36.652618,29.02,Thika Road,1.44,1,34.7,54.8,58.0,3.9,True,3.9,0.731,13,8,650,True,1250,poor,poor,True,4.0,0.8778
B00741,P0152,C0140,plumber,2025-06-17 09:14,Tuesday,weekday,9,mid_morning,Kilimani,South B,-1.299509,36.788374,-1.311235,36.81256,2.99,Uhuru Highway,2.25,4,22.2,8.8,10.3,1.8,True,3.9,0.983,19,27,1292,False,504,good,moderate,True,3.9,0.9565
B00742,P0194,C0405,plumber,2024-03-24 13:22,Sunday,weekend,13,midday,Ruiru,Embakasi,-1.158479,36.954798,-1.325085,36.890562,19.85,Thika Road,1.35,1,37.0,29.2,35.4,14.5,True,4.8,0.813,19,40,779,True,627,poor,moderate,True,5.0,0.8827
B00743,P0165,C0483,cleaner,2025-01-05 14:40,Sunday,weekend,14,early_afternoon,Ngong,Ruiru,-1.345402,36.669582,-1.152768,36.96224,38.95,Ngong Road,1.37,1,36.5,67.3,67.4,12.1,True,5.0,0.908,7,20,490,False,515,poor,poor,True,5.0,0.9586
B00744,P0103,C0183,cleaner,2024-07-04 12:19,Thursday,weekday,12,midday,Lavington,Kitengela,-1.2836,36.766546,-1.48146,36.969861,31.54,Uhuru Highway,1.88,3,26.6,71.6,83.6,12.4,True,3.3,0.854,4,17,180,True,799,good,poor,True,3.3,0.8033
B00745,P0122,C0342,plumber,2024-10-06 11:00,Sunday,weekend,11,midday,Roysambu,Rongai,-1.198937,36.868092,-1.38765,36.746772,24.94,Thika Road,1.35,1,37.0,39.6,39.3,8.3,True,4.1,0.848,1,24,34,True,504,moderate,poor,False,,0.6668
B00746,P0155,C0487,plumber,2024-10-17 10:12,Thursday,weekday,10,mid_morning,Parklands,Dagoretti,-1.259306,36.829537,-1.292475,36.736769,10.95,Forest Road,1.91,3,26.2,24.8,29.6,5.6,True,4.6,0.866,17,44,476,False,863,good,poor,True,4.7,0.9285
B00747,P0104,C0249,cleaner,2024-06-22 10:35,Saturday,weekend,10,mid_morning,South C,Hurlingham,-1.317485,36.782226,-1.309621,36.796608,1.82,Langata Road,1.32,1,37.9,3.4,3.1,0.8,True,4.8,0.78,15,40,495,True,849,moderate,good,False,,0.7327
B00748,P0131,C0143,electrician,2025-05-27 09:38,Tuesday,weekday,9,mid_morning,CBD,Kilimani,-1.273399,36.831477,-1.290846,36.773182,6.76,Uhuru Highway,2.25,4,22.2,16.0,17.0,2.2,True,3.6,0.953,6,12,228,False,594,moderate,good,True,3.9,0.9232
B00749,P0038,C0394,cleaner,2024-09-22 17:50,Sunday,weekend,17,evening_rush,Kitengela,Embakasi,-1.478252,36.974953,-1.320358,36.911613,18.92,Mombasa Road,3.0,7,16.7,71.3,76.9,9.1,True,3.1,0.788,15,39,930,False,443,poor,moderate,True,3.0,0.6982
B00750,P0117,C0056,technician,2024-02-10 08:02,Saturday,weekend,8,morning_rush,Dagoretti,Hurlingham,-1.304001,36.758584,-1.28927,36.786475,3.51,Uhuru Highway,2.53,5,19.8,9.6,9.1,1.1,True,4.0,0.833,6,23,468,False,860,poor,good,True,4.2,0.8699
B00751,P0032,C0129,cleaner,2024-07-07 14:48,Sunday,weekend,14,early_afternoon,Gigiri,Eastleigh,-1.218323,36.820818,-1.271806,36.8525,6.91,Forest Road,1.16,1,43.1,11.4,10.4,9.2,True,4.8,0.979,15,10,690,False,551,good,poor,True,5.0,1.0
B00752,P0126,C0255,plumber,2025-02-23 10:43,Sunday,weekend,10,mid_morning,Syokimau,Westlands,-1.384197,36.899152,-1.264493,36.815434,16.24,Mombasa Road,1.59,2,31.4,30.1,29.5,0.1,True,3.8,0.784,1,32,46,True,1101,moderate,good,True,3.8,0.919
B00753,P0060,C0322,electrician,2024-03-09 10:11,Saturday,weekend,10,mid_morning,Gigiri,Langata,-1.235984,36.813546,-1.351678,36.759249,14.21,Forest Road,1.21,1,41.3,19.8,24.6,12.4,True,3.1,0.846,5,25,175,True,547,good,moderate,False,,0.5929
B00754,P0035,C0016,technician,2024-01-07 11:31,Sunday,weekend,11,midday,Eastleigh,Dagoretti,-1.266177,36.853074,-1.303761,36.757864,11.38,Jogoo Road,1.13,0,44.2,16.7,16.5,1.0,True,4.3,0.857,3,26,99,True,1339,poor,poor,False,,0.7598
B00755,P0026,C0378,plumber,2024-03-30 11:20,Saturday,weekend,11,midday,Kasarani,Githurai,-1.234607,36.913473,-1.177054,36.9103,6.41,Thika Road,1.35,1,37.0,11.4,10.4,0.3,True,4.6,0.959,10,6,750,True,1116,moderate,poor,False,,0.814
B00756,P0014,C0426,electrician,2024-09-15 11:36,Sunday,weekend,11,midday,Embakasi,Embakasi,-1.309393,36.91238,-1.312607,36.902451,1.16,Mombasa Road,1.39,1,36.0,1.9,2.4,2.4,True,3.4,0.925,19,9,836,True,551,moderate,moderate,False,,0.7163
B00757,P0018,C0256,plumber,2025-01-23 07:21,Thursday,weekday,7,morning_rush,Hurlingham,Kilimani,-1.292456,36.806022,-1.288664,36.783696,2.52,Ngong Road,3.71,9,13.5,10.7,12.0,1.9,True,4.8,0.913,10,7,590,False,659,good,good,True,4.0,0.8489
B00758,P0174,C0014,cleaner,2024-04-15 15:17,Monday,weekday,15,early_afternoon,Rongai,Athi River,-1.385961,36.747354,-1.458903,36.985509,27.69,Langata Road,1.89,3,26.5,63.5,83.4,26.2,False,3.9,0.87,15,26,705,True,624,poor,poor,True,3.7,0.5755
B00759,P0046,C0196,cleaner,2025-02-09 11:06,Sunday,weekend,11,midday,Rongai,Kilimani,-1.390957,36.7597,-1.281853,36.777566,12.29,Langata Road,1.16,1,43.1,16.4,17.1,2.5,True,3.4,0.843,12,33,360,True,781,poor,good,True,3.6,0.9429
B00760,P0155,C0348,plumber,2024-04-30 13:44,Tuesday,weekday,13,midday,Parklands,Lavington,-1.259306,36.829537,-1.286976,36.776968,6.6,Forest Road,1.7,2,29.4,13.9,16.3,2.4,True,4.6,0.866,17,44,476,False,863,good,good,True,4.7,0.972
B00761,P0084,C0079,technician,2024-06-29 15:50,Saturday,weekend,15,early_afternoon,Eastleigh,Ngong,-1.261233,36.851061,-1.357933,36.657991,24.01,Jogoo Road,1.18,1,42.4,35.2,42.2,17.0,False,4.9,0.823,15,26,705,True,758,poor,poor,True,5.0,0.7354
B00762,P0078,C0319,plumber,2024-11-02 15:26,Saturday,weekend,15,early_afternoon,Spring Valley,Kitengela,-1.275279,36.740173,-1.47866,36.952591,32.7,Waiyaki Way,1.28,1,39.1,47.3,59.8,13.2,True,4.2,0.881,10,6,270,True,1363,good,poor,True,4.3,0.9031
B00763,P0160,C0050,cleaner,2024-08-11 09:09,Sunday,weekend,9,mid_morning,Embakasi,Embakasi,-1.319614,36.900458,-1.328964,36.910611,1.53,Mombasa Road,1.59,2,31.4,3.2,3.7,1.8,True,4.7,0.907,4,29,204,True,370,moderate,moderate,True,5.0,1.0
B00764,P0195,C0040,plumber,2024-07-30 11:43,Tuesday,weekday,11,midday,Kilimani,Kikuyu,-1.295888,36.78464,-1.240763,36.66422,14.72,Uhuru Highway,1.88,3,26.6,37.2,50.0,19.2,False,4.3,0.89,9,15,252,False,883,good,poor,False,,0.4146
B00765,P0170,C0385,carpenter,2024-08-15 08:15,Thursday,weekday,8,morning_rush,South B,Kilimani,-1.325679,36.811506,-1.285862,36.784793,5.33,Uhuru Highway,3.58,9,14.0,23.2,28.5,10.5,True,4.1,0.823,13,22,572,True,736,moderate,good,False,,0.4576
B00766,P0134,C0393,plumber,2025-06-06 12:09,Friday,weekday,12,midday,Syokimau,Hurlingham,-1.356084,36.892391,-1.302007,36.802446,11.67,Mombasa Road,2.13,4,23.5,22.8,22.1,11.0,True,3.5,0.955,12,13,852,True,696,moderate,good,True,2.8,0.8554
B00767,P0127,C0406,technician,2025-03-06 10:28,Thursday,weekday,10,mid_morning,Lavington,Kileleshwa,-1.28395,36.781169,-1.27147,36.783183,1.41,Uhuru Highway,2.25,4,22.2,4.6,5.3,2.7,True,4.0,0.82,19,24,969,True,1214,good,good,True,3.5,0.8725
B00768,P0120,C0104,plumber,2025-01-27 16:13,Monday,weekday,16,evening_rush,Industrial Area,Athi River,-1.305578,36.856668,-1.450447,37.001944,22.81,Mombasa Road,4.0,10,12.5,117.4,143.4,29.1,False,4.4,0.869,14,27,924,True,731,poor,poor,True,3.9,0.407
B00769,P0076,C0339,plumber,2025-04-06 14:19,Sunday,weekend,14,early_afternoon,Syokimau,Ngong,-1.380514,36.905837,-1.350137,36.657791,27.78,Mombasa Road,1.43,1,35.0,46.5,43.7,3.1,True,4.4,0.791,8,23,400,False,839,moderate,poor,False,,0.6903
B00770,P0128,C0252,electrician,2024-03-14 09:23,Thursday,weekday,9,mid_morning,Ruiru,Langata,-1.143862,36.976006,-1.334259,36.759138,32.09,Thika Road,2.31,4,21.6,85.9,74.0,4.9,True,3.9,0.843,19,39,1501,True,859,poor,moderate,True,3.9,0.8559
B00771,P0130,C0134,electrician,2025-02-26 16:22,Wednesday,weekday,16,evening_rush,Muthaiga,CBD,-1.261506,36.849263,-1.287174,36.81591,4.68,Forest Road,3.67,9,13.6,25.1,33.4,10.0,True,4.8,0.972,2,26,126,True,1371,good,moderate,True,5.0,0.8141
B00772,P0139,C0176,technician,2025-06-19 16:12,Thursday,weekday,16,evening_rush,Parklands,Karen,-1.251758,36.82097,-1.30978,36.70083,14.83,Forest Road,3.67,9,13.6,62.4,65.0,3.5,True,4.2,0.905,10,14,480,True,1333,good,good,True,2.8,0.8047
B00773,P0139,C0280,technician,2025-02-22 16:34,Saturday,weekend,16,evening_rush,Parklands,Athi River,-1.251758,36.82097,-1.465718,37.003749,31.29,Forest Road,2.22,4,22.5,93.7,124.5,31.9,False,4.2,0.905,10,14,480,True,1333,good,poor,True,3.3,0.5341
B00774,P0005,C0488,technician,2025-04-17 13:32,Thursday,weekday,13,midday,Kileleshwa,Embakasi,-1.285845,36.78543,-1.320337,36.892245,12.48,Uhuru Highway,1.88,3,26.6,24.2,25.2,1.8,True,3.9,0.885,4,43,156,True,616,good,moderate,True,4.5,0.9371
B00775,P0196,C0017,technician,2024-02-18 09:33,Sunday,weekend,9,mid_morning,Kasarani,Runda,-1.219995,36.884155,-1.221351,36.798198,9.56,Thika Road,1.44,1,34.7,15.2,14.0,1.3,True,3.4,0.833,3,23,120,False,1053,moderate,good,True,3.5,0.9255
B00776,P0111,C0451,technician,2025-01-09 13:40,Thursday,weekday,13,midday,Ngong,Syokimau,-1.371368,36.653568,-1.374186,36.904116,27.85,Ngong Road,1.87,3,26.7,75.5,94.3,23.5,False,3.7,0.776,3,23,129,True,1613,poor,moderate,True,3.4,0.5426
B00777,P0031,C0197,carpenter,2025-03-13 08:43,Thursday,weekday,8,morning_rush,Gigiri,Kileleshwa,-1.208399,36.806357,-1.284257,36.773519,9.19,Forest Road,3.15,7,15.9,32.8,30.9,2.2,True,3.1,0.929,2,21,112,False,546,good,good,True,3.1,0.8142
B00778,P0116,C0162,technician,2024-11-18 09:33,Monday,weekday,9,mid_morning,Roysambu,Kikuyu,-1.210341,36.87171,-1.2376,36.657045,24.06,Thika Road,2.31,4,21.6,67.8,86.6,28.3,False,4.0,0.871,1,42,48,False,804,moderate,poor,False,,0.2799
B00779,P0097,C0227,carpenter,2024-04-25 12:23,Thursday,weekday,12,midday,Hurlingham,Runda,-1.290422,36.794618,-1.210371,36.79639,8.9,Ngong Road,1.87,3,26.7,20.7,21.7,3.5,True,5.0,0.957,16,42,544,True,1011,good,good,True,4.0,1.0
B00780,P0118,C0019,cleaner,2024-02-18 15:22,Sunday,weekend,15,early_afternoon,Syokimau,Muthaiga,-1.375522,36.898831,-1.255769,36.832287,15.23,Mombasa Road,1.43,1,35.0,24.8,32.0,7.9,True,4.0,0.883,12,22,552,True,781,moderate,good,False,,0.6763
B00781,P0009,C0091,technician,2024-01-13 12:08,Saturday,weekend,12,midday,Westlands,Dagoretti,-1.26042,36.818632,-1.300012,36.737259,10.06,Waiyaki Way,1.23,1,40.7,16.9,19.7,3.0,True,4.9,0.954,9,9,531,False,879,good,poor,True,5.0,1.0
B00782,P0143,C0338,technician,2025-01-24 07:15,Friday,weekday,7,morning_rush,Spring Valley,Gigiri,-1.257355,36.737855,-1.232066,36.811424,8.65,Waiyaki Way,3.46,8,14.5,36.9,32.0,8.2,True,3.7,0.841,2,18,154,True,1473,good,good,True,3.7,0.7254
B00783,P0200,C0156,electrician,2024-11-19 10:11,Tuesday,weekday,10,mid_morning,Ruiru,Kileleshwa,-1.130766,36.953965,-1.272746,36.786855,24.38,Thika Road,2.31,4,21.6,57.0,55.2,1.2,True,5.0,0.729,1,25,67,False,1047,poor,good,False,,0.6347
B00784,P0181,C0085,carpenter,2024-07-31 09:05,Wednesday,weekday,9,mid_morning,Eastleigh,Athi River,-1.285983,36.842261,-1.457421,36.983527,24.7,Jogoo Road,1.89,3,26.5,54.9,68.2,14.4,True,4.1,0.796,2,32,106,True,664,poor,poor,True,4.6,0.7968
B00785,P0126,C0221,plumber,2024-04-11 11:04,Thursday,weekday,11,midday,Syokimau,Kasarani,-1.384197,36.899152,-1.234735,36.89367,16.63,Mombasa Road,2.13,4,23.5,35.5,34.4,1.6,True,3.8,0.784,1,32,46,True,1101,moderate,moderate,True,4.3,0.8633
B00786,P0035,C0160,technician,2025-03-15 11:46,Saturday,weekend,11,midday,Eastleigh,Roysambu,-1.266177,36.853074,-1.21815,36.867572,5.58,Jogoo Road,1.13,0,44.2,7.4,8.2,1.7,True,4.3,0.857,3,26,99,True,1339,poor,moderate,True,3.8,1.0
B00787,P0184,C0200,plumber,2024-08-20 11:39,Tuesday,weekday,11,midday,Rongai,Industrial Area,-1.407716,36.7524,-1.318817,36.853396,14.96,Langata Road,1.75,2,28.6,31.8,32.5,2.3,True,4.7,0.748,2,5,54,False,1313,poor,poor,True,5.0,0.9148
B00788,P0125,C0392,carpenter,2025-02-07 17:48,Friday,weekday,17,evening_rush,CBD,Rongai,-1.289186,36.82843,-1.403602,36.738356,16.19,Uhuru Highway,4.0,10,12.5,63.7,73.6,11.5,True,4.2,0.775,18,40,810,False,627,moderate,poor,False,,0.3967
B00789,P0029,C0292,electrician,2024-07-24 17:36,Wednesday,weekday,17,evening_rush,Industrial Area,Embakasi,-1.308364,36.858956,-1.327653,36.895106,4.56,Mombasa Road,4.0,10,12.5,25.3,24.3,0.1,True,5.0,0.886,16,32,1120,True,946,poor,moderate,True,5.0,0.8372
B00790,P0173,C0252,electrician,2025-03-13 08:08,Thursday,weekday,8,morning_rush,Eastleigh,Langata,-1.283129,36.849829,-1.334259,36.759138,11.57,Jogoo Road,3.43,8,14.6,49.2,60.7,14.7,True,4.4,0.726,7,35,427,True,946,poor,moderate,True,4.7,0.6511
B00791,P0169,C0284,cleaner,2024-03-04 15:22,Monday,weekday,15,early_afternoon,CBD,Hurlingham,-1.279373,36.828665,-1.293287,36.807185,2.85,Uhuru Highway,2.1,4,23.8,7.7,7.6,2.6,True,5.0,0.778,8,26,192,True,648,moderate,good,True,4.5,0.9143
B00792,P0176,C0277,electrician,2024-08-30 12:42,Friday,weekday,12,midday,Lavington,Industrial Area,-1.274096,36.757864,-1.305546,36.849682,10.79,Uhuru Highway,1.88,3,26.6,28.5,33.4,4.9,True,4.5,0.8,19,13,855,False,1087,good,poor,True,3.8,0.8988
B00793,P0147,C0241,technician,2024-07-19 11:16,Friday,weekday,11,midday,Roysambu,Kikuyu,-1.198042,36.880644,-1.240339,36.652003,25.85,Thika Road,2.09,4,23.9,59.4,61.4,4.1,True,5.0,0.932,15,30,855,False,1336,moderate,poor,True,5.0,0.9796
B00794,P0122,C0288,plumber,2025-01-16 17:45,Thursday,weekday,17,evening_rush,Roysambu,Hurlingham,-1.198937,36.868092,-1.305317,36.796715,14.24,Thika Road,4.0,10,12.5,80.0,83.6,8.4,True,4.1,0.848,1,24,34,True,504,moderate,good,False,,0.454
B00795,P0041,C0260,electrician,2024-10-15 10:44,Tuesday,weekday,10,mid_morning,Eastleigh,Lavington,-1.262587,36.837939,-1.291559,36.77832,7.37,Jogoo Road,1.89,3,26.5,17.6,23.0,13.3,True,3.7,0.801,17,24,731,True,969,poor,good,True,3.5,0.7885
B00796,P0015,C0201,carpenter,2024-02-12 13:19,Monday,weekday,13,midday,Spring Valley,Upper Hill,-1.252873,36.746484,-1.295557,36.813935,8.87,Waiyaki Way,1.88,3,26.6,16.4,18.9,4.3,True,5.0,0.944,19,30,1083,True,658,good,good,True,4.5,1.0
B00797,P0068,C0254,electrician,2024-12-10 07:06,Tuesday,weekday,7,morning_rush,Parklands,Upper Hill,-1.28108,36.807397,-1.292628,36.808527,1.29,Forest Road,3.15,7,15.9,4.8,4.5,1.2,True,4.7,0.926,17,10,1122,False,560,good,good,True,4.6,0.901
B00798,P0152,C0498,plumber,2024-07-27 17:07,Saturday,weekend,17,evening_rush,Kilimani,South C,-1.299509,36.788374,-1.308792,36.787627,1.04,Uhuru Highway,2.59,5,19.3,3.9,5.2,6.4,True,3.9,0.983,19,27,1292,False,504,good,moderate,True,4.5,0.891
B00799,P0097,C0316,carpenter,2025-03-27 12:29,Thursday,weekday,12,midday,Hurlingham,Langata,-1.290422,36.794618,-1.340185,36.758356,6.85,Ngong Road,1.87,3,26.7,15.7,18.9,3.3,True,5.0,0.957,16,42,544,True,1011,good,moderate,True,5.0,1.0
B00800,P0174,C0181,cleaner,2024-01-17 07:40,Wednesday,weekday,7,morning_rush,Rongai,Gigiri,-1.385961,36.747354,-1.213521,36.815262,20.61,Langata Road,3.3,8,15.2,89.6,116.0,29.8,False,3.9,0.87,15,26,705,True,624,poor,good,True,4.4,0.4327
B00801,P0197,C0146,plumber,2024-08-30 14:05,Friday,weekday,14,early_afternoon,Githurai,Gigiri,-1.184159,36.908215,-1.23352,36.818168,11.42,Thika Road,2.18,4,22.9,31.1,39.2,11.8,True,3.9,0.731,13,8,650,True,1250,poor,good,True,4.1,0.7528
B00802,P0083,C0032,carpenter,2024-07-30 12:48,Tuesday,weekday,12,midday,Roysambu,CBD,-1.197099,36.88354,-1.285874,36.815402,12.44,Thika Road,2.09,4,23.9,29.5,36.3,13.1,True,4.6,0.861,3,33,213,False,529,moderate,moderate,False,,0.5991
B00803,P0008,C0303,electrician,2025-01-25 08:21,Saturday,weekend,8,morning_rush,Kasarani,Rongai,-1.209809,36.907631,-1.395106,36.75264,26.86,Thika Road,2.55,5,19.6,86.3,90.6,14.6,True,4.4,0.779,12,34,636,True,919,moderate,poor,True,3.9,0.7488
B00804,P0012,C0066,electrician,2024-06-30 17:19,Sunday,weekend,17,evening_rush,Hurlingham,Kitengela,-1.295566,36.800621,-1.483162,36.967236,27.9,Ngong Road,2.6,5,19.2,68.4,59.7,0.3,True,3.1,0.784,3,33,111,False,555,good,poor,False,,0.5515
B00805,P0094,C0179,electrician,2024-10-29 11:41,Tuesday,weekday,11,midday,Gigiri,Upper Hill,-1.216758,36.821188,-1.309542,36.80666,10.44,Forest Road,1.7,2,29.4,18.3,16.2,0.2,True,3.6,0.922,3,16,108,True,1414,good,good,True,3.0,0.9683
B00806,P0190,C0299,technician,2024-11-23 11:27,Saturday,weekend,11,midday,Ngong,Hurlingham,-1.349406,36.65827,-1.304128,36.796231,16.14,Ngong Road,1.27,1,39.4,21.5,28.2,11.6,True,3.8,0.809,15,38,465,True,974,poor,good,True,4.2,0.8612
B00807,P0007,C0392,plumber,2024-02-18 14:12,Sunday,weekend,14,early_afternoon,Industrial Area,Rongai,-1.295756,36.837346,-1.403602,36.738356,16.28,Mombasa Road,1.43,1,35.0,29.2,37.1,10.7,True,4.8,0.813,3,17,234,True,1096,poor,poor,True,4.3,0.9079
B00808,P0161,C0175,cleaner,2025-06-21 15:18,Saturday,weekend,15,early_afternoon,Dagoretti,Muthaiga,-1.301444,36.756457,-1.244738,36.826186,9.99,Uhuru Highway,1.35,1,37.0,13.4,13.8,2.3,True,4.0,0.762,12,41,924,True,473,poor,good,True,3.5,0.9188
B00809,P0098,C0050,technician,2024-04-15 09:04,Monday,weekday,9,mid_morning,Karen,Embakasi,-1.310218,36.721517,-1.328964,36.910611,21.12,Ngong Road,2.08,4,24.0,50.3,59.8,10.7,True,3.8,0.834,9,16,522,True,1091,good,moderate,False,,0.5664
B00810,P0110,C0177,electrician,2024-06-22 16:25,Saturday,weekend,16,evening_rush,Kasarani,Kitengela,-1.213002,36.900337,-1.46358,36.972016,28.98,Thika Road,2.64,5,18.9,86.1,87.6,4.3,True,3.4,0.852,14,29,1050,True,1119,moderate,poor,True,2.6,0.814
B00811,P0092,C0211,electrician,2025-01-06 09:52,Monday,weekday,9,mid_morning,Parklands,Karen,-1.278448,36.826925,-1.31517,36.711486,13.47,Forest Road,1.91,3,26.2,27.0,26.6,4.0,True,5.0,0.852,10,30,310,True,1196,good,good,True,4.7,0.9549
B00812,P0090,C0029,plumber,2024-01-14 14:02,Sunday,weekend,14,early_afternoon,Ngong,Gigiri,-1.348911,36.676954,-1.215619,36.810058,20.94,Ngong Road,1.37,1,36.5,35.2,33.8,2.2,True,4.3,0.888,19,32,475,True,536,poor,good,True,5.0,0.9961
B00813,P0170,C0126,carpenter,2024-10-19 11:11,Saturday,weekend,11,midday,South B,Kilimani,-1.325679,36.811506,-1.290382,36.769278,6.12,Uhuru Highway,1.31,1,38.2,11.7,11.7,6.2,True,4.1,0.823,13,22,572,True,736,moderate,good,True,3.6,0.925
B00814,P0064,C0121,electrician,2024-10-27 15:55,Sunday,weekend,15,early_afternoon,Parklands,Kitengela,-1.263494,36.832383,-1.466323,36.96644,27.03,Forest Road,1.16,1,43.1,43.4,46.6,11.7,True,3.7,0.803,18,6,1224,True,1206,good,poor,True,3.4,0.8612
B00815,P0166,C0160,electrician,2025-01-28 11:43,Tuesday,weekday,11,midday,Upper Hill,Roysambu,-1.284545,36.821501,-1.21815,36.867572,8.99,Uhuru Highway,1.88,3,26.6,16.8,17.9,4.2,True,3.9,0.944,14,36,1022,True,745,good,moderate,True,4.3,0.9466
B00816,P0152,C0044,plumber,2024-09-25 14:48,Wednesday,weekday,14,early_afternoon,Kilimani,Eastleigh,-1.299509,36.788374,-1.280595,36.85551,7.75,Uhuru Highway,2.1,4,23.8,15.1,20.1,8.9,True,3.9,0.983,19,27,1292,False,504,good,poor,True,4.1,0.9093
B00817,P0177,C0034,cleaner,2025-04-04 17:40,Friday,weekday,17,evening_rush,South C,Kilimani,-1.321132,36.802989,-1.296233,36.78016,3.76,Langata Road,3.58,9,14.0,17.3,17.1,2.7,True,3.3,0.785,5,21,270,True,495,moderate,good,False,,0.4636
B00818,P0079,C0059,cleaner,2024-05-18 15:01,Saturday,weekend,15,early_afternoon,Kikuyu,Parklands,-1.261245,36.651334,-1.268938,36.814627,18.17,Waiyaki Way,1.28,1,39.1,30.9,26.7,3.3,True,4.6,0.899,3,9,111,True,889,poor,good,True,4.6,1.0
B00819,P0087,C0087,electrician,2024-08-14 10:55,Wednesday,weekday,10,mid_morning,Kitengela,South C,-1.465391,36.952559,-1.316733,36.795152,24.07,Mombasa Road,2.25,4,22.2,59.6,78.8,20.2,False,4.0,0.782,16,7,1200,True,1294,poor,moderate,True,3.7,0.5577
B00820,P0006,C0276,technician,2024-03-19 15:27,Tuesday,weekday,15,early_afternoon,Parklands,Kileleshwa,-1.25903,36.810832,-1.284677,36.791488,3.57,Forest Road,1.87,3,26.7,6.4,6.7,0.9,True,4.4,0.902,19,21,513,True,630,good,good,True,3.4,0.9789
B00821,P0084,C0020,technician,2024-05-08 13:11,Wednesday,weekday,13,midday,Eastleigh,Industrial Area,-1.261233,36.851061,-1.312364,36.84747,5.7,Jogoo Road,1.71,2,29.2,13.9,18.2,5.1,True,4.9,0.823,15,26,705,True,758,poor,poor,False,,0.6922
B00822,P0118,C0337,cleaner,2025-06-09 09:12,Monday,weekday,9,mid_morning,Syokimau,Muthaiga,-1.375522,36.898831,-1.245789,36.829615,16.35,Mombasa Road,2.25,4,22.2,50.2,64.5,21.2,False,4.0,0.883,12,22,552,True,781,moderate,good,True,4.1,0.5998
B00823,P0109,C0291,cleaner,2024-08-08 11:55,Thursday,weekday,11,midday,Kileleshwa,Gigiri,-1.273273,36.789956,-1.211121,36.80094,7.02,Uhuru Highway,1.88,3,26.6,11.9,11.9,1.9,True,3.7,0.918,19,42,1368,True,740,good,good,True,3.6,0.9428
B00824,P0132,C0462,electrician,2024-11-26 09:23,Tuesday,weekday,9,mid_morning,South B,South B,-1.312355,36.821388,-1.306719,36.828675,1.02,Uhuru Highway,2.25,4,22.2,2.2,2.5,1.8,True,5.0,0.865,17,36,1275,True,888,moderate,moderate,True,4.9,0.9525
B00825,P0108,C0137,cleaner,2025-05-02 12:36,Friday,weekday,12,midday,Ruiru,Hurlingham,-1.133647,36.975468,-1.301339,36.805859,26.52,Thika Road,2.09,4,23.9,69.1,92.7,37.5,False,4.8,0.739,4,44,244,True,407,poor,good,True,3.9,0.4448
B00826,P0006,C0357,technician,2024-02-23 14:22,Friday,weekday,14,early_afternoon,Parklands,CBD,-1.25903,36.810832,-1.276654,36.814237,2.0,Forest Road,1.87,3,26.7,4.6,5.0,2.5,True,4.4,0.902,19,21,513,True,630,good,moderate,True,4.5,0.9656
B00827,P0121,C0302,plumber,2025-02-11 12:12,Tuesday,weekday,12,midday,Eastleigh,Syokimau,-1.269387,36.85348,-1.360066,36.900437,11.35,Jogoo Road,1.71,2,29.2,24.3,23.6,0.7,True,5.0,0.904,19,41,437,True,1381,poor,moderate,True,4.6,1.0
B00828,P0006,C0163,technician,2024-03-19 17:43,Tuesday,weekday,17,evening_rush,Parklands,Kitengela,-1.25903,36.810832,-1.485599,36.955497,29.89,Forest Road,3.67,9,13.6,88.7,76.7,8.2,True,4.4,0.902,19,21,513,True,630,good,poor,True,4.8,0.7741
B00829,P0097,C0293,carpenter,2024-08-29 10:13,Thursday,weekday,10,mid_morning,Hurlingham,South C,-1.290422,36.794618,-1.322714,36.80236,3.69,Ngong Road,2.08,4,24.0,10.8,11.2,1.1,True,5.0,0.957,16,42,544,True,1011,good,moderate,True,5.0,1.0
B00830,P0100,C0166,plumber,2025-02-06 15:52,Thursday,weekday,15,early_afternoon,South C,Roysambu,-1.32936,36.803922,-1.212794,36.86089,14.43,Langata Road,1.89,3,26.5,43.4,54.0,11.4,True,4.0,0.88,19,21,399,True,1339,moderate,moderate,True,3.3,0.8588
B00831,P0147,C0051,technician,2025-06-13 11:00,Friday,weekday,11,midday,Roysambu,Langata,-1.198042,36.880644,-1.349647,36.744124,22.68,Thika Road,2.09,4,23.9,54.4,68.6,24.9,False,5.0,0.932,15,30,855,False,1336,moderate,moderate,True,4.5,0.6563
B00832,P0126,C0052,plumber,2025-01-06 16:47,Monday,weekday,16,evening_rush,Syokimau,Roysambu,-1.384197,36.899152,-1.212312,36.864461,19.5,Mombasa Road,4.0,10,12.5,95.7,86.9,2.6,True,3.8,0.784,1,32,46,True,1101,moderate,moderate,False,,0.4553
B00833,P0177,C0346,cleaner,2024-11-18 14:06,Monday,weekday,14,early_afternoon,South C,Eastleigh,-1.321132,36.802989,-1.270576,36.847555,7.49,Langata Road,1.89,3,26.5,15.5,15.5,0.2,True,3.3,0.785,5,21,270,True,495,moderate,poor,False,,0.6196
B00834,P0053,C0173,electrician,2025-03-01 10:56,Saturday,weekend,10,mid_morning,Syokimau,Rongai,-1.355438,36.894191,-1.402775,36.739584,17.97,Mombasa Road,1.59,2,31.4,40.2,43.6,3.6,True,4.6,0.768,3,32,108,True,841,moderate,poor,True,4.0,0.9218
B00835,P0128,C0258,electrician,2024-07-20 10:00,Saturday,weekend,10,mid_morning,Ruiru,Embakasi,-1.143862,36.976006,-1.321308,36.898818,21.52,Thika Road,1.44,1,34.7,34.7,43.0,16.5,False,3.9,0.843,19,39,1501,True,859,poor,moderate,False,,0.4288
B00836,P0196,C0342,technician,2024-07-04 13:11,Thursday,weekday,13,midday,Kasarani,Rongai,-1.219995,36.884155,-1.38765,36.746772,24.1,Thika Road,2.09,4,23.9,59.1,62.9,6.6,True,3.4,0.833,3,23,120,False,1053,moderate,poor,False,,0.5793
B00837,P0087,C0086,electrician,2025-05-01 15:12,Thursday,weekday,15,early_afternoon,Kitengela,Dagoretti,-1.465391,36.952559,-1.280435,36.740615,31.27,Mombasa Road,2.13,4,23.5,76.8,92.7,17.3,False,4.0,0.782,16,7,1200,True,1294,poor,poor,True,3.6,0.5914
B00838,P0158,C0154,technician,2025-04-04 16:14,Friday,weekday,16,evening_rush,Kileleshwa,Lavington,-1.28297,36.766616,-1.277949,36.774784,1.07,Uhuru Highway,4.0,10,12.5,5.1,6.6,3.4,True,4.5,0.824,2,20,58,True,897,good,good,True,4.7,0.7537
B00839,P0094,C0497,electrician,2024-02-04 16:10,Sunday,weekend,16,evening_rush,Gigiri,Embakasi,-1.216758,36.821188,-1.319356,36.905366,14.76,Forest Road,2.22,4,22.5,43.7,57.3,17.2,False,3.6,0.922,3,16,108,True,1414,good,moderate,True,3.0,0.6351
B00840,P0112,C0104,carpenter,2024-01-26 09:11,Friday,weekday,9,mid_morning,Rongai,Athi River,-1.407345,36.750173,-1.450447,37.001944,28.39,Langata Road,2.03,3,24.6,73.2,94.2,24.8,False,4.9,0.809,17,40,1190,True,779,poor,poor,True,4.3,0.5954
B00841,P0128,C0326,electrician,2024-09-20 11:06,Friday,weekday,11,midday,Ruiru,Gigiri,-1.143862,36.976006,-1.21139,36.806664,20.27,Thika Road,2.09,4,23.9,46.7,41.6,0.7,True,3.9,0.843,19,39,1501,True,859,poor,good,True,4.6,0.9085
B00842,P0020,C0431,technician,2025-04-12 17:07,Saturday,weekend,17,evening_rush,Runda,Syokimau,-1.220161,36.809549,-1.374091,36.902344,19.98,Kiambu Road,2.25,4,22.2,50.2,62.5,13.2,True,4.7,0.833,9,33,594,True,1224,good,moderate,True,4.2,0.8265
B00843,P0138,C0110,cleaner,2024-12-18 07:46,Wednesday,weekday,7,morning_rush,Ruiru,Karen,-1.130056,36.960788,-1.327152,36.701674,36.19,Thika Road,4.0,10,12.5,136.5,179.3,43.7,False,4.8,0.815,4,9,276,True,318,poor,good,True,4.7,0.2783
B00844,P0074,C0136,cleaner,2024-09-08 13:06,Sunday,weekend,13,midday,Hurlingham,Rongai,-1.307168,36.802508,-1.409591,36.739032,13.4,Ngong Road,1.27,1,39.4,24.0,22.4,12.2,True,5.0,0.97,14,9,644,True,816,good,poor,True,4.7,0.9967
B00845,P0013,C0153,electrician,2024-05-17 15:07,Friday,weekday,15,early_afternoon,Kitengela,Kikuyu,-1.481718,36.963337,-1.238478,36.67186,42.21,Mombasa Road,2.13,4,23.5,90.2,89.4,0.6,True,3.9,0.889,8,40,512,True,1036,poor,poor,True,4.2,0.9291
B00846,P0147,C0206,technician,2024-02-21 13:27,Wednesday,weekday,13,midday,Roysambu,Parklands,-1.198042,36.880644,-1.26046,36.815631,10.02,Thika Road,2.09,4,23.9,27.9,24.5,4.3,True,5.0,0.932,15,30,855,False,1336,moderate,good,True,5.0,0.978
B00847,P0058,C0320,electrician,2024-10-08 11:01,Tuesday,weekday,11,midday,Muthaiga,Upper Hill,-1.257845,36.837065,-1.289668,36.817658,4.14,Forest Road,1.7,2,29.4,8.8,11.2,4.3,True,4.5,0.922,15,44,1140,True,755,good,good,True,4.1,0.9792
B00848,P0191,C0491,plumber,2024-11-26 10:10,Tuesday,weekday,10,mid_morning,Athi River,Upper Hill,-1.458754,37.004152,-1.297242,36.824461,26.86,Mombasa Road,2.25,4,22.2,72.2,91.6,20.5,False,3.9,0.908,19,25,570,True,588,poor,good,True,3.4,0.6132
B00849,P0024,C0368,cleaner,2024-01-30 11:17,Tuesday,weekday,11,midday,Langata,Upper Hill,-1.334684,36.751712,-1.294172,36.820258,8.85,Ngong Road,1.87,3,26.7,17.4,15.0,11.3,True,4.2,0.957,7,5,462,False,870,moderate,good,True,3.8,0.9097
B00850,P0149,C0049,technician,2025-03-26 15:14,Wednesday,weekday,15,early_afternoon,South B,Industrial Area,-1.32145,36.814943,-1.308923,36.861737,5.39,Uhuru Highway,2.1,4,23.8,15.2,20.3,6.0,True,3.7,0.959,3,38,72,True,1667,moderate,poor,True,3.9,0.9115
B00851,P0152,C0173,plumber,2025-01-05 10:09,Sunday,weekend,10,mid_morning,Kilimani,Rongai,-1.299509,36.788374,-1.402775,36.739584,12.7,Uhuru Highway,1.43,1,35.0,22.0,24.3,2.7,True,3.9,0.983,19,27,1292,False,504,good,poor,True,3.5,1.0
B00852,P0070,C0035,carpenter,2024-08-29 16:55,Thursday,weekday,16,evening_rush,Lavington,Industrial Area,-1.28849,36.775223,-1.314323,36.851664,8.97,Uhuru Highway,4.0,10,12.5,44.1,57.1,13.5,True,4.0,0.784,12,38,936,True,1077,good,poor,True,4.5,0.6245
B00853,P0146,C0411,electrician,2025-02-17 13:50,Monday,weekday,13,midday,Embakasi,Githurai,-1.323622,36.89238,-1.17658,36.89596,16.36,Mombasa Road,2.13,4,23.5,48.0,45.0,1.3,True,5.0,0.807,14,19,476,True,630,moderate,poor,False,,0.6873
B00854,P0136,C0244,carpenter,2024-04-27 12:21,Saturday,weekend,12,midday,Ngong,Parklands,-1.343029,36.658549,-1.259711,36.833857,21.58,Ngong Road,1.27,1,39.4,37.4,49.1,12.7,True,4.4,0.783,16,42,912,False,725,poor,good,True,4.5,0.8691
B00855,P0110,C0108,electrician,2024-08-14 16:14,Wednesday,weekday,16,evening_rush,Kasarani,Karen,-1.213002,36.900337,-1.313554,36.707321,24.2,Thika Road,4.0,10,12.5,119.4,139.1,20.7,False,3.4,0.852,14,29,1050,True,1119,moderate,good,True,3.6,0.4185
B00856,P0089,C0408,electrician,2024-05-09 15:11,Thursday,weekday,15,early_afternoon,Hurlingham,South B,-1.295309,36.794384,-1.313209,36.823797,3.83,Ngong Road,2.03,3,24.6,10.5,13.5,5.2,True,4.4,0.847,15,21,855,False,1226,good,moderate,True,4.6,0.9028
B00857,P0020,C0334,technician,2024-12-27 14:25,Friday,weekday,14,early_afternoon,Runda,Ruiru,-1.220161,36.809549,-1.146137,36.94959,17.61,Kiambu Road,1.64,2,30.5,38.3,46.1,10.7,True,4.7,0.833,9,33,594,True,1224,good,poor,True,4.7,0.8961
B00858,P0078,C0259,plumber,2024-10-10 15:52,Thursday,weekday,15,early_afternoon,Spring Valley,Kileleshwa,-1.275279,36.740173,-1.281774,36.782208,4.73,Waiyaki Way,1.95,3,25.6,9.2,9.5,2.8,True,4.2,0.881,10,6,270,True,1363,good,good,True,3.8,0.9362
B00859,P0077,C0222,carpenter,2024-12-14 13:47,Saturday,weekend,13,midday,Kileleshwa,Eastleigh,-1.283737,36.770673,-1.278782,36.846129,8.41,Uhuru Highway,1.31,1,38.2,11.7,13.0,4.9,True,4.7,0.801,1,23,40,True,622,good,poor,False,,0.7049
B00860,P0170,C0277,carpenter,2024-08-04 07:20,Sunday,weekend,7,morning_rush,South B,Industrial Area,-1.325679,36.811506,-1.305546,36.849682,4.8,Uhuru Highway,2.53,5,19.8,16.6,19.1,13.8,True,4.1,0.823,13,22,572,True,736,moderate,poor,False,,0.5141
B00861,P0081,C0103,plumber,2024-11-03 12:14,Sunday,weekend,12,midday,Upper Hill,Lavington,-1.307096,36.828446,-1.272169,36.774351,7.16,Uhuru Highway,1.31,1,38.2,12.9,14.1,2.5,True,4.8,0.858,8,38,440,True,599,good,good,True,5.0,1.0
B00862,P0107,C0206,electrician,2025-01-06 15:11,Monday,weekday,15,early_afternoon,Rongai,Parklands,-1.411221,36.737889,-1.26046,36.815631,18.86,Langata Road,1.89,3,26.5,40.7,49.9,12.1,True,3.8,0.756,11,30,715,True,708,poor,good,False,,0.531
B00863,P0065,C0320,electrician,2024-10-27 13:10,Sunday,weekend,13,midday,Kasarani,Upper Hill,-1.210236,36.897134,-1.289668,36.817658,12.49,Thika Road,1.35,1,37.0,17.3,17.3,3.2,True,5.0,0.784,10,40,200,True,1272,moderate,good,False,,0.7223
B00864,P0132,C0233,electrician,2025-05-27 13:40,Tuesday,weekday,13,midday,South B,Kilimani,-1.312355,36.821388,-1.293414,36.784308,4.63,Uhuru Highway,1.88,3,26.6,12.9,13.2,3.1,True,5.0,0.865,17,36,1275,True,888,moderate,good,True,5.0,0.9713
B00865,P0172,C0391,electrician,2024-10-11 14:05,Friday,weekday,14,early_afternoon,Westlands,Roysambu,-1.259894,36.796652,-1.200742,36.873411,10.77,Waiyaki Way,1.95,3,25.6,25.7,24.5,0.6,True,5.0,0.841,14,27,1106,True,839,good,moderate,True,5.0,0.9745
B00866,P0141,C0093,carpenter,2024-10-14 16:20,Monday,weekday,16,evening_rush,CBD,Ngong,-1.283127,36.824297,-1.347699,36.670253,18.57,Uhuru Highway,4.0,10,12.5,86.6,80.5,9.1,True,4.7,0.952,6,33,240,False,1049,moderate,poor,True,5.0,0.7802
B00867,P0005,C0322,technician,2024-01-14 14:54,Sunday,weekend,14,early_afternoon,Kileleshwa,Langata,-1.285845,36.78543,-1.351678,36.759249,7.88,Uhuru Highway,1.35,1,37.0,13.8,16.4,3.0,True,3.9,0.885,4,43,156,True,616,good,moderate,False,,0.7195
B00868,P0181,C0265,carpenter,2024-10-27 08:54,Sunday,weekend,8,morning_rush,Eastleigh,Ruiru,-1.285983,36.842261,-1.149275,36.951702,19.47,Jogoo Road,2.17,4,23.0,46.3,52.0,8.0,True,4.1,0.796,2,32,106,True,664,poor,poor,False,,0.5777
B00869,P0048,C0296,electrician,2024-07-16 15:55,Tuesday,weekday,15,early_afternoon,Dagoretti,Kitengela,-1.28378,36.747291,-1.478127,36.952969,31.46,Uhuru Highway,2.1,4,23.8,64.6,87.2,25.1,False,5.0,0.867,19,34,1311,True,1137,poor,poor,True,4.8,0.6213
B00870,P0128,C0110,electrician,2025-06-05 14:04,Thursday,weekday,14,early_afternoon,Ruiru,Karen,-1.143862,36.976006,-1.327152,36.701674,36.68,Thika Road,2.18,4,22.9,86.3,112.3,27.0,False,3.9,0.843,19,39,1501,True,859,poor,good,True,3.6,0.5321
B00871,P0170,C0493,carpenter,2024-10-02 13:39,Wednesday,weekday,13,midday,South B,Parklands,-1.325679,36.811506,-1.254256,36.812647,7.94,Uhuru Highway,1.88,3,26.6,17.5,15.6,0.3,True,4.1,0.823,13,22,572,True,736,moderate,good,True,3.4,0.9286
B00872,P0191,C0481,plumber,2024-02-14 15:42,Wednesday,weekday,15,early_afternoon,Athi River,South C,-1.458754,37.004152,-1.313526,36.806911,27.23,Mombasa Road,2.13,4,23.5,69.2,66.0,1.8,True,3.9,0.908,19,25,570,True,588,poor,moderate,True,3.6,0.9286
B00873,P0120,C0138,plumber,2024-12-09 09:27,Monday,weekday,9,mid_morning,Industrial Area,CBD,-1.305578,36.856668,-1.289664,36.807738,5.72,Mombasa Road,2.25,4,22.2,12.4,14.2,3.1,True,4.4,0.869,14,27,924,True,731,poor,moderate,False,,0.6637
B00874,P0164,C0273,technician,2025-01-25 16:27,Saturday,weekend,16,evening_rush,South C,Athi River,-1.318632,36.781856,-1.466518,37.004193,29.69,Langata Road,2.41,5,20.7,91.8,118.6,31.0,False,4.3,0.755,5,23,280,True,984,moderate,poor,False,,0.2064
B00875,P0158,C0437,technician,2024-04-04 08:50,Thursday,weekday,8,morning_rush,Kileleshwa,Roysambu,-1.28297,36.766616,-1.199398,36.866782,14.5,Uhuru Highway,3.58,9,14.0,62.6,54.2,7.3,True,4.5,0.824,2,20,58,True,897,good,moderate,False,,0.5048
B00876,P0197,C0465,plumber,2025-05-09 13:06,Friday,weekday,13,midday,Githurai,Industrial Area,-1.184159,36.908215,-1.313583,36.857632,15.45,Thika Road,2.09,4,23.9,35.0,44.0,9.7,True,3.9,0.731,13,8,650,True,1250,poor,poor,True,4.0,0.7775
B00877,P0112,C0479,carpenter,2024-10-01 17:17,Tuesday,weekday,17,evening_rush,Rongai,CBD,-1.407345,36.750173,-1.281689,36.817117,15.83,Langata Road,3.58,9,14.0,73.2,75.2,9.2,True,4.9,0.809,17,40,1190,True,779,poor,moderate,False,,0.5014
B00878,P0145,C0373,technician,2024-09-23 15:12,Monday,weekday,15,early_afternoon,Runda,South C,-1.220009,36.806625,-1.313052,36.803938,10.35,Kiambu Road,1.64,2,30.5,25.7,34.1,10.8,True,4.8,0.874,5,22,330,True,1007,good,moderate,True,4.1,0.9208
B00879,P0161,C0031,cleaner,2024-02-17 10:17,Saturday,weekend,10,mid_morning,Dagoretti,Karen,-1.301444,36.756457,-1.330681,36.709457,6.15,Uhuru Highway,1.43,1,35.0,9.5,10.6,1.5,True,4.0,0.762,12,41,924,True,473,poor,good,True,3.2,0.9191
B00880,P0134,C0103,plumber,2024-12-30 14:01,Monday,weekday,14,early_afternoon,Syokimau,Lavington,-1.356084,36.892391,-1.272169,36.774351,16.1,Mombasa Road,2.13,4,23.5,39.1,33.7,2.5,True,3.5,0.955,12,13,852,True,696,moderate,good,True,3.4,0.9263
B00881,P0094,C0237,electrician,2024-02-25 14:36,Sunday,weekend,14,early_afternoon,Gigiri,Industrial Area,-1.216758,36.821188,-1.314266,36.842845,11.11,Forest Road,1.16,1,43.1,15.2,13.3,2.3,True,3.6,0.922,3,16,108,True,1414,good,poor,True,3.4,0.994
B00882,P0038,C0124,cleaner,2024-12-30 10:39,Monday,weekday,10,mid_morning,Kitengela,Westlands,-1.478252,36.974953,-1.257453,36.819544,30.02,Mombasa Road,2.25,4,22.2,77.3,90.2,14.3,True,3.1,0.788,15,39,930,False,443,poor,good,True,3.0,0.7148
B00883,P0039,C0383,electrician,2025-03-13 15:43,Thursday,weekday,15,early_afternoon,Spring Valley,Lavington,-1.278278,36.738872,-1.284585,36.760212,2.47,Waiyaki Way,1.95,3,25.6,5.4,5.0,8.4,True,4.5,0.924,2,10,158,False,1205,good,good,True,4.2,0.926
B00884,P0176,C0392,electrician,2024-01-29 15:13,Monday,weekday,15,early_afternoon,Lavington,Rongai,-1.274096,36.757864,-1.403602,36.738356,14.56,Uhuru Highway,2.1,4,23.8,40.0,50.5,12.3,True,4.5,0.8,19,13,855,False,1087,good,poor,True,4.8,0.8195
B00885,P0077,C0433,carpenter,2024-02-04 13:52,Sunday,weekend,13,midday,Kileleshwa,Kilimani,-1.283737,36.770673,-1.288562,36.771341,0.54,Uhuru Highway,1.31,1,38.2,0.9,1.1,0.7,True,4.7,0.801,1,23,40,True,622,good,good,True,4.6,0.9899
B00886,P0112,C0211,carpenter,2025-02-21 12:12,Friday,weekday,12,midday,Rongai,Karen,-1.407345,36.750173,-1.31517,36.711486,11.12,Langata Road,1.75,2,28.6,20.0,20.5,6.5,True,4.9,0.809,17,40,1190,True,779,poor,good,True,4.9,0.9203
B00887,P0082,C0441,cleaner,2024-09-18 09:13,Wednesday,weekday,9,mid_morning,Eastleigh,Eastleigh,-1.282442,36.857907,-1.270033,36.862979,1.49,Jogoo Road,1.89,3,26.5,3.5,3.3,7.7,True,4.6,0.888,3,15,129,False,690,poor,poor,True,4.5,0.9236
B00888,P0017,C0325,carpenter,2025-01-07 18:11,Tuesday,weekday,18,evening_rush,Parklands,Roysambu,-1.265137,36.832357,-1.203947,36.870637,8.03,Forest Road,3.67,9,13.6,39.4,47.2,11.6,True,3.8,0.979,7,16,238,True,1016,good,moderate,True,3.4,0.7542
B00889,P0053,C0434,electrician,2024-07-16 12:08,Tuesday,weekday,12,midday,Syokimau,Hurlingham,-1.355438,36.894191,-1.288875,36.784071,14.31,Mombasa Road,2.13,4,23.5,43.7,50.2,8.8,True,4.6,0.768,3,32,108,True,841,moderate,good,False,,0.5853
B00890,P0106,C0137,carpenter,2024-01-06 15:23,Saturday,weekend,15,early_afternoon,Syokimau,Hurlingham,-1.36283,36.900425,-1.301339,36.805859,12.54,Mombasa Road,1.43,1,35.0,16.9,20.9,9.5,True,5.0,0.769,17,37,799,True,870,moderate,good,False,,0.6559
B00891,P0074,C0331,cleaner,2025-05-27 11:15,Tuesday,weekday,11,midday,Hurlingham,Langata,-1.307168,36.802508,-1.342853,36.746206,7.41,Ngong Road,1.87,3,26.7,17.5,21.7,11.5,True,5.0,0.97,14,9,644,True,816,good,moderate,True,4.6,0.9546
B00892,P0042,C0132,electrician,2025-05-27 14:18,Tuesday,weekday,14,early_afternoon,Runda,Syokimau,-1.206172,36.812074,-1.368185,36.893622,20.17,Kiambu Road,1.64,2,30.5,43.1,43.0,3.0,True,3.6,0.884,5,28,395,True,513,good,moderate,True,3.5,0.9308
B00893,P0176,C0308,electrician,2024-01-14 08:52,Sunday,weekend,8,morning_rush,Lavington,Rongai,-1.274096,36.757864,-1.391075,36.743029,13.11,Uhuru Highway,2.53,5,19.8,49.4,52.6,4.4,True,4.5,0.8,19,13,855,False,1087,good,poor,False,,0.6009
B00894,P0061,C0208,technician,2025-04-11 12:02,Friday,weekday,12,midday,Hurlingham,Githurai,-1.313263,36.795445,-1.190049,36.909318,18.65,Ngong Road,1.87,3,26.7,37.0,34.4,17.6,False,3.8,0.867,9,11,288,False,1097,good,poor,True,3.2,0.6422
B00895,P0062,C0059,electrician,2025-04-03 12:27,Thursday,weekday,12,midday,Runda,Parklands,-1.210904,36.813098,-1.268938,36.814627,6.46,Kiambu Road,1.65,2,30.3,11.4,12.0,1.7,True,4.1,0.957,10,36,530,True,1029,good,good,True,4.1,1.0
B00896,P0039,C0099,electrician,2024-01-26 16:31,Friday,weekday,16,evening_rush,Spring Valley,Dagoretti,-1.278278,36.738872,-1.288135,36.752045,1.83,Waiyaki Way,3.77,9,13.3,7.0,9.3,8.0,True,4.5,0.924,2,10,158,False,1205,good,poor,True,4.2,0.7837
B00897,P0008,C0126,electrician,2024-02-11 17:32,Sunday,weekend,17,evening_rush,Kasarani,Kilimani,-1.209809,36.907631,-1.290382,36.769278,17.8,Thika Road,2.64,5,18.9,54.4,49.3,2.0,True,4.4,0.779,12,34,636,True,919,moderate,good,True,4.7,0.8466
B00898,P0080,C0238,cleaner,2024-10-15 11:31,Tuesday,weekday,11,midday,Embakasi,Ngong,-1.329891,36.910858,-1.36592,36.665507,27.57,Mombasa Road,2.13,4,23.5,67.5,89.7,22.5,False,3.8,0.88,6,38,408,True,612,moderate,poor,False,,0.3371
B00899,P0125,C0287,carpenter,2024-11-05 07:27,Tuesday,weekday,7,morning_rush,CBD,Kileleshwa,-1.289186,36.82843,-1.278036,36.784835,5.0,Uhuru Highway,3.58,9,14.0,17.8,16.0,0.3,True,4.2,0.775,18,40,810,False,627,moderate,good,True,3.9,0.7736
B00900,P0112,C0217,carpenter,2025-04-07 15:39,Monday,weekday,15,early_afternoon,Rongai,Ngong,-1.407345,36.750173,-1.368109,36.663556,10.57,Langata Road,1.89,3,26.5,21.0,21.9,2.5,True,4.9,0.809,17,40,1190,True,779,poor,poor,True,4.8,0.9425
B00901,P0166,C0464,electrician,2024-02-01 09:20,Thursday,weekday,9,mid_morning,Upper Hill,Industrial Area,-1.284545,36.821501,-1.309673,36.858549,4.98,Uhuru Highway,2.25,4,22.2,17.6,23.6,6.6,True,3.9,0.944,14,36,1022,True,745,good,poor,True,3.9,0.897
B00902,P0010,C0104,electrician,2024-02-04 15:34,Sunday,weekend,15,early_afternoon,Kasarani,Athi River,-1.2307,36.90588,-1.450447,37.001944,26.67,Thika Road,1.34,1,37.3,45.6,52.7,19.4,False,4.1,0.887,15,43,840,True,1367,moderate,poor,True,3.4,0.6946
B00903,P0041,C0140,electrician,2025-05-14 16:40,Wednesday,weekday,16,evening_rush,Eastleigh,South B,-1.262587,36.837939,-1.311235,36.81256,6.1,Jogoo Road,3.57,9,14.0,20.4,20.0,0.2,True,3.7,0.801,17,24,731,True,969,poor,moderate,True,3.6,0.7632
B00904,P0035,C0015,technician,2024-01-01 15:50,Monday,weekday,15,early_afternoon,Eastleigh,Syokimau,-1.266177,36.853074,-1.369602,36.89257,12.31,Jogoo Road,1.94,3,25.8,25.0,25.9,7.8,True,4.3,0.857,3,26,99,True,1339,poor,moderate,True,5.0,0.8883
B00905,P0067,C0405,carpenter,2025-06-17 10:20,Tuesday,weekday,10,mid_morning,Runda,Embakasi,-1.203143,36.802115,-1.325085,36.890562,16.75,Kiambu Road,1.79,3,27.9,34.7,34.7,2.9,True,3.2,0.784,16,33,384,True,966,good,moderate,True,3.3,0.8496
B00906,P0072,C0338,plumber,2024-11-23 08:37,Saturday,weekend,8,morning_rush,Langata,Gigiri,-1.355719,36.761446,-1.232066,36.811424,14.83,Ngong Road,2.34,4,21.4,40.2,37.8,3.1,True,4.7,0.77,1,21,45,True,1300,moderate,good,True,4.7,0.872
B00907,P0141,C0091,carpenter,2024-11-14 11:07,Thursday,weekday,11,midday,CBD,Dagoretti,-1.283127,36.824297,-1.300012,36.737259,9.86,Uhuru Highway,1.88,3,26.6,20.7,25.9,12.3,True,4.7,0.952,6,33,240,False,1049,moderate,poor,True,4.6,0.9231
B00908,P0165,C0437,cleaner,2024-11-07 16:36,Thursday,weekday,16,evening_rush,Ngong,Roysambu,-1.345402,36.669582,-1.199398,36.866782,27.28,Ngong Road,4.0,10,12.5,123.0,159.4,38.9,False,5.0,0.908,7,20,490,False,515,poor,moderate,False,,0.1248
B00909,P0011,C0494,plumber,2024-03-12 14:37,Tuesday,weekday,14,early_afternoon,Kitengela,Lavington,-1.461571,36.951166,-1.272372,36.773177,28.88,Mombasa Road,2.13,4,23.5,55.9,49.7,2.3,True,3.5,0.741,16,28,768,True,1242,poor,good,True,3.8,0.8209
B00910,P0185,C0249,electrician,2024-08-24 15:54,Saturday,weekend,15,early_afternoon,Githurai,Hurlingham,-1.195468,36.886679,-1.309621,36.796608,16.17,Thika Road,1.34,1,37.3,23.6,26.3,3.5,True,4.1,0.814,3,27,189,True,800,poor,good,True,3.9,0.9406
B00911,P0006,C0029,technician,2024-06-06 08:51,Thursday,weekday,8,morning_rush,Parklands,Gigiri,-1.25903,36.810832,-1.215619,36.810058,4.83,Forest Road,3.15,7,15.9,14.6,17.7,6.8,True,4.4,0.902,19,21,513,True,630,good,good,True,4.9,0.8273
B00912,P0022,C0161,electrician,2024-07-20 08:14,Saturday,weekend,8,morning_rush,Langata,Karen,-1.337324,36.740716,-1.318661,36.710683,3.93,Ngong Road,2.34,4,21.4,10.5,13.2,3.1,True,4.9,0.913,14,13,350,True,1171,moderate,good,True,4.7,0.9535
B00913,P0155,C0153,plumber,2024-12-21 09:06,Saturday,weekend,9,mid_morning,Parklands,Kikuyu,-1.259306,36.829537,-1.238478,36.67186,17.68,Forest Road,1.21,1,41.3,25.1,24.0,0.3,True,4.6,0.866,17,44,476,False,863,good,poor,True,4.5,1.0
B00914,P0017,C0462,carpenter,2024-10-06 09:49,Sunday,weekend,9,mid_morning,Parklands,South B,-1.265137,36.832357,-1.306719,36.828675,4.64,Forest Road,1.21,1,41.3,7.3,6.3,0.2,True,3.8,0.979,7,16,238,True,1016,good,moderate,True,3.7,1.0
B00915,P0105,C0460,cleaner,2024-03-06 10:55,Wednesday,weekday,10,mid_morning,Upper Hill,Kasarani,-1.30826,36.804606,-1.226926,36.906219,14.47,Uhuru Highway,2.25,4,22.2,42.2,36.9,5.8,True,3.2,0.943,10,8,230,True,691,good,moderate,True,3.7,0.8682
B00916,P0094,C0344,electrician,2024-02-01 09:11,Thursday,weekday,9,mid_morning,Gigiri,Lavington,-1.216758,36.821188,-1.289021,36.782777,9.1,Forest Road,1.91,3,26.2,22.7,20.0,0.3,True,3.6,0.922,3,16,108,True,1414,good,good,True,4.0,0.9507
B00917,P0169,C0454,cleaner,2025-04-13 11:39,Sunday,weekend,11,midday,CBD,Parklands,-1.279373,36.828665,-1.264699,36.823282,1.74,Uhuru Highway,1.31,1,38.2,2.9,3.9,2.3,True,5.0,0.778,8,26,192,True,648,moderate,good,False,,0.73
B00918,P0024,C0204,cleaner,2024-12-05 07:35,Thursday,weekday,7,morning_rush,Langata,South B,-1.334684,36.751712,-1.322307,36.829114,8.71,Ngong Road,3.71,9,13.5,38.4,48.4,22.1,False,4.2,0.957,7,5,462,False,870,moderate,moderate,True,3.3,0.5225
B00919,P0186,C0432,cleaner,2024-08-03 11:27,Saturday,weekend,11,midday,Parklands,Langata,-1.259849,36.809984,-1.349647,36.743528,12.42,Forest Road,1.04,0,48.1,17.1,18.7,3.3,True,4.7,0.915,7,22,273,True,678,good,moderate,True,5.0,1.0
B00920,P0036,C0121,electrician,2024-01-26 09:40,Friday,weekday,9,mid_morning,Syokimau,Kitengela,-1.369792,36.909296,-1.466323,36.96644,12.47,Mombasa Road,2.25,4,22.2,37.6,48.0,10.5,True,5.0,0.905,9,25,693,False,1058,moderate,poor,True,5.0,0.9
B00921,P0029,C0293,electrician,2025-01-18 16:30,Saturday,weekend,16,evening_rush,Industrial Area,South C,-1.308364,36.858956,-1.322714,36.80236,6.49,Mombasa Road,3.0,7,16.7,27.0,25.8,1.0,True,5.0,0.886,16,32,1120,True,946,poor,moderate,True,4.4,0.9097
B00922,P0189,C0257,carpenter,2025-06-05 13:58,Thursday,weekday,13,midday,CBD,Githurai,-1.281145,36.806807,-1.190279,36.889396,13.65,Uhuru Highway,1.88,3,26.6,31.6,32.8,1.2,True,4.4,0.928,5,7,390,True,733,moderate,poor,True,4.8,0.9886
B00923,P0031,C0268,carpenter,2025-03-26 11:44,Wednesday,weekday,11,midday,Gigiri,Kilimani,-1.208399,36.806357,-1.293114,36.768586,10.31,Forest Road,1.7,2,29.4,24.1,21.6,6.9,True,3.1,0.929,2,21,112,False,546,good,good,True,3.2,0.891
B00924,P0171,C0425,plumber,2024-03-26 12:06,Tuesday,weekday,12,midday,Kilimani,Embakasi,-1.29787,36.771599,-1.329216,36.900372,14.73,Uhuru Highway,1.88,3,26.6,33.2,29.2,6.4,True,4.9,0.924,15,30,510,True,1293,good,moderate,False,,0.7183
B00925,P0149,C0487,technician,2024-03-23 12:33,Saturday,weekend,12,midday,South B,Dagoretti,-1.32145,36.814943,-1.292475,36.736769,9.27,Uhuru Highway,1.31,1,38.2,13.9,13.0,11.8,True,3.7,0.959,3,38,72,True,1667,moderate,poor,False,,0.6764
B00926,P0199,C0477,electrician,2024-01-01 16:21,Monday,weekday,16,evening_rush,Muthaiga,Ruiru,-1.249154,36.824128,-1.136399,36.959137,19.56,Forest Road,3.67,9,13.6,74.5,76.6,9.7,True,2.9,0.957,2,25,158,False,823,good,poor,True,3.1,0.7141
B00927,P0135,C0129,electrician,2024-12-20 11:55,Friday,weekday,11,midday,Muthaiga,Eastleigh,-1.24462,36.826256,-1.271806,36.8525,4.2,Forest Road,1.7,2,29.4,9.3,9.0,3.3,True,3.5,0.821,11,10,242,True,1068,good,poor,True,3.3,0.887
B00928,P0128,C0453,electrician,2024-05-08 07:01,Wednesday,weekday,7,morning_rush,Ruiru,Westlands,-1.143862,36.976006,-1.254517,36.817783,21.47,Thika Road,4.0,10,12.5,118.4,130.5,12.2,True,3.9,0.843,19,39,1501,True,859,poor,good,True,3.7,0.6598
B00929,P0024,C0122,cleaner,2025-05-09 16:31,Friday,weekday,16,evening_rush,Langata,Hurlingham,-1.334684,36.751712,-1.302561,36.799935,6.44,Ngong Road,4.0,10,12.5,28.0,33.5,10.8,True,4.2,0.957,7,5,462,False,870,moderate,good,True,3.7,0.7435
B00930,P0154,C0063,plumber,2024-12-19 15:52,Thursday,weekday,15,early_afternoon,Kitengela,Githurai,-1.476899,36.960583,-1.177365,36.907348,33.83,Mombasa Road,2.13,4,23.5,116.5,140.4,26.3,False,3.6,0.867,14,11,952,True,712,poor,poor,True,3.7,0.5389
B00931,P0198,C0414,cleaner,2024-09-27 16:21,Friday,weekday,16,evening_rush,Ngong,Kitengela,-1.366998,36.657289,-1.463799,36.971686,36.57,Ngong Road,4.0,10,12.5,172.0,222.8,51.6,False,4.7,0.916,6,42,216,True,519,poor,poor,True,3.9,0.288
B00932,P0081,C0169,plumber,2024-02-28 13:17,Wednesday,weekday,13,midday,Upper Hill,Langata,-1.307096,36.828446,-1.344115,36.750478,9.6,Uhuru Highway,1.88,3,26.6,16.3,21.2,5.2,True,4.8,0.858,8,38,440,True,599,good,moderate,True,5.0,0.9403
B00933,P0150,C0378,cleaner,2024-08-10 07:05,Saturday,weekend,7,morning_rush,Athi River,Githurai,-1.468362,37.007079,-1.177054,36.9103,34.13,Mombasa Road,2.67,6,18.7,101.6,120.2,18.8,False,5.0,0.827,16,29,896,True,401,poor,poor,True,4.8,0.6082
B00934,P0100,C0413,plumber,2024-02-21 08:47,Wednesday,weekday,8,morning_rush,South C,South C,-1.32936,36.803922,-1.329888,36.797591,0.71,Langata Road,3.3,8,15.2,3.3,3.1,2.0,True,4.0,0.88,19,21,399,True,1339,moderate,moderate,True,4.1,0.8243
B00935,P0192,C0381,carpenter,2025-01-02 10:42,Thursday,weekday,10,mid_morning,Ruiru,Parklands,-1.139674,36.956392,-1.269759,36.82673,20.42,Thika Road,2.31,4,21.6,51.8,67.5,17.4,False,4.1,0.856,5,15,135,True,760,poor,good,True,3.4,0.6182
B00936,P0061,C0479,technician,2025-02-18 10:11,Tuesday,weekday,10,mid_morning,Hurlingham,CBD,-1.313263,36.795445,-1.281689,36.817117,4.26,Ngong Road,2.08,4,24.0,11.7,11.4,9.0,True,3.8,0.867,9,11,288,False,1097,good,moderate,True,3.8,0.8471
B00937,P0109,C0112,cleaner,2024-01-20 18:19,Saturday,weekend,18,evening_rush,Kileleshwa,Kasarani,-1.273273,36.789956,-1.213379,36.905839,14.5,Uhuru Highway,2.59,5,19.3,34.0,40.4,9.5,True,3.7,0.918,19,42,1368,True,740,good,moderate,True,3.6,0.8226
B00938,P0037,C0055,cleaner,2025-03-15 12:07,Saturday,weekend,12,midday,Langata,Kitengela,-1.35501,36.742017,-1.483943,36.971996,29.31,Ngong Road,1.27,1,39.4,57.2,61.5,4.7,True,5.0,0.927,5,37,190,True,468,moderate,poor,True,5.0,1.0
B00939,P0045,C0110,carpenter,2024-06-30 07:04,Sunday,weekend,7,morning_rush,Dagoretti,Karen,-1.293654,36.741826,-1.327152,36.701674,5.81,Uhuru Highway,2.53,5,19.8,23.6,22.2,7.9,True,4.7,0.781,19,17,1425,True,1141,poor,good,True,5.0,0.8223
B00940,P0071,C0226,cleaner,2024-07-20 18:34,Saturday,weekend,18,evening_rush,Syokimau,Githurai,-1.372822,36.900737,-1.180414,36.893251,21.41,Mombasa Road,3.0,7,16.7,79.1,71.6,2.3,True,4.0,0.902,4,35,212,False,755,moderate,poor,True,3.7,0.8568
B00941,P0105,C0131,cleaner,2024-06-30 08:24,Sunday,weekend,8,morning_rush,Upper Hill,South C,-1.30826,36.804606,-1.309548,36.799497,0.59,Uhuru Highway,2.53,5,19.8,1.7,2.3,0.9,True,3.2,0.943,10,8,230,True,691,good,moderate,True,2.7,0.8866
B00942,P0151,C0029,cleaner,2024-05-31 16:29,Friday,weekday,16,evening_rush,Dagoretti,Gigiri,-1.302898,36.752931,-1.215619,36.810058,11.6,Uhuru Highway,4.0,10,12.5,67.3,68.5,3.9,True,4.8,0.747,8,12,480,False,887,poor,good,False,,0.476
B00943,P0126,C0274,plumber,2025-03-15 11:28,Saturday,weekend,11,midday,Syokimau,Roysambu,-1.384197,36.899152,-1.219255,36.863417,18.77,Mombasa Road,1.39,1,36.0,35.4,38.1,4.2,True,3.8,0.784,1,32,46,True,1101,moderate,moderate,False,,0.6508
B00944,P0096,C0359,technician,2024-03-16 11:21,Saturday,weekend,11,midday,Dagoretti,Hurlingham,-1.288134,36.742623,-1.290452,36.798548,6.22,Uhuru Highway,1.31,1,38.2,7.6,9.1,2.2,True,4.6,0.889,17,42,510,True,1253,poor,good,False,,0.7664
B00945,P0029,C0163,electrician,2024-09-16 10:22,Monday,weekday,10,mid_morning,Industrial Area,Kitengela,-1.308364,36.858956,-1.485599,36.955497,22.44,Mombasa Road,2.25,4,22.2,62.3,83.5,22.8,False,5.0,0.886,16,32,1120,True,946,poor,poor,True,4.1,0.638
B00946,P0140,C0217,technician,2024-03-25 12:01,Monday,weekday,12,midday,Dagoretti,Ngong,-1.281413,36.751532,-1.368109,36.663556,13.73,Uhuru Highway,1.88,3,26.6,32.0,42.1,10.5,True,4.4,0.846,18,37,1224,True,1113,poor,poor,True,4.5,0.8701
B00947,P0122,C0350,plumber,2024-01-24 10:31,Wednesday,weekday,10,mid_morning,Roysambu,Hurlingham,-1.198937,36.868092,-1.29414,36.789695,13.71,Thika Road,2.31,4,21.6,40.6,40.3,1.0,True,4.1,0.848,1,24,34,True,504,moderate,good,True,3.4,0.9009
B00948,P0064,C0494,electrician,2025-01-26 08:10,Sunday,weekend,8,morning_rush,Parklands,Lavington,-1.263494,36.832383,-1.272372,36.773177,6.66,Forest Road,2.21,4,22.6,18.9,24.4,12.4,True,3.7,0.803,18,6,1224,True,1206,good,good,True,3.7,0.7714
B00949,P0072,C0451,plumber,2025-05-14 15:53,Wednesday,weekday,15,early_afternoon,Langata,Syokimau,-1.355719,36.761446,-1.374186,36.904116,15.99,Ngong Road,2.03,3,24.6,30.2,39.2,17.2,False,4.7,0.77,1,21,45,True,1300,moderate,moderate,True,4.9,0.6293
B00950,P0038,C0186,cleaner,2024-02-29 07:12,Thursday,weekday,7,morning_rush,Kitengela,Runda,-1.478252,36.974953,-1.21216,36.809049,34.87,Mombasa Road,4.0,10,12.5,137.2,149.0,12.4,True,3.1,0.788,15,39,930,False,443,poor,good,True,3.3,0.5907
B00951,P0122,C0367,plumber,2024-09-26 15:28,Thursday,weekday,15,early_afternoon,Roysambu,Spring Valley,-1.198937,36.868092,-1.273761,36.750099,15.53,Thika Road,2.18,4,22.9,39.3,47.0,10.6,True,4.1,0.848,1,24,34,True,504,moderate,good,True,3.8,0.8313
B00952,P0095,C0421,plumber,2024-01-01 07:52,Monday,weekday,7,morning_rush,Spring Valley,Kileleshwa,-1.277903,36.744602,-1.280201,36.768729,2.69,Waiyaki Way,3.46,8,14.5,15.3,20.4,9.1,True,3.9,0.847,12,33,672,True,967,good,good,True,3.7,0.7309
B00953,P0079,C0011,cleaner,2024-07-28 08:16,Sunday,weekend,8,morning_rush,Kikuyu,Athi River,-1.261245,36.651334,-1.461377,36.999531,44.65,Waiyaki Way,2.2,4,22.7,111.5,116.9,11.6,True,4.6,0.899,3,9,111,True,889,poor,poor,False,,0.6218
B00954,P0166,C0496,electrician,2024-11-05 08:37,Tuesday,weekday,8,morning_rush,Upper Hill,Rongai,-1.284545,36.821501,-1.398841,36.75782,14.55,Uhuru Highway,3.58,9,14.0,63.1,63.4,9.1,True,3.9,0.944,14,36,1022,True,745,good,poor,True,3.2,0.7698
B00955,P0156,C0018,electrician,2024-10-10 13:33,Thursday,weekday,13,midday,Muthaiga,Kitengela,-1.236172,36.844282,-1.479626,36.949987,29.51,Forest Road,1.7,2,29.4,65.6,79.2,14.8,True,4.2,0.819,19,21,475,True,963,good,poor,True,4.2,0.8252
B00956,P0190,C0340,technician,2024-04-04 17:07,Thursday,weekday,17,evening_rush,Ngong,Upper Hill,-1.349406,36.65827,-1.299413,36.816324,18.43,Ngong Road,4.0,10,12.5,82.5,98.8,16.6,False,3.8,0.809,15,38,465,True,974,poor,good,True,3.8,0.4512
B00957,P0014,C0354,electrician,2024-12-20 08:10,Friday,weekday,8,morning_rush,Embakasi,CBD,-1.309393,36.91238,-1.272645,36.815443,11.52,Mombasa Road,4.0,10,12.5,56.3,72.3,17.9,False,3.4,0.925,19,9,836,True,551,moderate,moderate,False,,0.2283
B00958,P0172,C0123,electrician,2024-03-21 18:56,Thursday,weekday,18,evening_rush,Westlands,Kikuyu,-1.259894,36.796652,-1.246299,36.666144,14.59,Waiyaki Way,3.77,9,13.3,50.3,67.3,25.0,False,5.0,0.841,14,27,1106,True,839,good,poor,True,4.5,0.4756
B00959,P0065,C0283,electrician,2024-03-16 14:05,Saturday,weekend,14,early_afternoon,Kasarani,Upper Hill,-1.210236,36.897134,-1.304441,36.823705,13.28,Thika Road,1.34,1,37.3,20.1,26.6,10.6,True,5.0,0.784,10,40,200,True,1272,moderate,good,True,4.2,0.9115
B00960,P0099,C0159,plumber,2024-06-02 10:48,Sunday,weekend,10,mid_morning,Roysambu,Githurai,-1.221829,36.868602,-1.186539,36.897307,5.06,Thika Road,1.44,1,34.7,10.9,9.3,1.9,True,3.1,0.917,11,10,330,True,711,moderate,poor,True,3.3,0.9475
B00961,P0164,C0491,technician,2024-06-25 12:26,Tuesday,weekday,12,midday,South C,Upper Hill,-1.318632,36.781856,-1.297242,36.824461,5.3,Langata Road,1.75,2,28.6,13.0,12.6,0.2,True,4.3,0.755,5,23,280,True,984,moderate,good,False,,0.6658
B00962,P0180,C0186,technician,2024-06-17 09:13,Monday,weekday,9,mid_morning,Upper Hill,Runda,-1.303674,36.816618,-1.21216,36.809049,10.21,Uhuru Highway,2.25,4,22.2,27.8,36.9,9.8,True,4.3,0.987,16,44,544,True,1558,good,good,True,4.3,0.9118
B00963,P0176,C0063,electrician,2024-06-12 08:28,Wednesday,weekday,8,morning_rush,Lavington,Githurai,-1.274096,36.757864,-1.177365,36.907348,19.8,Uhuru Highway,3.58,9,14.0,71.5,80.7,10.4,True,4.5,0.8,19,13,855,False,1087,good,poor,True,4.5,0.7169
B00964,P0137,C0444,technician,2024-09-18 07:52,Wednesday,weekday,7,morning_rush,South C,Muthaiga,-1.326641,36.801857,-1.258748,36.843226,8.84,Langata Road,3.3,8,15.2,40.2,40.6,1.5,True,4.4,0.817,7,12,462,True,794,moderate,good,True,4.1,0.817
B00965,P0061,C0440,technician,2024-01-05 07:05,Friday,weekday,7,morning_rush,Hurlingham,South B,-1.313263,36.795445,-1.319957,36.816344,2.44,Ngong Road,3.71,9,13.5,11.4,13.6,3.4,True,3.8,0.867,9,11,288,False,1097,good,moderate,True,3.6,0.7634
B00966,P0114,C0199,cleaner,2024-01-31 11:26,Wednesday,weekday,11,midday,Githurai,Kasarani,-1.17431,36.888295,-1.223001,36.90584,5.75,Thika Road,2.09,4,23.9,17.9,19.5,9.1,True,3.8,0.766,7,19,357,True,551,poor,moderate,False,,0.545
B00967,P0003,C0466,cleaner,2024-07-08 15:08,Monday,weekday,15,early_afternoon,Kilimani,Dagoretti,-1.304266,36.787504,-1.289227,36.74283,5.24,Uhuru Highway,2.1,4,23.8,15.2,15.8,14.7,True,5.0,0.846,15,25,390,True,501,good,poor,False,,0.5975
B00968,P0101,C0475,cleaner,2024-03-20 17:49,Wednesday,weekday,17,evening_rush,South B,Athi River,-1.316934,36.821923,-1.452459,36.984699,23.55,Uhuru Highway,4.0,10,12.5,119.3,154.7,35.9,False,4.8,0.773,5,33,180,True,405,moderate,poor,True,4.6,0.3223
B00969,P0066,C0155,technician,2025-05-04 16:56,Sunday,weekend,16,evening_rush,Athi River,Langata,-1.457679,36.988129,-1.340628,36.735996,30.9,Mombasa Road,3.0,7,16.7,118.8,141.8,24.3,False,5.0,0.777,12,37,768,True,1320,poor,moderate,True,4.9,0.511
B00970,P0024,C0480,cleaner,2024-04-12 14:34,Friday,weekday,14,early_afternoon,Langata,Gigiri,-1.334684,36.751712,-1.218447,36.802274,14.09,Ngong Road,2.03,3,24.6,32.7,31.3,0.3,True,4.2,0.957,7,5,462,False,870,moderate,good,False,,0.7386
B00971,P0194,C0121,plumber,2025-04-16 08:40,Wednesday,weekday,8,morning_rush,Ruiru,Kitengela,-1.158479,36.954798,-1.466323,36.96644,34.26,Thika Road,4.0,10,12.5,184.6,179.4,2.3,True,4.8,0.813,19,40,779,True,627,poor,poor,True,5.0,0.7723
B00972,P0077,C0108,carpenter,2024-11-09 10:10,Saturday,weekend,10,mid_morning,Kileleshwa,Karen,-1.283737,36.770673,-1.313554,36.707321,7.78,Uhuru Highway,1.43,1,35.0,13.4,17.5,4.1,True,4.7,0.801,1,23,40,True,622,good,good,True,4.7,0.9519
B00973,P0042,C0469,electrician,2024-09-11 16:46,Wednesday,weekday,16,evening_rush,Runda,Industrial Area,-1.206172,36.812074,-1.310124,36.859441,12.7,Kiambu Road,3.27,8,15.3,48.3,51.2,3.3,True,3.6,0.884,5,28,395,True,513,good,poor,True,4.0,0.7979
B00974,P0113,C0324,carpenter,2024-12-17 12:24,Tuesday,weekday,12,midday,Eastleigh,Kikuyu,-1.285759,36.862408,-1.245147,36.659313,23.02,Jogoo Road,1.71,2,29.2,46.4,47.8,1.5,True,4.9,0.731,9,21,279,True,540,poor,poor,True,4.9,0.9262
B00975,P0082,C0451,cleaner,2024-04-21 13:10,Sunday,weekend,13,midday,Eastleigh,Syokimau,-1.282442,36.857907,-1.374186,36.904116,11.42,Jogoo Road,1.13,0,44.2,17.8,21.3,3.5,True,4.6,0.888,3,15,129,False,690,poor,moderate,False,,0.7694
B00976,P0197,C0330,plumber,2025-01-15 15:25,Wednesday,weekday,15,early_afternoon,Githurai,Kileleshwa,-1.184159,36.908215,-1.28316,36.773274,18.61,Thika Road,2.18,4,22.9,50.5,59.6,10.2,True,3.9,0.731,13,8,650,True,1250,poor,good,True,3.2,0.7661
B00977,P0105,C0405,cleaner,2025-03-09 15:35,Sunday,weekend,15,early_afternoon,Upper Hill,Embakasi,-1.30826,36.804606,-1.325085,36.890562,9.74,Uhuru Highway,1.35,1,37.0,14.6,15.0,6.1,True,3.2,0.943,10,8,230,True,691,good,moderate,True,3.6,0.9377
B00978,P0009,C0141,technician,2024-02-09 10:52,Friday,weekday,10,mid_morning,Westlands,Langata,-1.26042,36.818632,-1.334182,36.745251,11.57,Waiyaki Way,2.13,4,23.5,32.8,33.7,1.8,True,4.9,0.954,9,9,531,False,879,good,moderate,True,4.9,1.0
B00979,P0021,C0422,technician,2025-02-25 09:45,Tuesday,weekday,9,mid_morning,Kasarani,Gigiri,-1.234208,36.887013,-1.225999,36.804032,9.27,Thika Road,2.31,4,21.6,20.5,25.5,5.5,True,4.3,0.918,11,35,693,True,1319,moderate,good,True,4.5,0.9084
B00980,P0200,C0482,electrician,2024-07-01 17:02,Monday,weekday,17,evening_rush,Ruiru,Westlands,-1.130766,36.953965,-1.253546,36.813729,20.72,Thika Road,4.0,10,12.5,91.0,118.8,29.6,False,5.0,0.729,1,25,67,False,1047,poor,good,True,4.7,0.3628
B00981,P0126,C0242,plumber,2025-03-02 16:14,Sunday,weekend,16,evening_rush,Syokimau,Dagoretti,-1.384197,36.899152,-1.280377,36.755918,19.67,Mombasa Road,3.0,7,16.7,70.7,92.5,24.7,False,3.8,0.784,1,32,46,True,1101,moderate,poor,True,3.5,0.4512
B00982,P0189,C0212,carpenter,2024-08-09 10:49,Friday,weekday,10,mid_morning,CBD,Hurlingham,-1.281145,36.806807,-1.290805,36.800229,1.3,Uhuru Highway,2.25,4,22.2,3.7,4.1,0.8,True,4.4,0.928,5,7,390,True,733,moderate,good,True,5.0,0.9623
B00983,P0086,C0368,electrician,2024-06-11 15:13,Tuesday,weekday,15,early_afternoon,Rongai,Upper Hill,-1.399737,36.737186,-1.294172,36.820258,14.94,Langata Road,1.89,3,26.5,29.6,30.4,1.7,True,4.3,0.749,12,26,612,True,1339,poor,good,False,,0.6391
B00984,P0109,C0449,cleaner,2025-04-04 15:07,Friday,weekday,15,early_afternoon,Kileleshwa,Hurlingham,-1.273273,36.789956,-1.30473,36.798081,3.61,Uhuru Highway,2.1,4,23.8,9.6,12.9,6.0,True,3.7,0.918,19,42,1368,True,740,good,good,True,4.1,0.891
B00985,P0026,C0423,plumber,2024-09-10 17:35,Tuesday,weekday,17,evening_rush,Kasarani,South C,-1.234607,36.913473,-1.309305,36.790216,16.02,Thika Road,4.0,10,12.5,81.7,105.8,28.0,False,4.6,0.959,10,6,750,True,1116,moderate,moderate,True,4.4,0.4712
B00986,P0042,C0358,electrician,2024-04-17 10:03,Wednesday,weekday,10,mid_morning,Runda,Embakasi,-1.206172,36.812074,-1.327547,36.912204,17.49,Kiambu Road,1.79,3,27.9,33.8,34.6,1.2,True,3.6,0.884,5,28,395,True,513,good,moderate,True,3.7,0.9338
B00987,P0067,C0260,carpenter,2025-02-11 13:51,Tuesday,weekday,13,midday,Runda,Lavington,-1.203143,36.802115,-1.291559,36.77832,10.18,Kiambu Road,1.65,2,30.3,21.2,24.5,5.2,True,3.2,0.784,16,33,384,True,966,good,good,True,2.8,0.8417
B00988,P0017,C0181,carpenter,2025-06-17 12:25,Tuesday,weekday,12,midday,Parklands,Gigiri,-1.265137,36.832357,-1.213521,36.815262,6.05,Forest Road,1.7,2,29.4,13.5,12.3,0.1,True,3.8,0.979,7,16,238,True,1016,good,good,True,3.4,1.0
B00989,P0108,C0309,cleaner,2024-03-07 18:14,Thursday,weekday,18,evening_rush,Ruiru,Muthaiga,-1.133647,36.975468,-1.246888,36.834549,20.1,Thika Road,4.0,10,12.5,114.2,116.8,3.3,True,4.8,0.739,4,44,244,True,407,poor,good,True,4.7,0.727
B00990,P0187,C0417,technician,2025-01-19 16:45,Sunday,weekend,16,evening_rush,Westlands,Hurlingham,-1.2733,36.817332,-1.302831,36.783499,4.99,Waiyaki Way,2.44,5,20.5,13.6,15.5,3.2,True,4.3,0.789,17,39,816,True,794,good,good,False,,0.6026
B00991,P0141,C0378,carpenter,2024-10-11 09:22,Friday,weekday,9,mid_morning,CBD,Githurai,-1.283127,36.824297,-1.177054,36.9103,15.18,Uhuru Highway,2.25,4,22.2,34.7,44.9,12.5,True,4.7,0.952,6,33,240,False,1049,moderate,poor,True,5.0,0.8918
B00992,P0084,C0233,technician,2024-04-14 07:27,Sunday,weekend,7,morning_rush,Eastleigh,Kilimani,-1.261233,36.851061,-1.293414,36.784308,8.24,Jogoo Road,2.17,4,23.0,20.5,23.7,5.2,True,4.9,0.823,15,26,705,True,758,poor,good,True,4.5,0.9046
B00993,P0178,C0015,electrician,2024-04-11 15:27,Thursday,weekday,15,early_afternoon,Eastleigh,Syokimau,-1.282287,36.844486,-1.369602,36.89257,11.08,Jogoo Road,1.94,3,25.8,26.7,35.4,9.9,True,5.0,0.888,5,35,145,True,859,poor,moderate,True,4.8,0.9213
B00994,P0196,C0027,technician,2025-06-10 13:39,Tuesday,weekday,13,midday,Kasarani,Hurlingham,-1.219995,36.884155,-1.286438,36.801682,11.77,Thika Road,2.09,4,23.9,25.7,25.2,3.2,True,3.4,0.833,3,23,120,False,1053,moderate,good,True,3.1,0.8576
B00995,P0165,C0329,cleaner,2024-07-13 12:32,Saturday,weekend,12,midday,Ngong,Athi River,-1.345402,36.669582,-1.452349,36.993493,37.92,Ngong Road,1.27,1,39.4,73.4,86.6,15.1,False,5.0,0.908,7,20,490,False,515,poor,poor,True,5.0,0.7916
B00996,P0048,C0323,electrician,2025-01-02 13:50,Thursday,weekday,13,midday,Dagoretti,Athi River,-1.28378,36.747291,-1.452273,36.98172,32.1,Uhuru Highway,1.88,3,26.6,79.4,70.5,3.2,True,5.0,0.867,19,34,1311,True,1137,poor,poor,True,5.0,0.9714
B00997,P0114,C0406,cleaner,2024-04-14 12:03,Sunday,weekend,12,midday,Githurai,Kileleshwa,-1.17431,36.888295,-1.27147,36.783183,15.91,Thika Road,1.35,1,37.0,27.4,23.6,0.1,True,3.8,0.766,7,19,357,True,551,poor,good,False,,0.6792
B00998,P0165,C0070,cleaner,2025-06-17 15:52,Tuesday,weekday,15,early_afternoon,Ngong,Spring Valley,-1.345402,36.669582,-1.27041,36.756248,12.74,Ngong Road,2.03,3,24.6,27.3,26.7,4.3,True,5.0,0.908,7,20,490,False,515,poor,good,False,,0.7208
B00999,P0001,C0206,electrician,2025-02-22 14:29,Saturday,weekend,14,early_afternoon,Kileleshwa,Parklands,-1.265552,36.774614,-1.26046,36.815631,4.59,Uhuru Highway,1.35,1,37.0,7.6,9.6,4.3,True,4.8,0.788,7,10,182,True,1054,good,good,True,4.7,0.9552
B01000,P0052,C0322,cleaner,2024-11-27 14:41,Wednesday,weekday,14,early_afternoon,Kitengela,Langata,-1.47149,36.958108,-1.351678,36.759249,25.81,Mombasa Road,2.13,4,23.5,69.5,82.9,19.0,False,5.0,0.889,8,14,280,False,767,poor,moderate,True,5.0,0.6808
B01001,P0079,C0161,cleaner,2024-03-18 14:34,Monday,weekday,14,early_afternoon,Kikuyu,Karen,-1.261245,36.651334,-1.318661,36.710683,9.18,Waiyaki Way,1.95,3,25.6,24.8,26.0,4.7,True,4.6,0.899,3,9,111,True,889,poor,good,True,4.2,0.9493
B01002,P0148,C0043,technician,2024-08-25 08:37,Sunday,weekend,8,morning_rush,Kileleshwa,Kileleshwa,-1.273235,36.790198,-1.267218,36.769721,2.37,Uhuru Highway,2.53,5,19.8,5.7,5.4,0.6,True,3.3,0.88,7,23,329,True,1141,good,good,True,2.9,0.8626
B01003,P0029,C0081,electrician,2024-09-30 14:28,Monday,weekday,14,early_afternoon,Industrial Area,Karen,-1.308364,36.858956,-1.30782,36.70059,17.61,Mombasa Road,2.13,4,23.5,45.2,39.0,0.6,True,5.0,0.886,16,32,1120,True,946,poor,good,True,4.8,0.9826
B01004,P0064,C0265,electrician,2024-05-24 17:58,Friday,weekday,17,evening_rush,Parklands,Ruiru,-1.263494,36.832383,-1.149275,36.951702,18.36,Forest Road,3.67,9,13.6,60.4,51.9,2.8,True,3.7,0.803,18,6,1224,True,1206,good,poor,False,,0.4846
B01005,P0183,C0497,carpenter,2024-09-11 09:02,Wednesday,weekday,9,mid_morning,Langata,Embakasi,-1.346859,36.745886,-1.319356,36.905366,17.99,Ngong Road,2.08,4,24.0,44.4,51.4,10.9,True,3.4,0.755,14,5,322,True,885,moderate,moderate,False,,0.5053
B01006,P0197,C0426,plumber,2024-08-16 15:24,Friday,weekday,15,early_afternoon,Githurai,Embakasi,-1.184159,36.908215,-1.312607,36.902451,14.3,Thika Road,2.18,4,22.9,32.0,27.3,1.2,True,3.9,0.731,13,8,650,True,1250,poor,moderate,False,,0.5911
B01007,P0167,C0391,electrician,2024-08-17 12:44,Saturday,weekend,12,midday,Muthaiga,Roysambu,-1.239047,36.830687,-1.200742,36.873411,6.38,Forest Road,1.04,0,48.1,8.4,11.0,11.1,True,4.9,0.874,13,24,338,True,561,good,moderate,True,4.7,0.9713
B01008,P0034,C0434,electrician,2024-06-09 11:00,Sunday,weekend,11,midday,Ruiru,Hurlingham,-1.147348,36.960424,-1.288875,36.784071,25.14,Thika Road,1.35,1,37.0,35.1,39.4,4.5,True,4.7,0.756,12,21,348,True,1449,poor,good,True,5.0,0.9325
B01009,P0153,C0352,cleaner,2025-06-18 07:54,Wednesday,weekday,7,morning_rush,Runda,Gigiri,-1.21906,36.808167,-1.2239,36.80017,1.04,Kiambu Road,3.05,7,16.4,4.6,5.9,9.9,True,3.9,0.781,15,13,1050,True,518,good,good,False,,0.474
B01010,P0106,C0406,carpenter,2024-05-28 11:33,Tuesday,weekday,11,midday,Syokimau,Kileleshwa,-1.36283,36.900425,-1.27147,36.783183,16.52,Mombasa Road,2.13,4,23.5,44.1,41.3,1.1,True,5.0,0.769,17,37,799,True,870,moderate,good,True,4.3,0.9199
B01011,P0082,C0232,cleaner,2025-02-25 14:08,Tuesday,weekday,14,early_afternoon,Eastleigh,Syokimau,-1.282442,36.857907,-1.374822,36.890039,10.88,Jogoo Road,1.94,3,25.8,31.3,30.6,5.7,True,4.6,0.888,3,15,129,False,690,poor,moderate,True,4.5,0.9363
B01012,P0123,C0448,technician,2024-01-09 12:40,Tuesday,weekday,12,midday,South C,Runda,-1.304593,36.805869,-1.210032,36.796905,10.56,Langata Road,1.75,2,28.6,18.8,21.4,5.3,True,4.0,0.913,17,10,901,False,888,moderate,good,True,4.0,0.9373
B01013,P0189,C0069,carpenter,2024-05-17 08:28,Friday,weekday,8,morning_rush,CBD,Embakasi,-1.281145,36.806807,-1.310843,36.889174,9.73,Uhuru Highway,3.58,9,14.0,43.1,40.9,0.7,True,4.4,0.928,5,7,390,True,733,moderate,moderate,True,4.6,0.8568
B01014,P0067,C0089,carpenter,2024-09-18 16:49,Wednesday,weekday,16,evening_rush,Runda,Gigiri,-1.203143,36.802115,-1.224519,36.812154,2.63,Kiambu Road,3.27,8,15.3,10.1,11.8,2.6,True,3.2,0.784,16,33,384,True,966,good,good,False,,0.4837
B01015,P0176,C0304,electrician,2024-12-14 18:14,Saturday,weekend,18,evening_rush,Lavington,Githurai,-1.274096,36.757864,-1.178198,36.903027,19.34,Uhuru Highway,2.59,5,19.3,59.5,64.0,5.2,True,4.5,0.8,19,13,855,False,1087,good,poor,True,5.0,0.8395
B01016,P0084,C0410,technician,2024-12-09 11:13,Monday,weekday,11,midday,Eastleigh,Parklands,-1.261233,36.851061,-1.266272,36.821401,3.34,Jogoo Road,1.71,2,29.2,7.2,8.9,3.9,True,4.9,0.823,15,26,705,True,758,poor,good,False,,0.7022
B01017,P0073,C0102,plumber,2025-01-10 09:46,Friday,weekday,9,mid_morning,Parklands,Eastleigh,-1.265689,36.829151,-1.28078,36.848361,2.72,Forest Road,1.91,3,26.2,6.7,8.2,4.3,True,3.3,0.879,6,40,180,True,1079,good,poor,False,,0.6309
B01018,P0022,C0213,electrician,2024-11-28 07:31,Thursday,weekday,7,morning_rush,Langata,Gigiri,-1.337324,36.740716,-1.21338,36.801119,15.33,Ngong Road,3.71,9,13.5,71.9,89.2,18.3,False,4.9,0.913,14,13,350,True,1171,moderate,good,True,4.5,0.5672
B01019,P0095,C0094,plumber,2025-02-26 09:41,Wednesday,weekday,9,mid_morning,Spring Valley,Dagoretti,-1.277903,36.744602,-1.30353,36.736951,2.97,Waiyaki Way,2.13,4,23.5,7.3,8.4,11.2,True,3.9,0.847,12,33,672,True,967,good,poor,True,2.7,0.8198
B01020,P0101,C0449,cleaner,2024-02-03 12:18,Saturday,weekend,12,midday,South B,Hurlingham,-1.316934,36.821923,-1.30473,36.798081,2.98,Uhuru Highway,1.31,1,38.2,4.2,5.6,3.0,True,4.8,0.773,5,33,180,True,405,moderate,good,False,,0.7117
B01021,P0097,C0484,carpenter,2025-04-28 12:07,Monday,weekday,12,midday,Hurlingham,Hurlingham,-1.290422,36.794618,-1.297799,36.804038,1.33,Ngong Road,1.87,3,26.7,3.2,3.2,1.3,True,5.0,0.957,16,42,544,True,1011,good,good,True,5.0,1.0
B01022,P0147,C0115,technician,2025-01-10 14:12,Friday,weekday,14,early_afternoon,Roysambu,Dagoretti,-1.198042,36.880644,-1.294094,36.748499,18.16,Thika Road,2.18,4,22.9,48.5,64.4,26.5,False,5.0,0.932,15,30,855,False,1336,moderate,poor,True,4.5,0.6358
B01023,P0006,C0486,technician,2025-02-22 15:39,Saturday,weekend,15,early_afternoon,Parklands,Roysambu,-1.25903,36.810832,-1.219694,36.863585,7.32,Forest Road,1.16,1,43.1,11.7,13.4,6.0,True,4.4,0.902,19,21,513,True,630,good,moderate,True,4.7,0.9932
B01024,P0006,C0473,technician,2024-05-11 17:11,Saturday,weekend,17,evening_rush,Parklands,Kitengela,-1.25903,36.810832,-1.468293,36.954207,28.2,Forest Road,2.22,4,22.5,62.4,54.0,1.6,True,4.4,0.902,19,21,513,True,630,good,poor,True,4.3,0.9451
B01025,P0143,C0332,technician,2024-04-25 08:54,Thursday,weekday,8,morning_rush,Spring Valley,Athi River,-1.257355,36.737855,-1.445913,36.990574,35.05,Waiyaki Way,3.46,8,14.5,130.8,133.2,2.5,True,3.7,0.841,2,18,154,True,1473,good,poor,True,3.6,0.7729
B01026,P0157,C0321,cleaner,2025-03-10 09:42,Monday,weekday,9,mid_morning,Roysambu,Parklands,-1.213324,36.857954,-1.259242,36.811447,7.27,Thika Road,2.31,4,21.6,22.8,30.0,8.1,True,3.7,0.948,6,10,216,True,857,moderate,good,True,3.4,0.8717
B01027,P0059,C0465,cleaner,2025-03-24 11:38,Monday,weekday,11,midday,Ruiru,Industrial Area,-1.15681,36.947432,-1.313583,36.857632,20.09,Thika Road,2.09,4,23.9,53.7,66.4,15.3,False,4.4,0.818,7,42,182,True,321,poor,poor,False,,0.3993
B01028,P0023,C0499,plumber,2025-03-17 08:13,Monday,weekday,8,morning_rush,Runda,Kasarani,-1.20871,36.820684,-1.215307,36.907158,9.64,Kiambu Road,3.05,7,16.4,37.0,40.9,5.1,True,3.8,0.977,7,10,539,True,894,good,moderate,True,3.6,0.857
B01029,P0119,C0102,plumber,2025-02-23 14:07,Sunday,weekend,14,early_afternoon,Parklands,Eastleigh,-1.278361,36.811882,-1.28078,36.848361,4.06,Forest Road,1.16,1,43.1,5.5,6.3,1.0,True,4.6,0.896,19,19,1026,True,1373,good,poor,True,5.0,1.0
B01030,P0068,C0360,electrician,2025-06-08 12:22,Sunday,weekend,12,midday,Parklands,Ngong,-1.28108,36.807397,-1.351319,36.670802,17.08,Forest Road,1.04,0,48.1,16.6,16.0,1.9,True,4.7,0.926,17,10,1122,False,560,good,poor,False,,0.814
B01031,P0044,C0026,plumber,2025-03-09 17:13,Sunday,weekend,17,evening_rush,Eastleigh,Spring Valley,-1.286651,36.848557,-1.268197,36.757902,10.28,Jogoo Road,2.38,5,21.0,29.0,37.4,18.1,False,4.5,0.889,17,28,646,True,806,poor,good,True,4.9,0.6433
B01032,P0103,C0317,cleaner,2025-01-29 11:56,Wednesday,weekday,11,midday,Lavington,Kileleshwa,-1.2836,36.766546,-1.278972,36.773732,0.95,Uhuru Highway,1.88,3,26.6,1.9,2.4,2.0,True,3.3,0.854,4,17,180,True,799,good,good,True,3.3,0.8899
B01033,P0110,C0308,electrician,2025-05-19 08:30,Monday,weekday,8,morning_rush,Kasarani,Rongai,-1.213002,36.900337,-1.391075,36.743029,26.42,Thika Road,4.0,10,12.5,126.6,126.7,9.9,True,3.4,0.852,14,29,1050,True,1119,moderate,poor,True,3.2,0.6585
B01034,P0067,C0077,carpenter,2024-11-11 12:41,Monday,weekday,12,midday,Runda,Kileleshwa,-1.203143,36.802115,-1.286683,36.785608,9.47,Kiambu Road,1.65,2,30.3,19.4,22.1,6.9,True,3.2,0.784,16,33,384,True,966,good,good,True,2.6,0.8275
B01035,P0023,C0491,plumber,2024-08-25 08:18,Sunday,weekend,8,morning_rush,Runda,Upper Hill,-1.20871,36.820684,-1.297242,36.824461,9.85,Kiambu Road,2.02,3,24.8,29.3,27.3,1.4,True,3.8,0.977,7,10,539,True,894,good,good,True,3.8,0.9702
B01036,P0095,C0088,plumber,2025-04-06 14:26,Sunday,weekend,14,early_afternoon,Spring Valley,Kikuyu,-1.277903,36.744602,-1.251358,36.670042,8.8,Waiyaki Way,1.28,1,39.1,15.0,19.4,6.2,True,3.9,0.847,12,33,672,True,967,good,poor,True,4.1,0.9294
B01037,P0146,C0061,electrician,2024-02-08 16:51,Thursday,weekday,16,evening_rush,Embakasi,Kikuyu,-1.323622,36.89238,-1.247586,36.668725,26.26,Mombasa Road,4.0,10,12.5,131.8,154.0,22.5,False,5.0,0.807,14,19,476,True,630,moderate,poor,True,4.4,0.461
B01038,P0004,C0368,cleaner,2025-02-28 10:00,Friday,weekday,10,mid_morning,Eastleigh,Upper Hill,-1.271819,36.862837,-1.294172,36.820258,5.35,Jogoo Road,1.89,3,26.5,11.5,12.4,4.0,True,4.8,0.736,8,7,280,True,391,poor,good,False,,0.6385
B01039,P0135,C0223,electrician,2024-05-04 11:51,Saturday,weekend,11,midday,Muthaiga,Syokimau,-1.24462,36.826256,-1.378043,36.901011,17.0,Forest Road,1.04,0,48.1,19.9,24.4,4.8,True,3.5,0.821,11,10,242,True,1068,good,moderate,True,3.4,0.9273
B01040,P0198,C0472,cleaner,2024-05-24 15:32,Friday,weekday,15,early_afternoon,Ngong,Westlands,-1.366998,36.657289,-1.2588,36.813594,21.13,Ngong Road,2.03,3,24.6,49.5,47.6,2.2,True,4.7,0.916,6,42,216,True,519,poor,good,True,4.4,0.9773
B01041,P0117,C0424,technician,2025-06-19 09:38,Thursday,weekday,9,mid_morning,Dagoretti,Rongai,-1.304001,36.758584,-1.402637,36.755323,10.97,Uhuru Highway,2.25,4,22.2,25.7,32.0,7.7,True,4.0,0.833,6,23,468,False,860,poor,poor,True,4.2,0.8373
B01042,P0173,C0254,electrician,2024-02-25 13:07,Sunday,weekend,13,midday,Eastleigh,Upper Hill,-1.283129,36.849829,-1.292628,36.808527,4.71,Jogoo Road,1.13,0,44.2,6.4,5.7,5.8,True,4.4,0.726,7,35,427,True,946,poor,good,True,4.1,0.9093
B01043,P0031,C0115,carpenter,2024-09-19 16:52,Thursday,weekday,16,evening_rush,Gigiri,Dagoretti,-1.208399,36.806357,-1.294094,36.748499,11.5,Forest Road,3.67,9,13.6,44.8,50.0,5.7,True,3.1,0.929,2,21,112,False,546,good,poor,True,2.4,0.7434
B01044,P0183,C0105,carpenter,2025-04-03 18:43,Thursday,weekday,18,evening_rush,Langata,Kileleshwa,-1.346859,36.745886,-1.283186,36.768307,7.51,Ngong Road,4.0,10,12.5,36.9,32.7,1.9,True,3.4,0.755,14,5,322,True,885,moderate,good,True,3.1,0.6767
B01045,P0049,C0485,technician,2025-04-17 12:00,Thursday,weekday,12,midday,Kasarani,Muthaiga,-1.213738,36.911241,-1.251257,36.835343,9.41,Thika Road,2.09,4,23.9,23.5,30.0,11.2,True,4.1,0.836,17,7,1343,True,866,moderate,good,True,4.0,0.8275
B01046,P0069,C0148,plumber,2024-11-22 14:42,Friday,weekday,14,early_afternoon,Embakasi,Gigiri,-1.326504,36.886816,-1.224726,36.798467,14.98,Mombasa Road,2.13,4,23.5,39.4,52.9,14.5,True,4.5,0.938,11,8,869,True,873,moderate,good,True,4.3,0.8678
B01047,P0192,C0254,carpenter,2024-04-07 16:50,Sunday,weekend,16,evening_rush,Ruiru,Upper Hill,-1.139674,36.956392,-1.292628,36.808527,23.65,Thika Road,2.64,5,18.9,98.3,92.2,0.3,True,4.1,0.856,5,15,135,True,760,poor,good,True,4.1,0.8843
B01048,P0098,C0067,technician,2024-08-22 15:00,Thursday,weekday,15,early_afternoon,Karen,Kasarani,-1.310218,36.721517,-1.217438,36.907365,23.09,Ngong Road,2.03,3,24.6,59.8,56.0,2.5,True,3.8,0.834,9,16,522,True,1091,good,moderate,False,,0.6388
B01049,P0111,C0439,technician,2024-01-10 09:25,Wednesday,weekday,9,mid_morning,Ngong,Langata,-1.371368,36.653568,-1.340754,36.748775,11.12,Ngong Road,2.08,4,24.0,33.3,40.3,12.2,True,3.7,0.776,3,23,129,True,1613,poor,moderate,True,3.8,0.7699
B01050,P0053,C0308,electrician,2025-06-16 12:33,Monday,weekday,12,midday,Syokimau,Rongai,-1.355438,36.894191,-1.391075,36.743029,17.26,Mombasa Road,2.13,4,23.5,39.0,52.3,14.8,True,4.6,0.768,3,32,108,True,841,moderate,poor,True,5.0,0.7853
B01051,P0056,C0422,carpenter,2024-01-20 11:01,Saturday,weekend,11,midday,Spring Valley,Gigiri,-1.25633,36.750322,-1.225999,36.804032,6.86,Waiyaki Way,1.23,1,40.7,10.2,13.4,4.6,True,4.5,0.829,15,40,600,True,644,good,good,False,,0.7178
B01052,P0073,C0373,plumber,2025-01-24 16:49,Friday,weekday,16,evening_rush,Parklands,South C,-1.265689,36.829151,-1.313052,36.803938,5.97,Forest Road,3.67,9,13.6,25.7,28.3,9.2,True,3.3,0.879,6,40,180,True,1079,good,moderate,True,3.2,0.6992
B01053,P0174,C0097,cleaner,2025-02-21 10:14,Friday,weekday,10,mid_morning,Rongai,Parklands,-1.385961,36.747354,-1.254462,36.813503,16.37,Langata Road,2.03,3,24.6,43.1,40.5,5.6,True,3.9,0.87,15,26,705,True,624,poor,good,True,4.4,0.8859
B01054,P0108,C0093,cleaner,2024-05-23 12:39,Thursday,weekday,12,midday,Ruiru,Ngong,-1.133647,36.975468,-1.347699,36.670253,41.45,Thika Road,2.09,4,23.9,110.1,103.8,3.1,True,4.8,0.739,4,44,244,True,407,poor,poor,False,,0.6315
B01055,P0105,C0406,cleaner,2025-05-17 16:02,Saturday,weekend,16,evening_rush,Upper Hill,Kileleshwa,-1.30826,36.804606,-1.27147,36.783183,4.73,Uhuru Highway,2.59,5,19.3,15.2,14.8,0.7,True,3.2,0.943,10,8,230,True,691,good,good,True,3.7,0.8835
B01056,P0038,C0015,cleaner,2024-12-09 07:26,Monday,weekday,7,morning_rush,Kitengela,Syokimau,-1.478252,36.974953,-1.369602,36.89257,15.16,Mombasa Road,4.0,10,12.5,76.8,87.7,14.0,True,3.1,0.788,15,39,930,False,443,poor,moderate,False,,0.3273
B01057,P0075,C0500,carpenter,2024-06-12 16:06,Wednesday,weekday,16,evening_rush,Kikuyu,Westlands,-1.245138,36.66463,-1.255507,36.802963,15.42,Waiyaki Way,3.77,9,13.3,79.1,86.5,9.1,True,5.0,0.861,9,42,189,True,655,poor,good,True,5.0,0.7681
B01058,P0068,C0121,electrician,2024-09-14 10:54,Saturday,weekend,10,mid_morning,Parklands,Kitengela,-1.28108,36.807397,-1.466323,36.96644,27.15,Forest Road,1.21,1,41.3,46.2,56.3,10.4,True,4.7,0.926,17,10,1122,False,560,good,poor,False,,0.7295
B01059,P0159,C0231,plumber,2025-06-18 09:00,Wednesday,weekday,9,mid_morning,Eastleigh,South B,-1.276563,36.8629,-1.314833,36.831959,5.47,Jogoo Road,1.89,3,26.5,10.5,11.6,3.9,True,4.0,0.737,17,35,884,True,1202,poor,moderate,False,,0.5998
B01060,P0064,C0190,electrician,2025-05-21 13:46,Wednesday,weekday,13,midday,Parklands,Athi River,-1.263494,36.832383,-1.462077,37.00135,28.99,Forest Road,1.7,2,29.4,64.3,84.9,26.6,False,3.7,0.803,18,6,1224,True,1206,good,poor,False,,0.2938
B01061,P0150,C0351,cleaner,2024-04-08 10:04,Monday,weekday,10,mid_morning,Athi River,Gigiri,-1.468362,37.007079,-1.230908,36.803577,34.77,Mombasa Road,2.25,4,22.2,100.0,112.5,14.3,True,5.0,0.827,16,29,896,True,401,poor,good,False,,0.5793
B01062,P0166,C0235,electrician,2024-11-17 10:32,Sunday,weekend,10,mid_morning,Upper Hill,Kasarani,-1.284545,36.821501,-1.213502,36.887673,10.79,Uhuru Highway,1.43,1,35.0,17.3,18.1,10.7,True,3.9,0.944,14,36,1022,True,745,good,moderate,True,4.3,0.9284
B01063,P0022,C0006,electrician,2024-05-03 08:36,Friday,weekday,8,morning_rush,Langata,Ruiru,-1.337324,36.740716,-1.140704,36.955523,32.38,Ngong Road,3.71,9,13.5,103.8,126.0,22.8,False,4.9,0.913,14,13,350,True,1171,moderate,poor,True,4.2,0.5297
B01064,P0121,C0069,plumber,2024-02-08 08:10,Thursday,weekday,8,morning_rush,Eastleigh,Embakasi,-1.269387,36.85348,-1.310843,36.889174,6.08,Jogoo Road,3.43,8,14.6,22.9,22.7,5.4,True,5.0,0.904,19,41,437,True,1381,poor,moderate,True,4.8,0.8476
B01065,P0083,C0499,carpenter,2024-04-08 14:55,Monday,weekday,14,early_afternoon,Roysambu,Kasarani,-1.197099,36.88354,-1.215307,36.907158,3.32,Thika Road,2.18,4,22.9,8.5,7.4,1.7,True,4.6,0.861,3,33,213,False,529,moderate,moderate,True,4.4,0.9369
B01066,P0178,C0204,electrician,2024-08-22 08:55,Thursday,weekday,8,morning_rush,Eastleigh,South B,-1.282287,36.844486,-1.322307,36.829114,4.77,Jogoo Road,3.43,8,14.6,21.2,19.3,1.6,True,5.0,0.888,5,35,145,True,859,poor,moderate,True,5.0,0.8713
B01067,P0176,C0109,electrician,2024-07-05 10:45,Friday,weekday,10,mid_morning,Lavington,Westlands,-1.274096,36.757864,-1.261315,36.81939,6.99,Uhuru Highway,2.25,4,22.2,21.8,28.4,9.5,True,4.5,0.8,19,13,855,False,1087,good,good,False,,0.5808
B01068,P0183,C0197,carpenter,2025-03-10 16:26,Monday,weekday,16,evening_rush,Langata,Kileleshwa,-1.346859,36.745886,-1.284257,36.773519,7.61,Ngong Road,4.0,10,12.5,38.5,40.8,4.2,True,3.4,0.755,14,5,322,True,885,moderate,good,True,3.5,0.6575
B01069,P0182,C0217,electrician,2024-09-30 10:14,Monday,weekday,10,mid_morning,Athi River,Ngong,-1.450424,36.986851,-1.368109,36.663556,37.09,Mombasa Road,2.25,4,22.2,110.5,131.2,23.5,False,4.0,0.826,17,35,442,True,676,poor,poor,True,3.8,0.5522
B01070,P0189,C0306,carpenter,2024-12-06 10:19,Friday,weekday,10,mid_morning,CBD,Eastleigh,-1.281145,36.806807,-1.281009,36.841057,3.81,Uhuru Highway,2.25,4,22.2,11.9,11.7,0.2,True,4.4,0.928,5,7,390,True,733,moderate,poor,False,,0.7173
B01071,P0066,C0038,technician,2024-04-22 15:45,Monday,weekday,15,early_afternoon,Athi River,Kitengela,-1.457679,36.988129,-1.467367,36.972422,2.05,Mombasa Road,2.13,4,23.5,6.2,5.7,5.5,True,5.0,0.777,12,37,768,True,1320,poor,poor,False,,0.6373
B01072,P0025,C0286,cleaner,2025-06-09 18:13,Monday,weekday,18,evening_rush,Langata,Upper Hill,-1.346931,36.741658,-1.296145,36.819616,10.34,Ngong Road,4.0,10,12.5,40.9,44.9,7.0,True,4.2,0.845,3,5,156,True,558,moderate,good,True,3.7,0.7192
B01073,P0016,C0027,cleaner,2024-10-31 16:51,Thursday,weekday,16,evening_rush,South B,Hurlingham,-1.322475,36.817892,-1.286438,36.801682,4.39,Uhuru Highway,4.0,10,12.5,23.7,30.8,10.4,True,4.8,0.779,15,22,645,True,550,moderate,good,True,5.0,0.6878
B01074,P0086,C0477,electrician,2025-02-18 11:45,Tuesday,weekday,11,midday,Rongai,Ruiru,-1.399737,36.737186,-1.136399,36.959137,38.29,Langata Road,1.75,2,28.6,70.7,68.6,7.2,True,4.3,0.749,12,26,612,True,1339,poor,poor,True,4.4,0.8545
B01075,P0061,C0242,technician,2024-02-02 17:20,Friday,weekday,17,evening_rush,Hurlingham,Dagoretti,-1.313263,36.795445,-1.280377,36.755918,5.72,Ngong Road,4.0,10,12.5,28.0,24.1,0.6,True,3.8,0.867,9,11,288,False,1097,good,poor,False,,0.5135
B01076,P0091,C0311,cleaner,2024-06-10 10:40,Monday,weekday,10,mid_morning,Syokimau,Embakasi,-1.368545,36.906893,-1.311799,36.902558,6.33,Mombasa Road,2.25,4,22.2,13.7,13.3,0.2,True,4.8,0.949,9,33,459,False,743,moderate,moderate,True,4.7,0.9978
B01077,P0172,C0496,electrician,2024-08-05 16:55,Monday,weekday,16,evening_rush,Westlands,Rongai,-1.259894,36.796652,-1.398841,36.75782,16.04,Waiyaki Way,3.77,9,13.3,77.2,88.6,15.3,False,5.0,0.841,14,27,1106,True,839,good,poor,True,4.9,0.5564
B01078,P0154,C0364,plumber,2025-05-16 17:48,Friday,weekday,17,evening_rush,Kitengela,Syokimau,-1.476899,36.960583,-1.37491,36.911874,12.57,Mombasa Road,4.0,10,12.5,42.6,53.3,10.7,True,3.6,0.867,14,11,952,True,712,poor,moderate,True,3.4,0.6693
B01079,P0192,C0415,carpenter,2024-08-18 15:27,Sunday,weekend,15,early_afternoon,Ruiru,South B,-1.139674,36.956392,-1.315701,36.816905,24.97,Thika Road,1.34,1,37.3,36.8,34.7,11.6,True,4.1,0.856,5,15,135,True,760,poor,moderate,True,4.0,0.8941
B01080,P0012,C0003,electrician,2024-07-18 11:08,Thursday,weekday,11,midday,Hurlingham,Roysambu,-1.295566,36.800621,-1.209563,36.883337,13.27,Ngong Road,1.87,3,26.7,31.3,38.0,7.9,True,3.1,0.784,3,33,111,False,555,good,moderate,True,3.9,0.7966
B01081,P0065,C0259,electrician,2024-05-19 11:09,Sunday,weekend,11,midday,Kasarani,Kileleshwa,-1.210236,36.897134,-1.281774,36.782208,15.05,Thika Road,1.35,1,37.0,22.8,30.0,14.2,True,5.0,0.784,10,40,200,True,1272,moderate,good,True,4.5,0.8807
B01082,P0159,C0196,plumber,2025-05-11 17:38,Sunday,weekend,17,evening_rush,Eastleigh,Kilimani,-1.276563,36.8629,-1.281853,36.777566,9.5,Jogoo Road,2.38,5,21.0,25.1,27.2,2.4,True,4.0,0.737,17,35,884,True,1202,poor,good,False,,0.5731
B01083,P0078,C0203,plumber,2025-06-02 17:40,Monday,weekday,17,evening_rush,Spring Valley,Kilimani,-1.275279,36.740173,-1.292769,36.787728,5.63,Waiyaki Way,3.77,9,13.3,25.8,33.9,11.7,True,4.2,0.881,10,6,270,True,1363,good,good,True,3.8,0.7164
B01084,P0172,C0190,electrician,2024-07-15 12:21,Monday,weekday,12,midday,Westlands,Athi River,-1.259894,36.796652,-1.462077,37.00135,31.99,Waiyaki Way,1.88,3,26.6,82.0,77.3,5.2,True,5.0,0.841,14,27,1106,True,839,good,poor,False,,0.6918
B01085,P0034,C0496,electrician,2025-06-17 12:33,Tuesday,weekday,12,midday,Ruiru,Rongai,-1.147348,36.960424,-1.398841,36.75782,35.91,Thika Road,2.09,4,23.9,101.0,106.3,8.4,True,4.7,0.756,12,21,348,True,1449,poor,poor,True,4.9,0.8408
B01086,P0144,C0022,technician,2025-05-24 11:25,Saturday,weekend,11,midday,Upper Hill,Kitengela,-1.311202,36.814634,-1.462421,36.971485,24.22,Uhuru Highway,1.31,1,38.2,39.8,42.8,3.7,True,4.2,0.845,7,15,301,False,1260,good,poor,True,3.8,0.9619
B01087,P0149,C0092,technician,2024-11-24 11:52,Sunday,weekend,11,midday,South B,Githurai,-1.32145,36.814943,-1.192287,36.90567,17.55,Uhuru Highway,1.31,1,38.2,28.2,26.0,3.2,True,3.7,0.959,3,38,72,True,1667,moderate,poor,True,2.9,0.998
B01088,P0067,C0087,carpenter,2024-05-26 18:17,Sunday,weekend,18,evening_rush,Runda,South C,-1.203143,36.802115,-1.316733,36.795152,12.65,Kiambu Road,2.25,4,22.2,33.6,38.8,7.9,True,3.2,0.784,16,33,384,True,966,good,moderate,True,3.3,0.7712
B01089,P0129,C0253,technician,2024-05-20 16:02,Monday,weekday,16,evening_rush,Kasarani,Ruiru,-1.212676,36.887025,-1.145735,36.95448,10.57,Thika Road,4.0,10,12.5,43.4,53.5,12.2,True,3.2,0.813,10,25,770,False,973,moderate,poor,True,3.5,0.6098
B01090,P0087,C0450,electrician,2025-03-23 07:42,Sunday,weekend,7,morning_rush,Kitengela,Kikuyu,-1.465391,36.952559,-1.259025,36.670607,38.84,Mombasa Road,2.67,6,18.7,108.1,132.0,24.4,False,4.0,0.782,16,7,1200,True,1294,poor,poor,True,3.7,0.4891
B01091,P0120,C0068,plumber,2025-04-19 11:02,Saturday,weekend,11,midday,Industrial Area,Eastleigh,-1.305578,36.856668,-1.272101,36.85771,3.72,Mombasa Road,1.39,1,36.0,5.3,6.7,6.2,True,4.4,0.869,14,27,924,True,731,poor,poor,True,4.8,0.9566
B01092,P0023,C0163,plumber,2025-04-22 13:40,Tuesday,weekday,13,midday,Runda,Kitengela,-1.20871,36.820684,-1.485599,36.955497,34.24,Kiambu Road,1.65,2,30.3,72.3,66.4,0.3,True,3.8,0.977,7,10,539,True,894,good,poor,True,4.0,1.0
B01093,P0182,C0272,electrician,2024-10-06 17:47,Sunday,weekend,17,evening_rush,Athi River,South B,-1.450424,36.986851,-1.322602,36.823062,23.1,Mombasa Road,3.0,7,16.7,92.3,111.5,19.2,False,4.0,0.826,17,35,442,True,676,poor,moderate,True,4.1,0.528
B01094,P0111,C0073,technician,2025-02-18 17:13,Tuesday,weekday,17,evening_rush,Ngong,Kitengela,-1.371368,36.653568,-1.464887,36.967541,36.42,Ngong Road,4.0,10,12.5,178.3,240.2,70.1,False,3.7,0.776,3,23,129,True,1613,poor,poor,True,3.4,0.168
B01095,P0067,C0060,carpenter,2024-07-22 12:25,Monday,weekday,12,midday,Runda,Hurlingham,-1.203143,36.802115,-1.295253,36.792516,10.3,Kiambu Road,1.65,2,30.3,21.6,27.5,13.3,True,3.2,0.784,16,33,384,True,966,good,good,True,2.2,0.7742
B01096,P0081,C0023,plumber,2024-09-03 10:53,Tuesday,weekday,10,mid_morning,Upper Hill,Eastleigh,-1.307096,36.828446,-1.274036,36.84715,4.22,Uhuru Highway,2.25,4,22.2,10.9,14.2,4.7,True,4.8,0.858,8,38,440,True,599,good,poor,True,4.8,0.9148
B01097,P0033,C0256,carpenter,2024-11-25 08:03,Monday,weekday,8,morning_rush,Muthaiga,Kilimani,-1.254259,36.833037,-1.288664,36.783696,6.69,Forest Road,3.15,7,15.9,21.5,22.8,2.7,True,4.2,0.88,4,10,112,True,622,good,good,True,4.7,0.8405
B01098,P0072,C0383,plumber,2024-07-16 10:38,Tuesday,weekday,10,mid_morning,Langata,Lavington,-1.355719,36.761446,-1.284585,36.760212,7.91,Ngong Road,2.08,4,24.0,18.5,19.6,2.2,True,4.7,0.77,1,21,45,True,1300,moderate,good,False,,0.6503
B01099,P0093,C0475,plumber,2025-05-20 10:21,Tuesday,weekday,10,mid_morning,Roysambu,Athi River,-1.2179,36.876935,-1.452459,36.984699,28.7,Thika Road,2.31,4,21.6,72.3,94.0,22.9,False,4.5,0.819,3,37,177,True,646,moderate,poor,True,4.2,0.5739
B01100,P0111,C0145,technician,2024-04-29 17:23,Monday,weekday,17,evening_rush,Ngong,Runda,-1.371368,36.653568,-1.199488,36.8155,26.26,Ngong Road,4.0,10,12.5,110.1,111.6,5.8,True,3.7,0.776,3,23,129,True,1613,poor,good,False,,0.4197
B01101,P0068,C0314,electrician,2024-03-04 08:49,Monday,weekday,8,morning_rush,Parklands,Gigiri,-1.28108,36.807397,-1.21678,36.80263,7.17,Forest Road,3.15,7,15.9,33.6,41.2,11.7,True,4.7,0.926,17,10,1122,False,560,good,good,True,4.5,0.8135
B01102,P0195,C0475,plumber,2024-10-07 15:06,Monday,weekday,15,early_afternoon,Kilimani,Athi River,-1.295888,36.78464,-1.452459,36.984699,28.24,Uhuru Highway,2.1,4,23.8,82.6,100.4,21.6,False,4.3,0.89,9,15,252,False,883,good,poor,True,3.7,0.627
B01103,P0068,C0265,electrician,2024-06-17 13:51,Monday,weekday,13,midday,Parklands,Ruiru,-1.28108,36.807397,-1.149275,36.951702,21.73,Forest Road,1.7,2,29.4,43.1,44.7,2.0,True,4.7,0.926,17,10,1122,False,560,good,poor,True,4.9,1.0
B01104,P0081,C0224,plumber,2024-05-08 14:31,Wednesday,weekday,14,early_afternoon,Upper Hill,Kilimani,-1.307096,36.828446,-1.290293,36.770335,6.72,Uhuru Highway,2.1,4,23.8,16.5,21.1,5.7,True,4.8,0.858,8,38,440,True,599,good,good,True,4.3,0.9185
B01105,P0043,C0162,electrician,2024-03-25 16:12,Monday,weekday,16,evening_rush,Eastleigh,Kikuyu,-1.275323,36.859659,-1.2376,36.657045,22.91,Jogoo Road,3.57,9,14.0,100.5,108.1,8.3,True,4.8,0.787,8,34,480,True,1039,poor,poor,False,,0.4937
B01106,P0189,C0252,carpenter,2024-04-03 11:43,Wednesday,weekday,11,midday,CBD,Langata,-1.281145,36.806807,-1.334259,36.759138,7.93,Uhuru Highway,1.88,3,26.6,15.1,16.0,4.2,True,4.4,0.928,5,7,390,True,733,moderate,moderate,True,4.5,0.9636
B01107,P0196,C0487,technician,2024-10-07 11:02,Monday,weekday,11,midday,Kasarani,Dagoretti,-1.219995,36.884155,-1.292475,36.736769,18.26,Thika Road,2.09,4,23.9,46.9,61.0,21.8,False,3.4,0.833,3,23,120,False,1053,moderate,poor,True,4.0,0.5526
B01108,P0039,C0285,electrician,2024-08-27 17:29,Tuesday,weekday,17,evening_rush,Spring Valley,Lavington,-1.278278,36.738872,-1.289235,36.776079,4.31,Waiyaki Way,3.77,9,13.3,12.8,12.3,0.4,True,4.5,0.924,2,10,158,False,1205,good,good,True,4.0,0.8471
B01109,P0169,C0326,cleaner,2024-06-19 10:32,Wednesday,weekday,10,mid_morning,CBD,Gigiri,-1.279373,36.828665,-1.21139,36.806664,7.95,Uhuru Highway,2.25,4,22.2,16.7,20.7,6.0,True,5.0,0.778,8,26,192,True,648,moderate,good,True,5.0,0.874
B01110,P0113,C0028,carpenter,2024-04-08 12:03,Monday,weekday,12,midday,Eastleigh,Ruiru,-1.285759,36.862408,-1.14115,36.95002,18.8,Jogoo Road,1.71,2,29.2,45.8,45.6,1.5,True,4.9,0.731,9,21,279,True,540,poor,poor,False,,0.6762
B01111,P0049,C0077,technician,2024-04-02 08:24,Tuesday,weekday,8,morning_rush,Kasarani,Kileleshwa,-1.213738,36.911241,-1.286683,36.785608,16.15,Thika Road,4.0,10,12.5,61.6,53.9,0.1,True,4.1,0.836,17,7,1343,True,866,moderate,good,True,4.1,0.7672
B01112,P0014,C0118,electrician,2025-01-03 08:20,Friday,weekday,8,morning_rush,Embakasi,Roysambu,-1.309393,36.91238,-1.217548,36.878268,10.89,Mombasa Road,4.0,10,12.5,52.3,49.7,0.3,True,3.4,0.925,19,9,836,True,551,moderate,moderate,True,3.4,0.775
B01113,P0047,C0019,plumber,2024-05-04 09:18,Saturday,weekend,9,mid_morning,Hurlingham,Muthaiga,-1.296707,36.799823,-1.255769,36.832287,5.81,Ngong Road,1.4,1,35.7,10.8,13.1,2.5,True,5.0,0.962,10,7,630,True,956,good,good,True,4.7,1.0
B01114,P0121,C0134,plumber,2024-05-23 13:48,Thursday,weekday,13,midday,Eastleigh,CBD,-1.269387,36.85348,-1.287174,36.81591,4.62,Jogoo Road,1.71,2,29.2,9.3,11.3,7.4,True,5.0,0.904,19,41,437,True,1381,poor,moderate,False,,0.7185
B01115,P0042,C0362,electrician,2024-01-05 15:54,Friday,weekday,15,early_afternoon,Runda,Westlands,-1.206172,36.812074,-1.272629,36.800067,7.51,Kiambu Road,1.64,2,30.5,16.8,19.1,6.1,True,3.6,0.884,5,28,395,True,513,good,good,True,3.2,0.905
B01116,P0120,C0224,plumber,2025-03-10 17:49,Monday,weekday,17,evening_rush,Industrial Area,Kilimani,-1.305578,36.856668,-1.290293,36.770335,9.75,Mombasa Road,4.0,10,12.5,48.3,41.5,7.3,True,4.4,0.869,14,27,924,True,731,poor,good,True,4.7,0.7387
B01117,P0030,C0459,technician,2024-11-19 11:13,Tuesday,weekday,11,midday,Dagoretti,Ruiru,-1.288754,36.734235,-1.14882,36.965498,30.05,Uhuru Highway,1.88,3,26.6,68.1,65.4,0.4,True,4.9,0.751,12,34,816,False,1451,poor,poor,True,5.0,0.9318
B01118,P0127,C0021,technician,2025-05-22 14:18,Thursday,weekday,14,early_afternoon,Lavington,Kasarani,-1.28395,36.781169,-1.234195,36.891351,13.44,Uhuru Highway,2.1,4,23.8,34.2,39.5,5.4,True,4.0,0.82,19,24,969,True,1214,good,moderate,False,,0.612
B01119,P0114,C0183,cleaner,2024-11-15 09:14,Friday,weekday,9,mid_morning,Githurai,Kitengela,-1.17431,36.888295,-1.48146,36.969861,35.34,Thika Road,2.31,4,21.6,75.1,68.3,7.4,True,3.8,0.766,7,19,357,True,551,poor,poor,False,,0.5415
B01120,P0182,C0288,electrician,2024-02-22 08:24,Thursday,weekday,8,morning_rush,Athi River,Hurlingham,-1.450424,36.986851,-1.305317,36.796715,26.59,Mombasa Road,4.0,10,12.5,128.3,150.4,23.5,False,4.0,0.826,17,35,442,True,676,poor,good,False,,0.1622
B01121,P0125,C0235,carpenter,2024-03-28 14:48,Thursday,weekday,14,early_afternoon,CBD,Kasarani,-1.289186,36.82843,-1.213502,36.887673,10.69,Uhuru Highway,2.1,4,23.8,30.7,27.3,1.2,True,4.2,0.775,18,40,810,False,627,moderate,moderate,False,,0.6345
B01122,P0127,C0058,technician,2025-02-21 16:56,Friday,weekday,16,evening_rush,Lavington,Eastleigh,-1.28395,36.781169,-1.285345,36.848453,7.48,Uhuru Highway,4.0,10,12.5,36.3,44.8,16.2,False,4.0,0.82,19,24,969,True,1214,good,poor,True,3.3,0.47
B01123,P0185,C0444,electrician,2024-07-22 12:08,Monday,weekday,12,midday,Githurai,Muthaiga,-1.195468,36.886679,-1.258748,36.843226,8.54,Thika Road,2.09,4,23.9,23.6,23.5,1.6,True,4.1,0.814,3,27,189,True,800,poor,good,True,4.9,0.8965
B01124,P0038,C0064,cleaner,2024-02-22 08:18,Thursday,weekday,8,morning_rush,Kitengela,Upper Hill,-1.478252,36.974953,-1.300002,36.81996,26.26,Mombasa Road,4.0,10,12.5,141.6,178.9,39.9,False,3.1,0.788,15,39,930,False,443,poor,good,True,3.1,0.2115
B01125,P0090,C0048,plumber,2025-06-20 15:43,Friday,weekday,15,early_afternoon,Ngong,Kikuyu,-1.348911,36.676954,-1.236406,36.661128,12.63,Ngong Road,2.03,3,24.6,30.9,38.5,8.5,True,4.3,0.888,19,32,475,True,536,poor,poor,True,4.2,0.8908
B01126,P0053,C0445,electrician,2025-02-03 16:09,Monday,weekday,16,evening_rush,Syokimau,Kileleshwa,-1.355438,36.894191,-1.265027,36.789172,15.41,Mombasa Road,4.0,10,12.5,90.3,98.9,9.7,True,4.6,0.768,3,32,108,True,841,moderate,good,True,4.2,0.6782
B01127,P0073,C0093,plumber,2024-09-07 15:19,Saturday,weekend,15,early_afternoon,Parklands,Ngong,-1.265689,36.829151,-1.347699,36.670253,19.88,Forest Road,1.16,1,43.1,22.6,24.6,2.2,True,3.3,0.879,6,40,180,True,1079,good,poor,True,4.0,0.9584
B01128,P0044,C0384,plumber,2024-05-09 12:03,Thursday,weekday,12,midday,Eastleigh,Upper Hill,-1.286651,36.848557,-1.302366,36.809782,4.65,Jogoo Road,1.71,2,29.2,10.3,13.3,10.9,True,4.5,0.889,17,28,646,True,806,poor,good,True,4.8,0.9069
B01129,P0131,C0422,electrician,2024-05-25 08:50,Saturday,weekend,8,morning_rush,CBD,Gigiri,-1.273399,36.831477,-1.225999,36.804032,6.09,Uhuru Highway,2.53,5,19.8,17.5,15.3,1.4,True,3.6,0.953,6,12,228,False,594,moderate,good,True,3.8,0.9074
B01130,P0070,C0289,carpenter,2024-10-30 17:02,Wednesday,weekday,17,evening_rush,Lavington,Hurlingham,-1.28849,36.775223,-1.294296,36.794523,2.24,Uhuru Highway,4.0,10,12.5,10.0,10.3,1.3,True,4.0,0.784,12,38,936,True,1077,good,good,False,,0.4762
B01131,P0170,C0300,carpenter,2024-04-20 11:50,Saturday,weekend,11,midday,South B,Langata,-1.325679,36.811506,-1.350397,36.749372,7.43,Uhuru Highway,1.31,1,38.2,13.3,15.3,2.7,True,4.1,0.823,13,22,572,True,736,moderate,moderate,False,,0.7042
B01132,P0055,C0299,carpenter,2024-06-14 16:45,Friday,weekday,16,evening_rush,CBD,Hurlingham,-1.285689,36.830976,-1.304128,36.796231,4.37,Uhuru Highway,4.0,10,12.5,19.8,26.1,9.2,True,3.3,0.754,2,17,82,True,674,moderate,good,False,,0.3603
B01133,P0002,C0270,technician,2024-06-02 16:16,Sunday,weekend,16,evening_rush,Langata,Spring Valley,-1.330429,36.75935,-1.265969,36.748297,7.27,Ngong Road,2.6,5,19.2,24.3,27.3,6.1,True,4.4,0.947,13,12,481,False,958,moderate,good,True,5.0,0.8997
B01134,P0197,C0293,plumber,2024-07-14 16:57,Sunday,weekend,16,evening_rush,Githurai,South C,-1.184159,36.908215,-1.322714,36.80236,19.39,Thika Road,2.64,5,18.9,60.5,66.6,10.2,True,3.9,0.731,13,8,650,True,1250,poor,moderate,True,4.3,0.7293
B01135,P0047,C0214,plumber,2025-01-31 15:14,Friday,weekday,15,early_afternoon,Hurlingham,Westlands,-1.296707,36.799823,-1.260173,36.818928,4.58,Ngong Road,2.03,3,24.6,11.0,14.1,3.2,True,5.0,0.962,10,7,630,True,956,good,good,True,5.0,1.0
B01136,P0020,C0127,technician,2024-11-07 13:56,Thursday,weekday,13,midday,Runda,Kileleshwa,-1.220161,36.809549,-1.272809,36.782145,6.6,Kiambu Road,1.65,2,30.3,13.3,12.0,0.3,True,4.7,0.833,9,33,594,True,1224,good,good,True,4.8,0.982
B01137,P0197,C0256,plumber,2024-10-29 15:48,Tuesday,weekday,15,early_afternoon,Githurai,Kilimani,-1.184159,36.908215,-1.288664,36.783696,18.07,Thika Road,2.18,4,22.9,49.7,50.6,6.6,True,3.9,0.731,13,8,650,True,1250,poor,good,True,4.0,0.7961
B01138,P0174,C0049,cleaner,2024-05-13 11:05,Monday,weekday,11,midday,Rongai,Industrial Area,-1.385961,36.747354,-1.308923,36.861737,15.33,Langata Road,1.75,2,28.6,30.2,38.2,9.7,True,3.9,0.87,15,26,705,True,624,poor,poor,True,4.0,0.8742
B01139,P0085,C0014,carpenter,2025-01-08 11:56,Wednesday,weekday,11,midday,Dagoretti,Athi River,-1.279595,36.742246,-1.458903,36.985509,33.6,Uhuru Highway,1.88,3,26.6,89.8,77.9,0.7,True,3.9,0.754,16,11,1232,False,495,poor,poor,True,4.0,0.8808
B01140,P0073,C0349,plumber,2024-08-12 09:27,Monday,weekday,9,mid_morning,Parklands,Runda,-1.265689,36.829151,-1.211469,36.810779,6.37,Forest Road,1.91,3,26.2,15.4,15.6,1.0,True,3.3,0.879,6,40,180,True,1079,good,good,True,3.4,0.9084
B01141,P0175,C0063,plumber,2024-11-26 15:08,Tuesday,weekday,15,early_afternoon,Githurai,Githurai,-1.187395,36.89935,-1.177365,36.907348,1.43,Thika Road,2.18,4,22.9,3.4,4.6,1.4,True,5.0,0.725,19,21,969,True,1101,poor,poor,True,4.9,0.8914
B01142,P0101,C0192,cleaner,2024-01-31 08:02,Wednesday,weekday,8,morning_rush,South B,Parklands,-1.316934,36.821923,-1.25749,36.816885,6.63,Uhuru Highway,3.58,9,14.0,26.6,29.6,7.7,True,4.8,0.773,5,33,180,True,405,moderate,good,False,,0.4909
B01143,P0152,C0476,plumber,2024-09-06 08:51,Friday,weekday,8,morning_rush,Kilimani,Industrial Area,-1.299509,36.788374,-1.303291,36.857799,7.73,Uhuru Highway,3.58,9,14.0,36.9,47.6,12.8,True,3.9,0.983,19,27,1292,False,504,good,poor,True,4.1,0.7584
B01144,P0028,C0429,technician,2025-03-21 09:11,Friday,weekday,9,mid_morning,Hurlingham,Spring Valley,-1.287818,36.781917,-1.267048,36.749054,4.32,Ngong Road,2.08,4,24.0,10.6,13.4,4.6,True,3.2,0.791,6,37,354,False,1755,good,good,True,3.2,0.8158
B01145,P0083,C0079,carpenter,2025-03-08 17:49,Saturday,weekend,17,evening_rush,Roysambu,Ngong,-1.197099,36.88354,-1.357933,36.657991,30.8,Thika Road,2.64,5,18.9,89.6,116.4,28.4,False,4.6,0.861,3,33,213,False,529,moderate,poor,True,4.2,0.5276
B01146,P0008,C0042,electrician,2024-02-03 14:29,Saturday,weekend,14,early_afternoon,Kasarani,Lavington,-1.209809,36.907631,-1.275795,36.761312,17.84,Thika Road,1.34,1,37.3,30.2,33.7,4.2,True,4.4,0.779,12,34,636,True,919,moderate,good,False,,0.6823
B01147,P0118,C0426,cleaner,2024-04-13 08:41,Saturday,weekend,8,morning_rush,Syokimau,Embakasi,-1.375522,36.898831,-1.312607,36.902451,7.01,Mombasa Road,2.67,6,18.7,21.8,21.7,0.7,True,4.0,0.883,12,22,552,True,781,moderate,moderate,True,3.4,0.8871
B01148,P0182,C0338,electrician,2025-01-16 12:48,Thursday,weekday,12,midday,Athi River,Gigiri,-1.450424,36.986851,-1.232066,36.811424,31.14,Mombasa Road,2.13,4,23.5,76.3,96.8,22.3,False,4.0,0.826,17,35,442,True,676,poor,good,False,,0.3218
B01149,P0123,C0233,technician,2025-04-15 18:56,Tuesday,weekday,18,evening_rush,South C,Kilimani,-1.304593,36.805869,-1.293414,36.784308,2.7,Langata Road,3.58,9,14.0,11.1,10.3,0.9,True,4.0,0.913,17,10,901,False,888,moderate,good,True,3.8,0.8276
B01150,P0161,C0490,cleaner,2025-02-28 14:33,Friday,weekday,14,early_afternoon,Dagoretti,South C,-1.301444,36.756457,-1.326793,36.790486,4.72,Uhuru Highway,2.1,4,23.8,12.0,11.4,0.4,True,4.0,0.762,12,41,924,True,473,poor,moderate,False,,0.6247
B01151,P0069,C0305,plumber,2024-07-20 16:10,Saturday,weekend,16,evening_rush,Embakasi,Embakasi,-1.326504,36.886816,-1.329312,36.90285,1.81,Mombasa Road,3.0,7,16.7,6.8,8.4,3.8,True,4.5,0.938,11,8,869,True,873,moderate,moderate,True,4.0,0.8873
B01152,P0169,C0003,cleaner,2024-10-26 17:58,Saturday,weekend,17,evening_rush,CBD,Roysambu,-1.279373,36.828665,-1.209563,36.883337,9.86,Uhuru Highway,2.59,5,19.3,34.1,40.1,6.2,True,5.0,0.778,8,26,192,True,648,moderate,moderate,False,,0.5951
B01153,P0085,C0497,carpenter,2025-01-24 15:17,Friday,weekday,15,early_afternoon,Dagoretti,Embakasi,-1.279595,36.742246,-1.319356,36.905366,18.66,Uhuru Highway,2.1,4,23.8,45.6,40.5,9.4,True,3.9,0.754,16,11,1232,False,495,poor,moderate,False,,0.5407
B01154,P0012,C0336,electrician,2025-03-26 07:28,Wednesday,weekday,7,morning_rush,Hurlingham,Parklands,-1.295566,36.800621,-1.256437,36.818,4.76,Ngong Road,3.71,9,13.5,19.7,21.9,3.1,True,3.1,0.784,3,33,111,False,555,good,good,True,2.8,0.6894
B01155,P0160,C0487,cleaner,2025-01-24 15:52,Friday,weekday,15,early_afternoon,Embakasi,Dagoretti,-1.319614,36.900458,-1.292475,36.736769,18.45,Mombasa Road,2.13,4,23.5,55.2,54.5,2.1,True,4.7,0.907,4,29,204,True,370,moderate,poor,False,,0.7156
B01156,P0116,C0167,technician,2025-04-03 10:29,Thursday,weekday,10,mid_morning,Roysambu,Industrial Area,-1.210341,36.87171,-1.30478,36.863493,10.54,Thika Road,2.31,4,21.6,28.3,27.6,2.1,True,4.0,0.871,1,42,48,False,804,moderate,poor,True,3.7,0.8982
B01157,P0188,C0376,electrician,2024-01-14 17:46,Sunday,weekend,17,evening_rush,CBD,Rongai,-1.269194,36.829377,-1.401487,36.74892,17.22,Uhuru Highway,2.59,5,19.3,49.6,60.8,11.3,True,4.1,0.944,18,5,918,True,1018,moderate,poor,True,3.9,0.8406
B01158,P0146,C0067,electrician,2024-07-17 17:39,Wednesday,weekday,17,evening_rush,Embakasi,Kasarani,-1.323622,36.89238,-1.217438,36.907365,11.92,Mombasa Road,4.0,10,12.5,53.1,56.4,8.6,True,5.0,0.807,14,19,476,True,630,moderate,moderate,False,,0.4768
B01159,P0055,C0442,carpenter,2024-01-03 16:02,Wednesday,weekday,16,evening_rush,CBD,Kikuyu,-1.285689,36.830976,-1.242629,36.672446,18.26,Uhuru Highway,4.0,10,12.5,83.1,85.5,8.7,True,3.3,0.754,2,17,82,True,674,moderate,poor,True,3.4,0.6145
B01160,P0013,C0411,electrician,2025-01-31 11:47,Friday,weekday,11,midday,Kitengela,Githurai,-1.481718,36.963337,-1.17658,36.89596,34.75,Mombasa Road,2.13,4,23.5,97.0,85.0,0.1,True,3.9,0.889,8,40,512,True,1036,poor,poor,False,,0.6833
B01161,P0165,C0145,cleaner,2024-01-21 16:40,Sunday,weekend,16,evening_rush,Ngong,Runda,-1.345402,36.669582,-1.199488,36.8155,22.94,Ngong Road,2.6,5,19.2,62.6,72.7,10.9,True,5.0,0.908,7,20,490,False,515,poor,good,False,,0.6202
B01162,P0083,C0409,carpenter,2025-03-07 15:41,Friday,weekday,15,early_afternoon,Roysambu,Kasarani,-1.197099,36.88354,-1.223112,36.909691,4.1,Thika Road,2.18,4,22.9,10.3,13.7,9.4,True,4.6,0.861,3,33,213,False,529,moderate,moderate,True,5.0,0.8728
B01163,P0015,C0381,carpenter,2024-05-31 08:40,Friday,weekday,8,morning_rush,Spring Valley,Parklands,-1.252873,36.746484,-1.269759,36.82673,9.12,Waiyaki Way,3.46,8,14.5,36.9,34.5,3.4,True,5.0,0.944,19,30,1083,True,658,good,good,True,5.0,0.8819
B01164,P0019,C0281,plumber,2024-01-15 18:16,Monday,weekday,18,evening_rush,Rongai,Industrial Area,-1.389773,36.75041,-1.303594,36.84318,14.08,Langata Road,3.58,9,14.0,57.8,64.2,7.9,True,4.5,0.728,3,34,171,True,1342,poor,poor,True,3.8,0.7018
B01165,P0155,C0196,plumber,2024-10-15 16:13,Tuesday,weekday,16,evening_rush,Parklands,Kilimani,-1.259306,36.829537,-1.281853,36.777566,6.3,Forest Road,3.67,9,13.6,23.2,19.7,5.4,True,4.6,0.866,17,44,476,False,863,good,good,True,4.4,0.7894
B01166,P0024,C0205,cleaner,2024-06-11 18:54,Tuesday,weekday,18,evening_rush,Langata,Westlands,-1.334684,36.751712,-1.271916,36.809584,9.49,Ngong Road,4.0,10,12.5,38.8,38.1,4.1,True,4.2,0.957,7,5,462,False,870,moderate,good,True,4.7,0.7993
B01167,P0066,C0092,technician,2024-11-11 09:32,Monday,weekday,9,mid_morning,Athi River,Githurai,-1.457679,36.988129,-1.192287,36.90567,30.9,Mombasa Road,2.25,4,22.2,86.7,76.1,2.2,True,5.0,0.777,12,37,768,True,1320,poor,poor,False,,0.6552
B01168,P0062,C0495,electrician,2024-11-03 17:01,Sunday,weekend,17,evening_rush,Runda,Karen,-1.210904,36.813098,-1.319239,36.705719,16.96,Kiambu Road,2.25,4,22.2,43.0,52.1,9.9,True,4.1,0.957,10,36,530,True,1029,good,good,True,4.0,0.886
B01169,P0198,C0444,cleaner,2025-03-03 07:46,Monday,weekday,7,morning_rush,Ngong,Muthaiga,-1.366998,36.657289,-1.258748,36.843226,23.92,Ngong Road,3.71,9,13.5,85.9,83.4,4.1,True,4.7,0.916,6,42,216,True,519,poor,good,False,,0.577
B01170,P0103,C0046,cleaner,2025-01-27 15:37,Monday,weekday,15,early_afternoon,Lavington,Spring Valley,-1.2836,36.766546,-1.267842,36.749703,2.56,Uhuru Highway,2.1,4,23.8,5.9,5.2,0.8,True,3.3,0.854,4,17,180,True,799,good,good,True,4.0,0.8823
B01171,P0006,C0437,technician,2025-03-11 15:47,Tuesday,weekday,15,early_afternoon,Parklands,Roysambu,-1.25903,36.810832,-1.199398,36.866782,9.09,Forest Road,1.87,3,26.7,23.7,23.4,4.8,True,4.4,0.902,19,21,513,True,630,good,moderate,True,4.0,0.9464
B01172,P0054,C0084,cleaner,2024-11-14 13:53,Thursday,weekday,13,midday,Ruiru,Dagoretti,-1.144993,36.950231,-1.282038,36.736382,28.24,Thika Road,2.09,4,23.9,79.5,84.8,6.5,True,3.6,0.857,8,44,248,True,336,poor,poor,True,4.4,0.8521
B01173,P0100,C0400,plumber,2024-03-01 13:17,Friday,weekday,13,midday,South C,Embakasi,-1.32936,36.803922,-1.313378,36.911137,12.05,Langata Road,1.75,2,28.6,23.4,25.1,2.2,True,4.0,0.88,19,21,399,True,1339,moderate,moderate,False,,0.6967
B01174,P0104,C0146,cleaner,2025-04-03 12:43,Thursday,weekday,12,midday,South C,Gigiri,-1.317485,36.782226,-1.23352,36.818168,10.16,Langata Road,1.75,2,28.6,24.2,26.0,7.5,True,4.8,0.78,15,40,495,True,849,moderate,good,True,3.7,0.8925
B01175,P0166,C0386,electrician,2024-09-03 10:11,Tuesday,weekday,10,mid_morning,Upper Hill,Upper Hill,-1.284545,36.821501,-1.290912,36.819452,0.74,Uhuru Highway,2.25,4,22.2,1.9,1.7,2.4,True,3.9,0.944,14,36,1022,True,745,good,good,True,4.1,0.932
B01176,P0168,C0079,carpenter,2025-05-02 13:15,Friday,weekday,13,midday,Spring Valley,Ngong,-1.272247,36.7353,-1.357933,36.657991,12.83,Waiyaki Way,1.88,3,26.6,29.6,30.0,3.3,True,3.6,0.97,19,32,1026,True,535,good,poor,True,3.0,0.9521
B01177,P0031,C0153,carpenter,2024-09-24 15:34,Tuesday,weekday,15,early_afternoon,Gigiri,Kikuyu,-1.208399,36.806357,-1.238478,36.67186,15.32,Forest Road,1.87,3,26.7,26.9,25.7,1.2,True,3.1,0.929,2,21,112,False,546,good,poor,True,3.2,0.9249
B01178,P0126,C0411,plumber,2024-04-27 14:37,Saturday,weekend,14,early_afternoon,Syokimau,Githurai,-1.384197,36.899152,-1.17658,36.89596,23.09,Mombasa Road,1.43,1,35.0,37.2,38.7,2.4,True,3.8,0.784,1,32,46,True,1101,moderate,poor,True,3.2,0.9126
B01179,P0111,C0377,technician,2024-08-13 16:57,Tuesday,weekday,16,evening_rush,Ngong,Kikuyu,-1.371368,36.653568,-1.256697,36.672563,12.92,Ngong Road,4.0,10,12.5,60.4,81.4,21.9,False,3.7,0.776,3,23,129,True,1613,poor,poor,False,,0.1355
B01180,P0080,C0463,cleaner,2024-03-09 14:03,Saturday,weekend,14,early_afternoon,Embakasi,Ruiru,-1.329891,36.910858,-1.135245,36.949691,22.07,Mombasa Road,1.43,1,35.0,33.9,28.9,0.4,True,3.8,0.88,6,38,408,True,612,moderate,poor,True,3.9,0.9773
B01181,P0176,C0309,electrician,2024-07-31 15:04,Wednesday,weekday,15,early_afternoon,Lavington,Muthaiga,-1.274096,36.757864,-1.246888,36.834549,9.05,Uhuru Highway,2.1,4,23.8,21.9,22.3,0.7,True,4.5,0.8,19,13,855,False,1087,good,good,True,5.0,0.9162
B01182,P0034,C0184,electrician,2025-04-08 15:29,Tuesday,weekday,15,early_afternoon,Ruiru,Kitengela,-1.147348,36.960424,-1.464548,36.970259,35.29,Thika Road,2.18,4,22.9,79.5,94.4,19.3,False,4.7,0.756,12,21,348,True,1449,poor,poor,False,,0.3428
B01183,P0171,C0050,plumber,2024-07-05 09:55,Friday,weekday,9,mid_morning,Kilimani,Embakasi,-1.29787,36.771599,-1.328964,36.910611,15.84,Uhuru Highway,2.25,4,22.2,39.6,47.0,20.6,False,4.9,0.924,15,30,510,True,1293,good,moderate,True,4.1,0.6703
B01184,P0095,C0263,plumber,2025-06-12 08:01,Thursday,weekday,8,morning_rush,Spring Valley,Githurai,-1.277903,36.744602,-1.183339,36.89866,20.1,Waiyaki Way,3.46,8,14.5,82.7,102.2,29.6,False,3.9,0.847,12,33,672,True,967,good,poor,True,3.3,0.41
B01185,P0052,C0251,cleaner,2024-09-19 15:29,Thursday,weekday,15,early_afternoon,Kitengela,Kitengela,-1.47149,36.958108,-1.479293,36.965499,1.19,Mombasa Road,2.13,4,23.5,2.9,3.4,2.9,True,5.0,0.889,8,14,280,False,767,poor,poor,False,,0.7149
B01186,P0115,C0454,technician,2024-02-11 13:23,Sunday,weekend,13,midday,Ngong,Parklands,-1.355618,36.6771,-1.264699,36.823282,19.14,Ngong Road,1.27,1,39.4,26.2,33.2,7.7,True,3.2,0.736,15,12,390,False,724,poor,good,True,2.7,0.8272
B01187,P0100,C0244,plumber,2024-07-07 13:45,Sunday,weekend,13,midday,South C,Parklands,-1.32936,36.803922,-1.259711,36.833857,8.43,Langata Road,1.16,1,43.1,10.6,10.8,5.0,True,4.0,0.88,19,21,399,True,1339,moderate,good,False,,0.7205
B01188,P0069,C0289,plumber,2024-04-25 18:52,Thursday,weekday,18,evening_rush,Embakasi,Hurlingham,-1.326504,36.886816,-1.294296,36.794523,10.87,Mombasa Road,4.0,10,12.5,46.7,46.7,3.3,True,4.5,0.938,11,8,869,True,873,moderate,good,True,4.3,0.8115
B01189,P0154,C0217,plumber,2025-02-20 15:37,Thursday,weekday,15,early_afternoon,Kitengela,Ngong,-1.476899,36.960583,-1.368109,36.663556,35.16,Mombasa Road,2.13,4,23.5,78.8,93.3,19.3,False,3.6,0.867,14,11,952,True,712,poor,poor,True,3.3,0.5973
B01190,P0024,C0388,cleaner,2025-04-25 15:28,Friday,weekday,15,early_afternoon,Langata,South B,-1.334684,36.751712,-1.327809,36.822339,7.89,Ngong Road,2.03,3,24.6,15.4,15.4,3.3,True,4.2,0.957,7,5,462,False,870,moderate,moderate,True,3.5,0.9636
B01191,P0109,C0416,cleaner,2024-01-03 11:55,Wednesday,weekday,11,midday,Kileleshwa,Kilimani,-1.273273,36.789956,-1.286401,36.770543,2.61,Uhuru Highway,1.88,3,26.6,5.3,7.0,2.5,True,3.7,0.918,19,42,1368,True,740,good,good,True,3.4,0.9378
B01192,P0095,C0315,plumber,2024-08-31 10:17,Saturday,weekend,10,mid_morning,Spring Valley,Syokimau,-1.277903,36.744602,-1.36411,36.905057,20.25,Waiyaki Way,1.37,1,36.5,35.5,33.8,4.2,True,3.9,0.847,12,33,672,True,967,good,moderate,True,4.0,0.9389
B01193,P0048,C0223,electrician,2024-11-17 10:30,Sunday,weekend,10,mid_morning,Dagoretti,Syokimau,-1.28378,36.747291,-1.378043,36.901011,20.05,Uhuru Highway,1.43,1,35.0,37.3,41.6,5.0,True,5.0,0.867,19,34,1311,True,1137,poor,moderate,True,5.0,0.9924
B01194,P0162,C0219,plumber,2025-04-01 15:46,Tuesday,weekday,15,early_afternoon,Upper Hill,CBD,-1.283701,36.803014,-1.291269,36.82298,2.37,Uhuru Highway,2.1,4,23.8,5.9,5.4,1.4,True,4.7,0.987,9,20,693,True,819,good,moderate,True,5.0,1.0
B01195,P0024,C0021,cleaner,2024-04-21 12:46,Sunday,weekend,12,midday,Langata,Kasarani,-1.334684,36.751712,-1.234195,36.891351,19.13,Ngong Road,1.27,1,39.4,21.1,18.5,0.6,True,4.2,0.957,7,5,462,False,870,moderate,moderate,True,4.6,1.0
B01196,P0132,C0175,electrician,2024-12-17 16:48,Tuesday,weekday,16,evening_rush,South B,Muthaiga,-1.312355,36.821388,-1.244738,36.826186,7.54,Uhuru Highway,4.0,10,12.5,27.5,31.3,5.4,True,5.0,0.865,17,36,1275,True,888,moderate,good,True,4.6,0.7825
B01197,P0119,C0347,plumber,2024-06-16 10:24,Sunday,weekend,10,mid_morning,Parklands,Upper Hill,-1.278361,36.811882,-1.305819,36.825705,3.42,Forest Road,1.21,1,41.3,4.6,4.9,0.8,True,4.6,0.896,19,19,1026,True,1373,good,good,True,4.1,1.0
B01198,P0058,C0332,electrician,2024-01-26 16:48,Friday,weekday,16,evening_rush,Muthaiga,Athi River,-1.257845,36.837065,-1.445913,36.990574,26.99,Forest Road,3.67,9,13.6,96.8,88.0,2.4,True,4.5,0.922,15,44,1140,True,755,good,poor,True,4.1,0.8374
B01199,P0176,C0366,electrician,2024-07-22 16:52,Monday,weekday,16,evening_rush,Lavington,South B,-1.274096,36.757864,-1.313924,36.812209,7.49,Uhuru Highway,4.0,10,12.5,31.2,35.6,7.3,True,4.5,0.8,19,13,855,False,1087,good,moderate,True,4.4,0.7092
B01200,P0040,C0477,plumber,2024-07-14 11:11,Sunday,weekend,11,midday,Kileleshwa,Ruiru,-1.285552,36.778547,-1.136399,36.959137,26.04,Uhuru Highway,1.31,1,38.2,39.8,36.8,1.6,True,3.5,0.988,10,38,450,True,1000,good,poor,True,4.6,1.0
B01201,P0127,C0270,technician,2025-05-02 08:42,Friday,weekday,8,morning_rush,Lavington,Spring Valley,-1.28395,36.781169,-1.265969,36.748297,4.17,Uhuru Highway,3.58,9,14.0,18.7,22.2,9.4,True,4.0,0.82,19,24,969,True,1214,good,good,True,3.6,0.7103
B01202,P0162,C0332,plumber,2024-12-01 10:12,Sunday,weekend,10,mid_morning,Upper Hill,Athi River,-1.283701,36.803014,-1.445913,36.990574,27.57,Uhuru Highway,1.43,1,35.0,50.2,54.5,4.9,True,4.7,0.987,9,20,693,True,819,good,poor,True,4.5,1.0
B01203,P0135,C0043,electrician,2024-11-09 08:26,Saturday,weekend,8,morning_rush,Muthaiga,Kileleshwa,-1.24462,36.826256,-1.267218,36.769721,6.77,Forest Road,2.21,4,22.6,17.8,15.3,0.3,True,3.5,0.821,11,10,242,True,1068,good,good,True,3.5,0.8712
B01204,P0075,C0240,carpenter,2024-11-14 11:51,Thursday,weekday,11,midday,Kikuyu,Gigiri,-1.245138,36.66463,-1.22186,36.818039,17.25,Waiyaki Way,1.88,3,26.6,35.1,30.3,0.0,True,5.0,0.861,9,42,189,True,655,poor,good,True,5.0,0.9951
B01205,P0112,C0041,carpenter,2024-12-16 17:45,Monday,weekday,17,evening_rush,Rongai,Kitengela,-1.407345,36.750173,-1.46389,36.951964,23.3,Langata Road,3.58,9,14.0,103.8,118.2,17.2,False,4.9,0.809,17,40,1190,True,779,poor,poor,True,4.7,0.5348
B01206,P0123,C0154,technician,2024-01-25 14:37,Thursday,weekday,14,early_afternoon,South C,Lavington,-1.304593,36.805869,-1.277949,36.774784,4.55,Langata Road,1.89,3,26.5,11.0,10.4,6.9,True,4.0,0.913,17,10,901,False,888,moderate,good,True,3.8,0.9128
B01207,P0039,C0066,electrician,2024-06-23 09:03,Sunday,weekend,9,mid_morning,Spring Valley,Kitengela,-1.278278,36.738872,-1.483162,36.967236,34.11,Waiyaki Way,1.37,1,36.5,63.4,69.4,6.4,True,4.5,0.924,2,10,158,False,1205,good,poor,True,4.3,0.9891
B01208,P0176,C0463,electrician,2024-12-27 15:52,Friday,weekday,15,early_afternoon,Lavington,Ruiru,-1.274096,36.757864,-1.135245,36.949691,26.33,Uhuru Highway,2.1,4,23.8,61.9,75.5,14.3,True,4.5,0.8,19,13,855,False,1087,good,poor,True,5.0,0.8028
B01209,P0077,C0431,carpenter,2024-08-09 12:41,Friday,weekday,12,midday,Kileleshwa,Syokimau,-1.283737,36.770673,-1.374091,36.902344,17.75,Uhuru Highway,1.88,3,26.6,36.1,48.0,13.7,True,4.7,0.801,1,23,40,True,622,good,moderate,True,5.0,0.8359
B01210,P0064,C0268,electrician,2024-04-16 12:55,Tuesday,weekday,12,midday,Parklands,Kilimani,-1.263494,36.832383,-1.293114,36.768586,7.82,Forest Road,1.7,2,29.4,16.6,16.1,0.3,True,3.7,0.803,18,6,1224,True,1206,good,good,True,4.0,0.913
B01211,P0110,C0152,electrician,2025-01-26 10:14,Sunday,weekend,10,mid_morning,Kasarani,Spring Valley,-1.213002,36.900337,-1.260572,36.757493,16.74,Thika Road,1.44,1,34.7,27.8,33.3,10.4,True,3.4,0.852,14,29,1050,True,1119,moderate,good,True,3.9,0.8591
B01212,P0146,C0025,electrician,2025-02-27 10:36,Thursday,weekday,10,mid_morning,Embakasi,Industrial Area,-1.323622,36.89238,-1.310076,36.858005,4.11,Mombasa Road,2.25,4,22.2,11.1,10.6,5.7,True,5.0,0.807,14,19,476,True,630,moderate,poor,True,4.9,0.891
B01213,P0142,C0040,plumber,2024-02-18 16:52,Sunday,weekend,16,evening_rush,Kasarani,Kikuyu,-1.229622,36.886822,-1.240763,36.66422,24.78,Thika Road,2.64,5,18.9,83.9,97.9,14.1,True,3.3,0.792,9,10,360,True,1064,moderate,poor,True,3.6,0.6973
B01214,P0012,C0263,electrician,2024-10-10 14:37,Thursday,weekday,14,early_afternoon,Hurlingham,Githurai,-1.295566,36.800621,-1.183339,36.89866,16.57,Ngong Road,2.03,3,24.6,35.6,38.8,5.1,True,3.1,0.784,3,33,111,False,555,good,poor,True,3.3,0.8071
B01215,P0028,C0262,technician,2024-10-15 07:50,Tuesday,weekday,7,morning_rush,Hurlingham,Rongai,-1.287818,36.781917,-1.4031,36.753793,13.19,Ngong Road,3.71,9,13.5,58.7,60.7,7.6,True,3.2,0.791,6,37,354,False,1755,good,poor,False,,0.4104
B01216,P0109,C0212,cleaner,2024-03-09 10:47,Saturday,weekend,10,mid_morning,Kileleshwa,Hurlingham,-1.273273,36.789956,-1.290805,36.800229,2.26,Uhuru Highway,1.43,1,35.0,4.2,4.8,12.9,True,3.7,0.918,19,42,1368,True,740,good,good,True,5.0,0.8871
B01217,P0025,C0238,cleaner,2024-04-30 11:42,Tuesday,weekday,11,midday,Langata,Ngong,-1.346931,36.741658,-1.36592,36.665507,8.72,Ngong Road,1.87,3,26.7,20.8,25.8,6.8,True,4.2,0.845,3,5,156,True,558,moderate,poor,False,,0.6412
B01218,P0170,C0369,carpenter,2024-11-09 07:13,Saturday,weekend,7,morning_rush,South B,Rongai,-1.325679,36.811506,-1.394528,36.736564,11.31,Uhuru Highway,2.53,5,19.8,38.4,32.7,4.4,True,4.1,0.823,13,22,572,True,736,moderate,poor,True,3.6,0.8424
B01219,P0146,C0417,electrician,2024-11-24 07:10,Sunday,weekend,7,morning_rush,Embakasi,Hurlingham,-1.323622,36.89238,-1.302831,36.783499,12.32,Mombasa Road,2.67,6,18.7,32.8,37.6,16.4,False,5.0,0.807,14,19,476,True,630,moderate,good,True,5.0,0.6182
B01220,P0065,C0182,electrician,2024-01-27 10:52,Saturday,weekend,10,mid_morning,Kasarani,Hurlingham,-1.210236,36.897134,-1.291751,36.789707,14.99,Thika Road,1.44,1,34.7,31.7,28.6,0.7,True,5.0,0.784,10,40,200,True,1272,moderate,good,False,,0.736
B01221,P0066,C0300,technician,2024-08-02 12:07,Friday,weekday,12,midday,Athi River,Langata,-1.457679,36.988129,-1.350397,36.749372,29.1,Mombasa Road,2.13,4,23.5,70.5,65.7,0.9,True,5.0,0.777,12,37,768,True,1320,poor,moderate,False,,0.6756
B01222,P0021,C0394,technician,2024-03-23 11:48,Saturday,weekend,11,midday,Kasarani,Embakasi,-1.234208,36.887013,-1.320358,36.911613,9.96,Thika Road,1.35,1,37.0,18.5,19.7,4.5,True,4.3,0.918,11,35,693,True,1319,moderate,moderate,True,4.2,0.9935
B01223,P0129,C0009,technician,2025-05-29 15:13,Thursday,weekday,15,early_afternoon,Kasarani,Eastleigh,-1.212676,36.887025,-1.281668,36.861202,8.19,Thika Road,2.18,4,22.9,19.7,20.7,3.7,True,3.2,0.813,10,25,770,False,973,moderate,poor,True,3.7,0.8263
B01224,P0030,C0380,technician,2024-11-29 17:11,Friday,weekday,17,evening_rush,Dagoretti,Ruiru,-1.288754,36.734235,-1.155398,36.951828,28.37,Uhuru Highway,4.0,10,12.5,106.1,133.5,48.1,False,4.9,0.751,12,34,816,False,1451,poor,poor,True,5.0,0.2155
B01225,P0170,C0237,carpenter,2024-05-25 12:38,Saturday,weekend,12,midday,South B,Industrial Area,-1.325679,36.811506,-1.314266,36.842845,3.71,Uhuru Highway,1.31,1,38.2,5.1,6.2,8.8,True,4.1,0.823,13,22,572,True,736,moderate,poor,False,,0.6534
B01226,P0046,C0403,cleaner,2025-02-04 11:47,Tuesday,weekday,11,midday,Rongai,Embakasi,-1.390957,36.7597,-1.320097,36.901101,17.58,Langata Road,1.75,2,28.6,31.4,37.9,9.8,True,3.4,0.843,12,33,360,True,781,poor,moderate,True,3.1,0.8348
B01227,P0047,C0432,plumber,2024-07-30 08:27,Tuesday,weekday,8,morning_rush,Hurlingham,Langata,-1.296707,36.799823,-1.349647,36.743528,8.59,Ngong Road,3.71,9,13.5,39.2,45.9,10.2,True,5.0,0.962,10,7,630,True,956,good,moderate,True,4.5,0.8142
B01228,P0101,C0024,cleaner,2024-12-09 15:12,Monday,weekday,15,early_afternoon,South B,Eastleigh,-1.316934,36.821923,-1.268446,36.859863,6.85,Uhuru Highway,2.1,4,23.8,16.4,16.0,3.1,True,4.8,0.773,5,33,180,True,405,moderate,poor,False,,0.6477
B01229,P0022,C0214,electrician,2024-10-18 14:22,Friday,weekday,14,early_afternoon,Langata,Westlands,-1.337324,36.740716,-1.260173,36.818928,12.21,Ngong Road,2.03,3,24.6,33.6,37.3,8.4,True,4.9,0.913,14,13,350,True,1171,moderate,good,True,5.0,0.9341
B01230,P0181,C0153,carpenter,2024-03-17 08:26,Sunday,weekend,8,morning_rush,Eastleigh,Kikuyu,-1.285983,36.842261,-1.238478,36.67186,19.67,Jogoo Road,2.17,4,23.0,49.7,58.6,10.4,True,4.1,0.796,2,32,106,True,664,poor,poor,False,,0.5577
B01231,P0081,C0301,plumber,2025-06-19 15:25,Thursday,weekday,15,early_afternoon,Upper Hill,Langata,-1.307096,36.828446,-1.345941,36.751219,9.61,Uhuru Highway,2.1,4,23.8,26.9,25.3,3.3,True,4.8,0.858,8,38,440,True,599,good,moderate,True,4.8,0.9385
B01232,P0186,C0233,cleaner,2024-04-22 08:55,Monday,weekday,8,morning_rush,Parklands,Kilimani,-1.259849,36.809984,-1.293414,36.784308,4.7,Forest Road,3.15,7,15.9,16.6,18.4,3.9,True,4.7,0.915,7,22,273,True,678,good,good,True,5.0,0.873
B01233,P0194,C0344,plumber,2025-01-24 17:02,Friday,weekday,17,evening_rush,Ruiru,Lavington,-1.158479,36.954798,-1.289021,36.782777,24.01,Thika Road,4.0,10,12.5,140.9,136.7,0.2,True,4.8,0.813,19,40,779,True,627,poor,good,True,4.8,0.7898
B01234,P0116,C0320,technician,2024-06-22 16:39,Saturday,weekend,16,evening_rush,Roysambu,Upper Hill,-1.210341,36.87171,-1.289668,36.817658,10.67,Thika Road,2.64,5,18.9,31.4,33.8,3.3,True,4.0,0.871,1,42,48,False,804,moderate,good,False,,0.6118
B01235,P0068,C0175,electrician,2024-10-06 10:17,Sunday,weekend,10,mid_morning,Parklands,Muthaiga,-1.28108,36.807397,-1.244738,36.826186,4.55,Forest Road,1.21,1,41.3,5.9,7.8,8.2,True,4.7,0.926,17,10,1122,False,560,good,good,True,4.7,0.9979
B01236,P0048,C0109,electrician,2024-02-28 16:39,Wednesday,weekday,16,evening_rush,Dagoretti,Westlands,-1.28378,36.747291,-1.261315,36.81939,8.4,Uhuru Highway,4.0,10,12.5,40.7,50.9,10.3,True,5.0,0.867,19,34,1311,True,1137,poor,good,True,5.0,0.7427
B01237,P0048,C0041,electrician,2024-07-14 14:54,Sunday,weekend,14,early_afternoon,Dagoretti,Kitengela,-1.28378,36.747291,-1.46389,36.951964,30.31,Uhuru Highway,1.35,1,37.0,42.0,37.2,1.8,True,5.0,0.867,19,34,1311,True,1137,poor,poor,False,,0.7755
B01238,P0192,C0310,carpenter,2024-10-06 09:23,Sunday,weekend,9,mid_morning,Ruiru,Rongai,-1.139674,36.956392,-1.405758,36.759102,36.83,Thika Road,1.44,1,34.7,63.0,67.9,8.5,True,4.1,0.856,5,15,135,True,760,poor,poor,False,,0.662
B01239,P0067,C0447,carpenter,2025-05-05 17:33,Monday,weekday,17,evening_rush,Runda,Kileleshwa,-1.203143,36.802115,-1.284381,36.783912,9.26,Kiambu Road,3.27,8,15.3,36.0,31.6,2.0,True,3.2,0.784,16,33,384,True,966,good,good,False,,0.4887
B01240,P0173,C0055,electrician,2024-02-02 10:20,Friday,weekday,10,mid_morning,Eastleigh,Kitengela,-1.283129,36.849829,-1.483943,36.971996,26.13,Jogoo Road,1.89,3,26.5,64.9,55.9,3.6,True,4.4,0.726,7,35,427,True,946,poor,poor,True,4.5,0.8668
B01241,P0112,C0274,carpenter,2024-08-30 12:33,Friday,weekday,12,midday,Rongai,Roysambu,-1.407345,36.750173,-1.219255,36.863417,24.41,Langata Road,1.75,2,28.6,52.4,49.7,1.5,True,4.9,0.809,17,40,1190,True,779,poor,moderate,True,5.0,0.962
B01242,P0005,C0003,technician,2024-07-05 10:48,Friday,weekday,10,mid_morning,Kileleshwa,Roysambu,-1.285845,36.78543,-1.209563,36.883337,13.8,Uhuru Highway,2.25,4,22.2,36.9,41.1,9.4,True,3.9,0.885,4,43,156,True,616,good,moderate,True,4.3,0.8442
B01243,P0102,C0060,plumber,2025-04-13 16:32,Sunday,weekend,16,evening_rush,CBD,Hurlingham,-1.28875,36.816036,-1.295253,36.792516,2.71,Uhuru Highway,2.59,5,19.3,7.9,7.2,8.3,True,4.6,0.858,14,44,294,False,585,moderate,good,True,4.5,0.8476
B01244,P0004,C0088,cleaner,2025-05-13 13:34,Tuesday,weekday,13,midday,Eastleigh,Kikuyu,-1.271819,36.862837,-1.251358,36.670042,21.55,Jogoo Road,1.71,2,29.2,43.7,40.2,0.3,True,4.8,0.736,8,7,280,True,391,poor,poor,True,4.6,0.9337
B01245,P0168,C0245,carpenter,2025-01-14 13:11,Tuesday,weekday,13,midday,Spring Valley,Lavington,-1.272247,36.7353,-1.291629,36.774201,4.83,Waiyaki Way,1.88,3,26.6,11.6,12.1,4.7,True,3.6,0.97,19,32,1026,True,535,good,good,True,4.1,0.9404
B01246,P0118,C0355,cleaner,2024-07-12 15:22,Friday,weekday,15,early_afternoon,Syokimau,Westlands,-1.375522,36.898831,-1.27324,36.796631,16.08,Mombasa Road,2.13,4,23.5,42.2,45.1,3.4,True,4.0,0.883,12,22,552,True,781,moderate,good,True,4.6,0.9078
B01247,P0104,C0445,cleaner,2025-03-04 14:54,Tuesday,weekday,14,early_afternoon,South C,Kileleshwa,-1.317485,36.782226,-1.265027,36.789172,5.88,Langata Road,1.89,3,26.5,12.4,12.8,0.6,True,4.8,0.78,15,40,495,True,849,moderate,good,True,4.3,0.9388
B01248,P0169,C0495,cleaner,2025-01-15 12:16,Wednesday,weekday,12,midday,CBD,Karen,-1.279373,36.828665,-1.319239,36.705719,14.37,Uhuru Highway,1.88,3,26.6,32.3,33.8,10.4,True,5.0,0.778,8,26,192,True,648,moderate,good,True,4.6,0.8669
B01249,P0191,C0309,plumber,2025-06-18 14:50,Wednesday,weekday,14,early_afternoon,Athi River,Muthaiga,-1.458754,37.004152,-1.246888,36.834549,30.17,Mombasa Road,2.13,4,23.5,79.4,92.5,13.6,True,3.9,0.908,19,25,570,True,588,poor,good,False,,0.5803
B01250,P0186,C0250,cleaner,2025-04-23 14:07,Wednesday,weekday,14,early_afternoon,Parklands,Kileleshwa,-1.259849,36.809984,-1.272479,36.778531,3.77,Forest Road,1.87,3,26.7,11.1,11.0,4.0,True,4.7,0.915,7,22,273,True,678,good,good,True,4.8,0.9746
B01251,P0078,C0317,plumber,2024-09-27 11:38,Friday,weekday,11,midday,Spring Valley,Kileleshwa,-1.275279,36.740173,-1.278972,36.773732,3.75,Waiyaki Way,1.88,3,26.6,10.0,11.6,1.8,True,4.2,0.881,10,6,270,True,1363,good,good,True,4.1,0.9501
B01252,P0158,C0185,technician,2024-03-03 14:11,Sunday,weekend,14,early_afternoon,Kileleshwa,Karen,-1.28297,36.766616,-1.32622,36.721064,6.98,Uhuru Highway,1.35,1,37.0,10.9,13.1,2.5,True,4.5,0.824,2,20,58,True,897,good,good,True,4.6,0.9732
B01253,P0177,C0345,cleaner,2024-11-24 12:11,Sunday,weekend,12,midday,South C,Kileleshwa,-1.321132,36.802989,-1.263775,36.78636,6.64,Langata Road,1.16,1,43.1,6.8,6.4,9.6,True,3.3,0.785,5,21,270,True,495,moderate,good,True,3.3,0.8497
B01254,P0177,C0346,cleaner,2024-08-19 15:42,Monday,weekday,15,early_afternoon,South C,Eastleigh,-1.321132,36.802989,-1.270576,36.847555,7.49,Langata Road,1.89,3,26.5,14.2,14.9,19.4,False,3.3,0.785,5,21,270,True,495,moderate,poor,False,,0.3096
B01255,P0102,C0412,plumber,2024-02-08 17:26,Thursday,weekday,17,evening_rush,CBD,Upper Hill,-1.28875,36.816036,-1.286314,36.820449,0.56,Uhuru Highway,4.0,10,12.5,3.2,3.2,1.5,True,4.6,0.858,14,44,294,False,585,moderate,good,False,,0.5415
B01256,P0078,C0045,plumber,2025-06-22 16:01,Sunday,weekend,16,evening_rush,Spring Valley,Roysambu,-1.275279,36.740173,-1.199811,36.881373,17.8,Waiyaki Way,2.44,5,20.5,47.5,48.2,4.3,True,4.2,0.881,10,6,270,True,1363,good,moderate,True,4.3,0.8845
B01257,P0033,C0070,carpenter,2024-10-05 12:24,Saturday,weekend,12,midday,Muthaiga,Spring Valley,-1.254259,36.833037,-1.27041,36.756248,8.72,Forest Road,1.04,0,48.1,12.2,15.0,6.4,True,4.2,0.88,4,10,112,True,622,good,good,True,3.5,0.9785
B01258,P0004,C0098,cleaner,2025-02-09 08:55,Sunday,weekend,8,morning_rush,Eastleigh,Githurai,-1.271819,36.862837,-1.197958,36.899764,9.18,Jogoo Road,2.17,4,23.0,26.5,27.9,3.0,True,4.8,0.736,8,7,280,True,391,poor,poor,False,,0.6244
B01259,P0029,C0418,electrician,2024-07-28 13:32,Sunday,weekend,13,midday,Industrial Area,Kilimani,-1.308364,36.858956,-1.287116,36.787332,8.31,Mombasa Road,1.39,1,36.0,13.3,16.8,11.5,True,5.0,0.886,16,32,1120,True,946,poor,good,True,5.0,0.951
B01260,P0005,C0357,technician,2024-01-20 16:02,Saturday,weekend,16,evening_rush,Kileleshwa,CBD,-1.285845,36.78543,-1.276654,36.814237,3.36,Uhuru Highway,2.59,5,19.3,8.5,11.4,3.0,True,3.9,0.885,4,43,156,True,616,good,moderate,True,3.8,0.8703
B01261,P0049,C0440,technician,2025-01-21 15:13,Tuesday,weekday,15,early_afternoon,Kasarani,South B,-1.213738,36.911241,-1.319957,36.816344,15.84,Thika Road,2.18,4,22.9,52.1,56.5,9.7,True,4.1,0.836,17,7,1343,True,866,moderate,moderate,True,4.1,0.8328
B01262,P0007,C0108,plumber,2024-02-08 16:03,Thursday,weekday,16,evening_rush,Industrial Area,Karen,-1.295756,36.837346,-1.313554,36.707321,14.59,Mombasa Road,4.0,10,12.5,66.2,87.7,22.7,False,4.8,0.813,3,17,234,True,1096,poor,good,True,4.5,0.4523
B01263,P0124,C0333,technician,2024-06-04 11:32,Tuesday,weekday,11,midday,CBD,Syokimau,-1.268836,36.820416,-1.372567,36.892667,14.06,Uhuru Highway,1.88,3,26.6,35.9,45.1,14.9,True,4.3,0.771,4,19,216,True,1178,moderate,moderate,True,5.0,0.7909
B01264,P0038,C0333,cleaner,2024-07-24 11:08,Wednesday,weekday,11,midday,Kitengela,Syokimau,-1.478252,36.974953,-1.372567,36.892667,14.89,Mombasa Road,2.13,4,23.5,40.7,37.6,0.9,True,3.1,0.788,15,39,930,False,443,poor,moderate,True,3.0,0.8361
B01265,P0062,C0224,electrician,2024-01-07 08:43,Sunday,weekend,8,morning_rush,Runda,Kilimani,-1.210904,36.813098,-1.290293,36.770335,10.03,Kiambu Road,2.02,3,24.8,18.3,16.9,0.2,True,4.1,0.957,10,36,530,True,1029,good,good,True,3.9,0.9852
B01266,P0161,C0440,cleaner,2024-07-25 15:33,Thursday,weekday,15,early_afternoon,Dagoretti,South B,-1.301444,36.756457,-1.319957,36.816344,6.97,Uhuru Highway,2.1,4,23.8,17.6,20.5,7.4,True,4.0,0.762,12,41,924,True,473,poor,moderate,True,4.1,0.8163
B01267,P0138,C0098,cleaner,2025-04-05 11:00,Saturday,weekend,11,midday,Ruiru,Githurai,-1.130056,36.960788,-1.197958,36.899764,10.15,Thika Road,1.35,1,37.0,16.2,20.2,4.4,True,4.8,0.815,4,9,276,True,318,poor,poor,True,5.0,0.9678
B01268,P0023,C0155,plumber,2024-06-25 12:09,Tuesday,weekday,12,midday,Runda,Langata,-1.20871,36.820684,-1.340628,36.735996,17.43,Kiambu Road,1.65,2,30.3,32.3,33.0,5.3,True,3.8,0.977,7,10,539,True,894,good,moderate,True,4.1,0.9673
B01269,P0198,C0238,cleaner,2024-02-07 12:08,Wednesday,weekday,12,midday,Ngong,Ngong,-1.366998,36.657289,-1.36592,36.665507,0.92,Ngong Road,1.87,3,26.7,2.3,2.0,2.3,True,4.7,0.916,6,42,216,True,519,poor,poor,False,,0.7392
B01270,P0038,C0243,cleaner,2025-01-18 12:21,Saturday,weekend,12,midday,Kitengela,Eastleigh,-1.478252,36.974953,-1.271758,36.848079,26.95,Mombasa Road,1.39,1,36.0,53.3,58.6,9.4,True,3.1,0.788,15,39,930,False,443,poor,poor,False,,0.5745
B01271,P0109,C0012,cleaner,2025-04-17 08:18,Thursday,weekday,8,morning_rush,Kileleshwa,Dagoretti,-1.273273,36.789956,-1.284733,36.758086,3.77,Uhuru Highway,3.58,9,14.0,17.0,20.3,4.5,True,3.7,0.918,19,42,1368,True,740,good,poor,True,3.8,0.7851
B01272,P0030,C0086,technician,2025-05-10 14:32,Saturday,weekend,14,early_afternoon,Dagoretti,Dagoretti,-1.288754,36.734235,-1.280435,36.740615,1.17,Uhuru Highway,1.35,1,37.0,1.9,2.4,2.5,True,4.9,0.751,12,34,816,False,1451,poor,poor,True,4.8,0.9567
B01273,P0040,C0379,plumber,2024-04-30 15:27,Tuesday,weekday,15,early_afternoon,Kileleshwa,South B,-1.285552,36.778547,-1.308222,36.819901,5.24,Uhuru Highway,2.1,4,23.8,14.2,12.7,0.2,True,3.5,0.988,10,38,450,True,1000,good,moderate,True,3.6,0.9643
B01274,P0180,C0228,technician,2024-10-12 07:24,Saturday,weekend,7,morning_rush,Upper Hill,Kasarani,-1.303674,36.816618,-1.217424,36.906597,13.86,Uhuru Highway,2.53,5,19.8,47.6,40.6,4.3,True,4.3,0.987,16,44,544,True,1558,good,moderate,True,4.6,0.9353
B01275,P0125,C0242,carpenter,2025-05-03 12:37,Saturday,weekend,12,midday,CBD,Dagoretti,-1.289186,36.82843,-1.280377,36.755918,8.12,Uhuru Highway,1.31,1,38.2,14.2,17.2,3.5,True,4.2,0.775,18,40,810,False,627,moderate,poor,True,4.0,0.9285
B01276,P0006,C0441,technician,2024-09-04 07:03,Wednesday,weekday,7,morning_rush,Parklands,Eastleigh,-1.25903,36.810832,-1.270033,36.862979,5.92,Forest Road,3.15,7,15.9,18.9,17.7,3.5,True,4.4,0.902,19,21,513,True,630,good,poor,False,,0.6048
B01277,P0116,C0300,technician,2024-03-18 15:23,Monday,weekday,15,early_afternoon,Roysambu,Langata,-1.210341,36.87171,-1.350397,36.749372,20.68,Thika Road,2.18,4,22.9,51.4,60.7,9.7,True,4.0,0.871,1,42,48,False,804,moderate,moderate,True,4.3,0.8453
B01278,P0063,C0104,cleaner,2024-08-28 17:39,Wednesday,weekday,17,evening_rush,Roysambu,Athi River,-1.223879,36.861046,-1.450447,37.001944,29.67,Thika Road,4.0,10,12.5,137.1,159.6,25.6,False,4.0,0.76,7,24,231,True,726,moderate,poor,True,3.9,0.3617
B01279,P0076,C0292,plumber,2025-05-31 17:39,Saturday,weekend,17,evening_rush,Syokimau,Embakasi,-1.380514,36.905837,-1.327653,36.895106,6.0,Mombasa Road,3.0,7,16.7,24.1,29.1,5.2,True,4.4,0.791,8,23,400,False,839,moderate,moderate,True,4.5,0.7972
B01280,P0101,C0027,cleaner,2024-07-02 15:29,Tuesday,weekday,15,early_afternoon,South B,Hurlingham,-1.316934,36.821923,-1.286438,36.801682,4.07,Uhuru Highway,2.1,4,23.8,10.7,10.2,0.6,True,4.8,0.773,5,33,180,True,405,moderate,good,False,,0.6685
B01281,P0086,C0005,electrician,2025-06-23 12:58,Monday,weekday,12,midday,Rongai,Karen,-1.399737,36.737186,-1.326896,36.715021,8.47,Langata Road,1.75,2,28.6,15.4,18.2,8.0,True,4.3,0.749,12,26,612,True,1339,poor,good,False,,0.5978
B01282,P0027,C0323,technician,2025-04-19 16:55,Saturday,weekend,16,evening_rush,Muthaiga,Athi River,-1.257454,36.847519,-1.452273,36.98172,26.3,Forest Road,2.22,4,22.5,77.3,101.0,25.6,False,4.8,0.786,13,40,780,True,771,good,poor,False,,0.3071
B01283,P0183,C0222,carpenter,2024-12-19 12:32,Thursday,weekday,12,midday,Langata,Eastleigh,-1.346859,36.745886,-1.278782,36.846129,13.47,Ngong Road,1.87,3,26.7,33.5,42.6,11.0,True,3.4,0.755,14,5,322,True,885,moderate,poor,True,2.6,0.7712
B01284,P0107,C0435,electrician,2024-12-30 12:22,Monday,weekday,12,midday,Rongai,Langata,-1.411221,36.737889,-1.353284,36.747774,6.54,Langata Road,1.75,2,28.6,15.8,16.3,2.7,True,3.8,0.756,11,30,715,True,708,poor,moderate,False,,0.6205
B01285,P0127,C0378,technician,2024-08-11 13:47,Sunday,weekend,13,midday,Lavington,Githurai,-1.28395,36.781169,-1.177054,36.9103,18.64,Uhuru Highway,1.31,1,38.2,30.6,34.6,5.7,True,4.0,0.82,19,24,969,True,1214,good,poor,True,4.2,0.9227
B01286,P0149,C0306,technician,2024-03-18 10:05,Monday,weekday,10,mid_morning,South B,Eastleigh,-1.32145,36.814943,-1.281009,36.841057,5.35,Uhuru Highway,2.25,4,22.2,11.3,10.1,1.5,True,3.7,0.959,3,38,72,True,1667,moderate,poor,True,4.4,0.937
B01287,P0188,C0284,electrician,2024-02-17 12:50,Saturday,weekend,12,midday,CBD,Hurlingham,-1.269194,36.829377,-1.293287,36.807185,3.64,Uhuru Highway,1.31,1,38.2,3.7,4.7,5.9,True,4.1,0.944,18,5,918,True,1018,moderate,good,True,3.9,0.988
B01288,P0075,C0019,carpenter,2025-05-25 08:38,Sunday,weekend,8,morning_rush,Kikuyu,Muthaiga,-1.245138,36.66463,-1.255769,36.832287,18.68,Waiyaki Way,2.2,4,22.7,42.5,54.7,20.5,False,5.0,0.861,9,42,189,True,655,poor,good,True,5.0,0.6487
B01289,P0125,C0205,carpenter,2025-05-12 09:38,Monday,weekday,9,mid_morning,CBD,Westlands,-1.289186,36.82843,-1.271916,36.809584,2.84,Uhuru Highway,2.25,4,22.2,7.1,6.9,2.3,True,4.2,0.775,18,40,810,False,627,moderate,good,True,4.0,0.8633
B01290,P0125,C0263,carpenter,2024-08-19 13:00,Monday,weekday,13,midday,CBD,Githurai,-1.289186,36.82843,-1.183339,36.89866,14.12,Uhuru Highway,1.88,3,26.6,40.6,54.5,21.6,False,4.2,0.775,18,40,810,False,627,moderate,poor,True,4.6,0.5821
B01291,P0152,C0372,plumber,2024-04-02 13:29,Tuesday,weekday,13,midday,Kilimani,Parklands,-1.299509,36.788374,-1.274029,36.811285,3.81,Uhuru Highway,1.88,3,26.6,8.2,7.7,2.4,True,3.9,0.983,19,27,1292,False,504,good,good,False,,0.7311
B01292,P0157,C0479,cleaner,2024-05-06 09:13,Monday,weekday,9,mid_morning,Roysambu,CBD,-1.213324,36.857954,-1.281689,36.817117,8.85,Thika Road,2.31,4,21.6,20.8,26.7,6.3,True,3.7,0.948,6,10,216,True,857,moderate,moderate,True,3.5,0.8867
B01293,P0174,C0464,cleaner,2024-04-12 12:02,Friday,weekday,12,midday,Rongai,Industrial Area,-1.385961,36.747354,-1.309673,36.858549,14.99,Langata Road,1.75,2,28.6,36.7,41.6,7.1,True,3.9,0.87,15,26,705,True,624,poor,poor,False,,0.6458
B01294,P0125,C0119,carpenter,2025-02-22 13:43,Saturday,weekend,13,midday,CBD,Spring Valley,-1.289186,36.82843,-1.253993,36.753017,9.25,Uhuru Highway,1.31,1,38.2,14.5,14.9,2.0,True,4.2,0.775,18,40,810,False,627,moderate,good,True,4.4,0.941
B01295,P0183,C0032,carpenter,2025-02-09 08:11,Sunday,weekend,8,morning_rush,Langata,CBD,-1.346859,36.745886,-1.285874,36.815402,10.28,Ngong Road,2.34,4,21.4,33.7,34.9,1.2,True,3.4,0.755,14,5,322,True,885,moderate,moderate,True,3.6,0.8153
B01296,P0136,C0010,carpenter,2024-07-22 14:17,Monday,weekday,14,early_afternoon,Ngong,Langata,-1.343029,36.658549,-1.356264,36.74747,9.99,Ngong Road,2.03,3,24.6,22.1,26.8,7.0,True,4.4,0.783,16,42,912,False,725,poor,moderate,False,,0.6058
B01297,P0109,C0296,cleaner,2024-08-02 14:36,Friday,weekday,14,early_afternoon,Kileleshwa,Kitengela,-1.273273,36.789956,-1.478127,36.952969,29.11,Uhuru Highway,2.1,4,23.8,75.3,93.4,21.2,False,3.7,0.918,19,42,1368,True,740,good,poor,True,3.5,0.6143
B01298,P0081,C0284,plumber,2024-11-15 17:32,Friday,weekday,17,evening_rush,Upper Hill,Hurlingham,-1.307096,36.828446,-1.293287,36.807185,2.82,Uhuru Highway,4.0,10,12.5,13.6,15.9,3.0,True,4.8,0.858,8,38,440,True,599,good,good,True,4.9,0.789
B01299,P0017,C0138,carpenter,2025-05-07 12:06,Wednesday,weekday,12,midday,Parklands,CBD,-1.265137,36.832357,-1.289664,36.807738,3.86,Forest Road,1.7,2,29.4,7.1,6.2,6.9,True,3.8,0.979,7,16,238,True,1016,good,moderate,True,3.0,0.951
B01300,P0166,C0214,electrician,2024-01-06 12:03,Saturday,weekend,12,midday,Upper Hill,Westlands,-1.284545,36.821501,-1.260173,36.818928,2.73,Uhuru Highway,1.31,1,38.2,3.8,3.4,4.5,True,3.9,0.944,14,36,1022,True,745,good,good,True,3.9,0.9897
B01301,P0122,C0060,plumber,2024-05-20 08:46,Monday,weekday,8,morning_rush,Roysambu,Hurlingham,-1.198937,36.868092,-1.295253,36.792516,13.61,Thika Road,4.0,10,12.5,62.1,65.7,13.4,True,4.1,0.848,1,24,34,True,504,moderate,good,True,3.9,0.6623
B01302,P0127,C0319,technician,2024-01-10 09:07,Wednesday,weekday,9,mid_morning,Lavington,Kitengela,-1.28395,36.781169,-1.47866,36.952591,28.84,Uhuru Highway,2.25,4,22.2,75.6,89.5,18.1,False,4.0,0.82,19,24,969,True,1214,good,poor,True,3.3,0.5942
B01303,P0166,C0178,electrician,2024-09-16 10:26,Monday,weekday,10,mid_morning,Upper Hill,Kitengela,-1.284545,36.821501,-1.470182,36.960162,25.76,Uhuru Highway,2.25,4,22.2,65.2,78.4,14.7,True,3.9,0.944,14,36,1022,True,745,good,poor,True,4.0,0.8295
B01304,P0115,C0358,technician,2025-03-27 16:35,Thursday,weekday,16,evening_rush,Ngong,Embakasi,-1.355618,36.6771,-1.327547,36.912204,26.32,Ngong Road,4.0,10,12.5,139.8,143.5,4.6,True,3.2,0.736,15,12,390,False,724,poor,moderate,False,,0.3847
B01305,P0112,C0011,carpenter,2024-03-12 16:36,Tuesday,weekday,16,evening_rush,Rongai,Athi River,-1.407345,36.750173,-1.461377,36.999531,28.36,Langata Road,3.58,9,14.0,113.9,103.4,2.2,True,4.9,0.809,17,40,1190,True,779,poor,poor,False,,0.5598
B01306,P0042,C0148,electrician,2025-02-24 15:31,Monday,weekday,15,early_afternoon,Runda,Gigiri,-1.206172,36.812074,-1.224726,36.798467,2.56,Kiambu Road,1.64,2,30.5,5.4,4.7,0.8,True,3.6,0.884,5,28,395,True,513,good,good,True,3.7,0.9491
B01307,P0186,C0099,cleaner,2024-04-26 13:44,Friday,weekday,13,midday,Parklands,Dagoretti,-1.259849,36.809984,-1.288135,36.752045,7.17,Forest Road,1.7,2,29.4,12.4,15.9,4.6,True,4.7,0.915,7,22,273,True,678,good,poor,False,,0.7332
B01308,P0121,C0177,plumber,2025-06-05 16:42,Thursday,weekday,16,evening_rush,Eastleigh,Kitengela,-1.269387,36.85348,-1.46358,36.972016,25.3,Jogoo Road,3.57,9,14.0,105.6,99.2,0.8,True,5.0,0.904,19,41,437,True,1381,poor,poor,True,4.4,0.8747
B01309,P0113,C0119,carpenter,2024-11-11 07:57,Monday,weekday,7,morning_rush,Eastleigh,Spring Valley,-1.285759,36.862408,-1.253993,36.753017,12.66,Jogoo Road,3.43,8,14.6,63.4,79.9,21.3,False,4.9,0.731,9,21,279,True,540,poor,good,True,4.6,0.4736
B01310,P0130,C0113,electrician,2024-05-19 11:57,Sunday,weekend,11,midday,Muthaiga,Hurlingham,-1.261506,36.849263,-1.296959,36.790338,7.65,Forest Road,1.04,0,48.1,8.5,10.3,2.7,True,4.8,0.972,2,26,126,True,1371,good,good,True,4.8,1.0
B01311,P0151,C0466,cleaner,2024-05-04 13:20,Saturday,weekend,13,midday,Dagoretti,Dagoretti,-1.302898,36.752931,-1.289227,36.74283,1.89,Uhuru Highway,1.31,1,38.2,2.8,3.1,1.9,True,4.8,0.747,8,12,480,False,887,poor,poor,True,4.8,0.9579
B01312,P0176,C0174,electrician,2024-01-26 09:28,Friday,weekday,9,mid_morning,Lavington,Westlands,-1.274096,36.757864,-1.265943,36.814024,6.31,Uhuru Highway,2.25,4,22.2,15.8,17.4,7.3,True,4.5,0.8,19,13,855,False,1087,good,good,True,4.3,0.8492
B01313,P0155,C0437,plumber,2024-05-19 08:13,Sunday,weekend,8,morning_rush,Parklands,Roysambu,-1.259306,36.829537,-1.199398,36.866782,7.84,Forest Road,2.21,4,22.6,19.8,22.3,11.9,True,4.6,0.866,17,44,476,False,863,good,moderate,True,4.4,0.852
B01314,P0184,C0337,plumber,2024-04-19 08:04,Friday,weekday,8,morning_rush,Rongai,Muthaiga,-1.407716,36.7524,-1.245789,36.829615,19.95,Langata Road,3.3,8,15.2,80.4,94.7,14.5,True,4.7,0.748,2,5,54,False,1313,poor,good,False,,0.4392
B01315,P0120,C0068,plumber,2025-01-20 13:12,Monday,weekday,13,midday,Industrial Area,Eastleigh,-1.305578,36.856668,-1.272101,36.85771,3.72,Mombasa Road,2.13,4,23.5,8.5,8.6,1.5,True,4.4,0.869,14,27,924,True,731,poor,poor,True,4.8,0.9366
B01316,P0076,C0371,plumber,2024-07-21 16:17,Sunday,weekend,16,evening_rush,Syokimau,Kasarani,-1.380514,36.905837,-1.212312,36.892676,18.76,Mombasa Road,3.0,7,16.7,72.9,82.1,9.9,True,4.4,0.791,8,23,400,False,839,moderate,moderate,True,4.1,0.758
B01317,P0183,C0200,carpenter,2024-12-24 15:26,Tuesday,weekday,15,early_afternoon,Langata,Industrial Area,-1.346859,36.745886,-1.318817,36.853396,12.35,Ngong Road,2.03,3,24.6,31.3,27.9,1.9,True,3.4,0.755,14,5,322,True,885,moderate,poor,True,3.4,0.8343
B01318,P0107,C0427,electrician,2025-04-02 14:33,Wednesday,weekday,14,early_afternoon,Rongai,Langata,-1.411221,36.737889,-1.347775,36.736389,7.06,Langata Road,1.89,3,26.5,14.4,15.2,1.7,True,3.8,0.756,11,30,715,True,708,poor,moderate,False,,0.6176
B01319,P0173,C0335,electrician,2024-09-30 14:27,Monday,weekday,14,early_afternoon,Eastleigh,CBD,-1.283129,36.849829,-1.275722,36.822565,3.14,Jogoo Road,1.94,3,25.8,7.1,7.3,5.8,True,4.4,0.726,7,35,427,True,946,poor,moderate,True,4.0,0.8445
B01320,P0189,C0185,carpenter,2024-05-18 09:02,Saturday,weekend,9,mid_morning,CBD,Karen,-1.281145,36.806807,-1.32622,36.721064,10.77,Uhuru Highway,1.43,1,35.0,16.4,22.1,6.5,True,4.4,0.928,5,7,390,True,733,moderate,good,True,4.5,0.9804
B01321,P0121,C0410,plumber,2024-08-15 14:06,Thursday,weekday,14,early_afternoon,Eastleigh,Parklands,-1.269387,36.85348,-1.266272,36.821401,3.58,Jogoo Road,1.94,3,25.8,6.2,6.5,2.3,True,5.0,0.904,19,41,437,True,1381,poor,good,True,4.9,0.9926
B01322,P0042,C0319,electrician,2024-05-14 12:58,Tuesday,weekday,12,midday,Runda,Kitengela,-1.206172,36.812074,-1.47866,36.952591,34.09,Kiambu Road,1.65,2,30.3,73.9,85.1,21.3,False,3.6,0.884,5,28,395,True,513,good,poor,True,2.7,0.6275
B01323,P0054,C0145,cleaner,2024-03-27 07:24,Wednesday,weekday,7,morning_rush,Ruiru,Runda,-1.144993,36.950231,-1.199488,36.8155,16.16,Thika Road,4.0,10,12.5,78.1,96.5,18.8,False,3.6,0.857,8,44,248,True,336,poor,good,True,3.2,0.4468
B01324,P0177,C0384,cleaner,2024-09-10 11:51,Tuesday,weekday,11,midday,South C,Upper Hill,-1.321132,36.802989,-1.302366,36.809782,2.22,Langata Road,1.75,2,28.6,5.6,7.5,4.0,True,3.3,0.785,5,21,270,True,495,moderate,good,True,3.4,0.8492
B01325,P0023,C0342,plumber,2024-12-07 15:56,Saturday,weekend,15,early_afternoon,Runda,Rongai,-1.20871,36.820684,-1.38765,36.746772,21.53,Kiambu Road,1.11,0,45.0,32.9,30.5,2.5,True,3.8,0.977,7,10,539,True,894,good,poor,True,3.8,1.0
B01326,P0124,C0067,technician,2025-05-07 17:09,Wednesday,weekday,17,evening_rush,CBD,Kasarani,-1.268836,36.820416,-1.217438,36.907365,11.23,Uhuru Highway,4.0,10,12.5,61.7,73.5,13.0,True,4.3,0.771,4,19,216,True,1178,moderate,moderate,False,,0.3872
B01327,P0045,C0103,carpenter,2024-06-18 15:48,Tuesday,weekday,15,early_afternoon,Dagoretti,Lavington,-1.293654,36.741826,-1.272169,36.774351,4.33,Uhuru Highway,2.1,4,23.8,9.8,11.1,6.2,True,4.7,0.781,19,17,1425,True,1141,poor,good,False,,0.6208
B01328,P0041,C0311,electrician,2024-03-26 18:35,Tuesday,weekday,18,evening_rush,Eastleigh,Embakasi,-1.262587,36.837939,-1.311799,36.902558,9.03,Jogoo Road,3.57,9,14.0,40.1,49.5,14.2,True,3.7,0.801,17,24,731,True,969,poor,moderate,True,3.2,0.6466
B01329,P0126,C0052,plumber,2025-01-24 13:46,Friday,weekday,13,midday,Syokimau,Roysambu,-1.384197,36.899152,-1.212312,36.864461,19.5,Mombasa Road,2.13,4,23.5,47.5,57.9,14.3,True,3.8,0.784,1,32,46,True,1101,moderate,moderate,True,4.1,0.7574
B01330,P0107,C0483,electrician,2024-05-27 12:13,Monday,weekday,12,midday,Rongai,Ruiru,-1.411221,36.737889,-1.152768,36.96224,38.05,Langata Road,1.75,2,28.6,88.6,75.7,4.5,True,3.8,0.756,11,30,715,True,708,poor,poor,True,3.2,0.8555
B01331,P0127,C0156,technician,2024-02-22 13:33,Thursday,weekday,13,midday,Lavington,Kileleshwa,-1.28395,36.781169,-1.272746,36.786855,1.4,Uhuru Highway,1.88,3,26.6,2.7,2.7,2.9,True,4.0,0.82,19,24,969,True,1214,good,good,True,4.1,0.9004
B01332,P0061,C0108,technician,2024-10-05 10:02,Saturday,weekend,10,mid_morning,Hurlingham,Karen,-1.313263,36.795445,-1.313554,36.707321,9.8,Ngong Road,1.4,1,35.7,15.8,14.5,1.3,True,3.8,0.867,9,11,288,False,1097,good,good,False,,0.7157
B01333,P0143,C0025,technician,2024-04-13 14:06,Saturday,weekend,14,early_afternoon,Spring Valley,Industrial Area,-1.257355,36.737855,-1.310076,36.858005,14.59,Waiyaki Way,1.28,1,39.1,23.9,22.7,2.8,True,3.7,0.841,2,18,154,True,1473,good,poor,True,4.0,0.9448
B01334,P0005,C0184,technician,2024-05-24 17:34,Friday,weekday,17,evening_rush,Kileleshwa,Kitengela,-1.285845,36.78543,-1.464548,36.970259,28.58,Uhuru Highway,4.0,10,12.5,146.0,175.3,30.2,False,3.9,0.885,4,43,156,True,616,good,poor,True,3.8,0.3808
B01335,P0067,C0183,carpenter,2024-06-24 15:11,Monday,weekday,15,early_afternoon,Runda,Kitengela,-1.203143,36.802115,-1.48146,36.969861,36.13,Kiambu Road,1.64,2,30.5,69.1,68.2,4.2,True,3.2,0.784,16,33,384,True,966,good,poor,False,,0.6008
B01336,P0174,C0082,cleaner,2024-08-12 14:58,Monday,weekday,14,early_afternoon,Rongai,Westlands,-1.385961,36.747354,-1.271263,36.804051,14.23,Langata Road,1.89,3,26.5,34.6,31.0,3.7,True,3.9,0.87,15,26,705,True,624,poor,good,False,,0.663
B01337,P0045,C0424,carpenter,2024-06-15 13:39,Saturday,weekend,13,midday,Dagoretti,Rongai,-1.293654,36.741826,-1.402637,36.755323,12.21,Uhuru Highway,1.31,1,38.2,20.8,18.1,0.7,True,4.7,0.781,19,17,1425,True,1141,poor,poor,False,,0.7299
B01338,P0129,C0017,technician,2025-06-12 12:37,Thursday,weekday,12,midday,Kasarani,Runda,-1.212676,36.887025,-1.221351,36.798198,9.92,Thika Road,2.09,4,23.9,23.6,21.8,1.9,True,3.2,0.813,10,25,770,False,973,moderate,good,True,3.5,0.8485
B01339,P0017,C0173,carpenter,2025-02-06 17:11,Thursday,weekday,17,evening_rush,Parklands,Rongai,-1.265137,36.832357,-1.402775,36.739584,18.46,Forest Road,3.67,9,13.6,82.4,103.3,23.2,False,3.8,0.979,7,16,238,True,1016,good,poor,True,3.7,0.5076
B01340,P0111,C0059,technician,2024-06-06 13:03,Thursday,weekday,13,midday,Ngong,Parklands,-1.371368,36.653568,-1.268938,36.814627,21.22,Ngong Road,1.87,3,26.7,54.4,65.2,16.1,False,3.7,0.776,3,23,129,True,1613,poor,good,True,3.0,0.6042
B01341,P0159,C0117,plumber,2024-10-16 09:25,Wednesday,weekday,9,mid_morning,Eastleigh,Karen,-1.276563,36.8629,-1.330083,36.721055,16.85,Jogoo Road,1.89,3,26.5,44.9,43.8,5.4,True,4.0,0.737,17,35,884,True,1202,poor,good,False,,0.5873
B01342,P0031,C0288,carpenter,2024-03-25 14:23,Monday,weekday,14,early_afternoon,Gigiri,Hurlingham,-1.208399,36.806357,-1.305317,36.796715,10.83,Forest Road,1.87,3,26.7,22.4,21.9,1.6,True,3.1,0.929,2,21,112,False,546,good,good,True,3.2,0.9216
B01343,P0058,C0250,electrician,2024-10-04 09:48,Friday,weekday,9,mid_morning,Muthaiga,Kileleshwa,-1.257845,36.837065,-1.272479,36.778531,6.71,Forest Road,1.91,3,26.2,13.8,11.9,3.0,True,4.5,0.922,15,44,1140,True,755,good,good,False,,0.7232
B01344,P0067,C0175,carpenter,2024-06-08 08:24,Saturday,weekend,8,morning_rush,Runda,Muthaiga,-1.203143,36.802115,-1.244738,36.826186,5.34,Kiambu Road,2.02,3,24.8,13.8,14.8,3.1,True,3.2,0.784,16,33,384,True,966,good,good,True,3.0,0.8296
B01345,P0091,C0394,cleaner,2025-04-15 10:37,Tuesday,weekday,10,mid_morning,Syokimau,Embakasi,-1.368545,36.906893,-1.320358,36.911613,5.38,Mombasa Road,2.25,4,22.2,15.4,20.7,8.1,True,4.8,0.949,9,33,459,False,743,moderate,moderate,True,4.3,0.932
B01346,P0012,C0395,electrician,2025-04-09 15:47,Wednesday,weekday,15,early_afternoon,Hurlingham,Hurlingham,-1.295566,36.800621,-1.303798,36.794935,1.11,Ngong Road,2.03,3,24.6,2.8,2.6,4.0,True,3.1,0.784,3,33,111,False,555,good,good,True,3.0,0.8163
B01347,P0143,C0137,technician,2025-04-21 16:57,Monday,weekday,16,evening_rush,Spring Valley,Hurlingham,-1.257355,36.737855,-1.301339,36.805859,9.0,Waiyaki Way,3.77,9,13.3,35.9,36.7,2.2,True,3.7,0.841,2,18,154,True,1473,good,good,False,,0.5006
B01348,P0039,C0437,electrician,2024-07-04 13:33,Thursday,weekday,13,midday,Spring Valley,Roysambu,-1.278278,36.738872,-1.199398,36.866782,16.71,Waiyaki Way,1.88,3,26.6,34.1,42.6,10.0,True,4.5,0.924,2,10,158,False,1205,good,moderate,True,4.5,0.9183
B01349,P0177,C0448,cleaner,2024-03-20 11:26,Wednesday,weekday,11,midday,South C,Runda,-1.321132,36.802989,-1.210032,36.796905,12.37,Langata Road,1.75,2,28.6,28.3,30.1,9.7,True,3.3,0.785,5,21,270,True,495,moderate,good,True,3.3,0.8017
B01350,P0132,C0310,electrician,2025-03-17 08:37,Monday,weekday,8,morning_rush,South B,Rongai,-1.312355,36.821388,-1.405758,36.759102,12.48,Uhuru Highway,3.58,9,14.0,52.5,59.0,7.0,True,5.0,0.865,17,36,1275,True,888,moderate,poor,True,4.8,0.8028
B01351,P0172,C0054,electrician,2024-06-25 12:45,Tuesday,weekday,12,midday,Westlands,South B,-1.259894,36.796652,-1.32957,36.82559,8.39,Waiyaki Way,1.88,3,26.6,20.7,17.8,1.1,True,5.0,0.841,14,27,1106,True,839,good,moderate,True,5.0,0.9759
B01352,P0181,C0026,carpenter,2024-01-29 15:37,Monday,weekday,15,early_afternoon,Eastleigh,Spring Valley,-1.285983,36.842261,-1.268197,36.757902,9.58,Jogoo Road,1.94,3,25.8,22.1,25.4,4.7,True,4.1,0.796,2,32,106,True,664,poor,good,True,4.2,0.8736
B01353,P0113,C0410,carpenter,2024-11-11 15:01,Monday,weekday,15,early_afternoon,Eastleigh,Parklands,-1.285759,36.862408,-1.266272,36.821401,5.05,Jogoo Road,1.94,3,25.8,11.1,10.3,7.0,True,4.9,0.731,9,21,279,True,540,poor,good,False,,0.612
B01354,P0118,C0493,cleaner,2024-05-25 09:15,Saturday,weekend,9,mid_morning,Syokimau,Parklands,-1.375522,36.898831,-1.254256,36.812647,16.54,Mombasa Road,1.59,2,31.4,35.7,40.3,8.7,True,4.0,0.883,12,22,552,True,781,moderate,good,True,3.8,0.9068
B01355,P0194,C0057,plumber,2024-12-07 08:35,Saturday,weekend,8,morning_rush,Ruiru,Athi River,-1.158479,36.954798,-1.45826,36.994492,33.62,Thika Road,2.55,5,19.6,104.7,100.3,5.0,True,4.8,0.813,19,40,779,True,627,poor,poor,True,4.2,0.8658
B01356,P0028,C0401,technician,2024-03-20 10:33,Wednesday,weekday,10,mid_morning,Hurlingham,Westlands,-1.287818,36.781917,-1.252568,36.809874,5.0,Ngong Road,2.08,4,24.0,12.1,10.5,0.6,True,3.2,0.791,6,37,354,False,1755,good,good,False,,0.5991
B01357,P0157,C0313,cleaner,2025-01-22 11:52,Wednesday,weekday,11,midday,Roysambu,Ngong,-1.213324,36.857954,-1.35424,36.652858,27.67,Thika Road,2.09,4,23.9,60.1,59.9,3.6,True,3.7,0.948,6,10,216,True,857,moderate,poor,True,3.5,0.9268
B01358,P0027,C0422,technician,2025-05-29 08:37,Thursday,weekday,8,morning_rush,Muthaiga,Gigiri,-1.257454,36.847519,-1.225999,36.804032,5.97,Forest Road,3.15,7,15.9,23.8,30.2,9.3,True,4.8,0.786,13,40,780,True,771,good,good,False,,0.5185
B01359,P0144,C0022,technician,2024-12-13 15:30,Friday,weekday,15,early_afternoon,Upper Hill,Kitengela,-1.311202,36.814634,-1.462421,36.971485,24.22,Uhuru Highway,2.1,4,23.8,68.9,76.4,7.7,True,4.2,0.845,7,15,301,False,1260,good,poor,False,,0.6153
B01360,P0130,C0054,electrician,2024-03-13 10:37,Wednesday,weekday,10,mid_morning,Muthaiga,South B,-1.261506,36.849263,-1.32957,36.82559,8.01,Forest Road,1.91,3,26.2,19.3,19.2,9.2,True,4.8,0.972,2,26,126,True,1371,good,moderate,True,5.0,0.9615
B01361,P0043,C0323,electrician,2024-03-09 11:30,Saturday,weekend,11,midday,Eastleigh,Athi River,-1.275323,36.859659,-1.452273,36.98172,23.9,Jogoo Road,1.13,0,44.2,28.0,26.3,2.5,True,4.8,0.787,8,34,480,True,1039,poor,poor,True,4.5,0.9873
B01362,P0031,C0446,carpenter,2025-05-17 07:43,Saturday,weekend,7,morning_rush,Gigiri,Muthaiga,-1.208399,36.806357,-1.248018,36.829241,5.09,Forest Road,2.21,4,22.6,14.8,19.8,6.1,True,3.1,0.929,2,21,112,False,546,good,good,True,3.0,0.8569
B01363,P0053,C0467,electrician,2024-11-29 14:14,Friday,weekday,14,early_afternoon,Syokimau,Langata,-1.355438,36.894191,-1.333998,36.746141,16.63,Mombasa Road,2.13,4,23.5,39.1,48.6,14.7,True,4.6,0.768,3,32,108,True,841,moderate,moderate,True,4.6,0.7861
B01364,P0093,C0081,plumber,2024-01-21 10:11,Sunday,weekend,10,mid_morning,Roysambu,Karen,-1.2179,36.876935,-1.30782,36.70059,22.01,Thika Road,1.44,1,34.7,31.5,40.6,10.1,True,4.5,0.819,3,37,177,True,646,moderate,good,True,4.6,0.9001
B01365,P0187,C0150,technician,2024-03-27 09:31,Wednesday,weekday,9,mid_morning,Westlands,Ruiru,-1.2733,36.817332,-1.151459,36.962367,21.06,Waiyaki Way,2.13,4,23.5,46.1,39.7,4.6,True,4.3,0.789,17,39,816,True,794,good,poor,True,4.2,0.8658
B01366,P0182,C0227,electrician,2025-05-01 16:12,Thursday,weekday,16,evening_rush,Athi River,Runda,-1.450424,36.986851,-1.210371,36.79639,34.07,Mombasa Road,4.0,10,12.5,159.7,160.8,1.2,True,4.0,0.826,17,35,442,True,676,poor,good,True,4.2,0.748
B01367,P0196,C0260,technician,2024-04-07 16:35,Sunday,weekend,16,evening_rush,Kasarani,Lavington,-1.219995,36.884155,-1.291559,36.77832,14.2,Thika Road,2.64,5,18.9,56.5,57.1,0.9,True,3.4,0.833,3,23,120,False,1053,moderate,good,True,3.7,0.8328
B01368,P0128,C0376,electrician,2025-05-11 15:28,Sunday,weekend,15,early_afternoon,Ruiru,Rongai,-1.143862,36.976006,-1.401487,36.74892,38.18,Thika Road,1.34,1,37.3,60.2,54.7,4.5,True,3.9,0.843,19,39,1501,True,859,poor,poor,True,3.8,0.9368
B01369,P0026,C0079,plumber,2025-03-22 13:08,Saturday,weekend,13,midday,Kasarani,Ngong,-1.234607,36.913473,-1.357933,36.657991,31.54,Thika Road,1.35,1,37.0,69.0,67.0,5.3,True,4.6,0.959,10,6,750,True,1116,moderate,poor,True,4.9,1.0
B01370,P0166,C0187,electrician,2025-03-02 08:06,Sunday,weekend,8,morning_rush,Upper Hill,Kitengela,-1.284545,36.821501,-1.479275,36.954992,26.25,Uhuru Highway,2.53,5,19.8,82.3,98.9,19.0,False,3.9,0.944,14,36,1022,True,745,good,poor,False,,0.3713
B01371,P0086,C0420,electrician,2025-04-25 12:12,Friday,weekday,12,midday,Rongai,Spring Valley,-1.399737,36.737186,-1.263445,36.740953,15.16,Langata Road,1.75,2,28.6,28.8,37.8,9.4,True,4.3,0.749,12,26,612,True,1339,poor,good,True,4.3,0.8362
B01372,P0036,C0063,electrician,2024-06-03 16:52,Monday,weekday,16,evening_rush,Syokimau,Githurai,-1.369792,36.909296,-1.177365,36.907348,21.4,Mombasa Road,4.0,10,12.5,105.1,118.6,18.7,False,5.0,0.905,9,25,693,False,1058,moderate,poor,False,,0.2917
B01373,P0052,C0225,cleaner,2024-06-02 09:42,Sunday,weekend,9,mid_morning,Kitengela,Westlands,-1.47149,36.958108,-1.271401,36.813955,27.42,Mombasa Road,1.59,2,31.4,63.1,73.6,10.5,True,5.0,0.889,8,14,280,False,767,poor,good,False,,0.6948
B01374,P0107,C0394,electrician,2025-05-27 13:30,Tuesday,weekday,13,midday,Rongai,Embakasi,-1.411221,36.737889,-1.320358,36.911613,21.8,Langata Road,1.75,2,28.6,49.1,53.3,9.1,True,3.8,0.756,11,30,715,True,708,poor,moderate,True,4.0,0.8172
B01375,P0197,C0004,plumber,2024-10-24 10:20,Thursday,weekday,10,mid_morning,Githurai,Syokimau,-1.184159,36.908215,-1.375166,36.889046,21.35,Thika Road,2.31,4,21.6,57.6,59.0,5.9,True,3.9,0.731,13,8,650,True,1250,poor,moderate,True,3.5,0.7915
B01376,P0063,C0428,cleaner,2024-06-23 16:15,Sunday,weekend,16,evening_rush,Roysambu,Kilimani,-1.223879,36.861046,-1.303171,36.775995,12.93,Thika Road,2.64,5,18.9,37.8,37.2,2.0,True,4.0,0.76,7,24,231,True,726,moderate,good,False,,0.5671
B01377,P0122,C0175,plumber,2024-10-04 16:56,Friday,weekday,16,evening_rush,Roysambu,Muthaiga,-1.198937,36.868092,-1.244738,36.826186,6.9,Thika Road,4.0,10,12.5,32.9,31.9,3.6,True,4.1,0.848,1,24,34,True,504,moderate,good,True,4.3,0.744
B01378,P0074,C0259,cleaner,2024-07-28 10:22,Sunday,weekend,10,mid_morning,Hurlingham,Kileleshwa,-1.307168,36.802508,-1.281774,36.782208,3.61,Ngong Road,1.4,1,35.7,5.4,6.8,2.4,True,5.0,0.97,14,9,644,True,816,good,good,True,5.0,1.0
B01379,P0044,C0044,plumber,2024-08-07 15:52,Wednesday,weekday,15,early_afternoon,Eastleigh,Eastleigh,-1.286651,36.848557,-1.280595,36.85551,1.03,Jogoo Road,1.94,3,25.8,2.3,2.2,0.7,True,4.5,0.889,17,28,646,True,806,poor,poor,True,4.4,0.9735
B01380,P0069,C0191,plumber,2024-09-20 11:05,Friday,weekday,11,midday,Embakasi,Parklands,-1.326504,36.886816,-1.261001,36.82814,9.78,Mombasa Road,2.13,4,23.5,32.8,28.4,0.0,True,4.5,0.938,11,8,869,True,873,moderate,good,True,4.3,0.9886
B01381,P0184,C0387,plumber,2025-03-23 09:07,Sunday,weekend,9,mid_morning,Rongai,Lavington,-1.407716,36.7524,-1.277546,36.771504,14.63,Langata Road,1.32,1,37.9,20.0,20.9,8.1,True,4.7,0.748,2,5,54,False,1313,poor,good,True,4.9,0.9009
B01382,P0107,C0185,electrician,2024-02-12 14:43,Monday,weekday,14,early_afternoon,Rongai,Karen,-1.411221,36.737889,-1.32622,36.721064,9.63,Langata Road,1.89,3,26.5,17.7,18.8,2.0,True,3.8,0.756,11,30,715,True,708,poor,good,False,,0.6151
B01383,P0162,C0341,plumber,2024-04-27 16:24,Saturday,weekend,16,evening_rush,Upper Hill,Eastleigh,-1.283701,36.803014,-1.265804,36.861585,6.81,Uhuru Highway,2.59,5,19.3,20.9,21.5,4.4,True,4.7,0.987,9,20,693,True,819,good,poor,True,4.8,0.9496
B01384,P0063,C0078,cleaner,2024-07-23 15:54,Tuesday,weekday,15,early_afternoon,Roysambu,Parklands,-1.223879,36.861046,-1.260044,36.821219,5.98,Thika Road,2.18,4,22.9,12.1,12.9,1.5,True,4.0,0.76,7,24,231,True,726,moderate,good,True,4.0,0.8581
B01385,P0193,C0386,cleaner,2025-02-28 11:48,Friday,weekday,11,midday,Industrial Area,Upper Hill,-1.298218,36.849992,-1.290912,36.819452,3.49,Mombasa Road,2.13,4,23.5,10.7,14.3,5.1,True,4.1,0.77,6,25,144,True,807,poor,good,False,,0.5921
B01386,P0136,C0216,carpenter,2024-09-01 09:51,Sunday,weekend,9,mid_morning,Ngong,South C,-1.343029,36.658549,-1.325066,36.795276,15.33,Ngong Road,1.4,1,35.7,23.6,24.6,3.2,True,4.4,0.783,16,42,912,False,725,poor,moderate,True,4.1,0.9378
B01387,P0059,C0071,cleaner,2025-01-07 14:35,Tuesday,weekday,14,early_afternoon,Ruiru,Syokimau,-1.15681,36.947432,-1.372315,36.892815,24.72,Thika Road,2.18,4,22.9,72.4,64.0,0.9,True,4.4,0.818,7,42,182,True,321,poor,moderate,True,5.0,0.9121
B01388,P0110,C0212,electrician,2024-03-01 11:23,Friday,weekday,11,midday,Kasarani,Hurlingham,-1.213002,36.900337,-1.290805,36.800229,14.1,Thika Road,2.09,4,23.9,43.3,39.4,0.9,True,3.4,0.852,14,29,1050,True,1119,moderate,good,False,,0.6363
B01389,P0105,C0460,cleaner,2024-01-04 15:49,Thursday,weekday,15,early_afternoon,Upper Hill,Kasarani,-1.30826,36.804606,-1.226926,36.906219,14.47,Uhuru Highway,2.1,4,23.8,30.0,26.9,4.6,True,3.2,0.943,10,8,230,True,691,good,moderate,True,2.6,0.8902
B01390,P0118,C0488,cleaner,2025-05-17 08:51,Saturday,weekend,8,morning_rush,Syokimau,Embakasi,-1.375522,36.898831,-1.320337,36.892245,6.18,Mombasa Road,2.67,6,18.7,23.9,29.7,14.2,True,4.0,0.883,12,22,552,True,781,moderate,moderate,True,4.6,0.7746
B01391,P0133,C0407,plumber,2025-01-24 08:03,Friday,weekday,8,morning_rush,Industrial Area,Karen,-1.310118,36.864521,-1.329536,36.709101,17.41,Mombasa Road,4.0,10,12.5,74.5,68.7,2.2,True,3.7,0.792,9,9,423,False,1151,poor,good,False,,0.4577
B01392,P0175,C0186,plumber,2024-03-21 10:47,Thursday,weekday,10,mid_morning,Githurai,Runda,-1.187395,36.89935,-1.21216,36.809049,10.41,Thika Road,2.31,4,21.6,31.3,32.9,3.8,True,5.0,0.725,19,21,969,True,1101,poor,good,False,,0.611
B01393,P0008,C0227,electrician,2024-01-14 17:15,Sunday,weekend,17,evening_rush,Kasarani,Runda,-1.209809,36.907631,-1.210371,36.79639,12.37,Thika Road,2.64,5,18.9,33.8,34.7,0.9,True,4.4,0.779,12,34,636,True,919,moderate,good,True,4.1,0.8558
B01394,P0038,C0395,cleaner,2024-11-15 07:10,Friday,weekday,7,morning_rush,Kitengela,Hurlingham,-1.478252,36.974953,-1.303798,36.794935,27.87,Mombasa Road,4.0,10,12.5,125.4,115.7,0.4,True,3.1,0.788,15,39,930,False,443,poor,good,False,,0.4407
B01395,P0003,C0368,cleaner,2024-12-03 07:41,Tuesday,weekday,7,morning_rush,Kilimani,Upper Hill,-1.304266,36.787504,-1.294172,36.820258,3.81,Uhuru Highway,3.58,9,14.0,18.7,23.1,8.9,True,5.0,0.846,15,25,390,True,501,good,good,True,4.8,0.7774
B01396,P0133,C0484,plumber,2025-04-13 12:56,Sunday,weekend,12,midday,Industrial Area,Hurlingham,-1.310118,36.864521,-1.297799,36.804038,6.86,Mombasa Road,1.39,1,36.0,11.4,12.5,1.8,True,3.7,0.792,9,9,423,False,1151,poor,good,True,3.7,0.9198
B01397,P0018,C0044,plumber,2024-06-01 16:17,Saturday,weekend,16,evening_rush,Hurlingham,Eastleigh,-1.292456,36.806022,-1.280595,36.85551,5.66,Ngong Road,2.6,5,19.2,14.3,17.0,5.5,True,4.8,0.913,10,7,590,False,659,good,poor,True,4.9,0.9077
B01398,P0087,C0162,electrician,2025-03-23 13:08,Sunday,weekend,13,midday,Kitengela,Kikuyu,-1.465391,36.952559,-1.2376,36.657045,41.48,Mombasa Road,1.39,1,36.0,62.7,77.7,16.0,False,4.0,0.782,16,7,1200,True,1294,poor,poor,False,,0.4115
B01399,P0103,C0396,cleaner,2024-02-01 09:53,Thursday,weekday,9,mid_morning,Lavington,Langata,-1.2836,36.766546,-1.337904,36.738034,6.82,Uhuru Highway,2.25,4,22.2,15.2,15.7,8.5,True,3.3,0.854,4,17,180,True,799,good,moderate,True,3.8,0.8062
B01400,P0043,C0223,electrician,2024-08-10 16:39,Saturday,weekend,16,evening_rush,Eastleigh,Syokimau,-1.275323,36.859659,-1.378043,36.901011,12.31,Jogoo Road,2.38,5,21.0,31.7,28.5,0.1,True,4.8,0.787,8,34,480,True,1039,poor,moderate,False,,0.6573
B01401,P0016,C0202,cleaner,2024-03-09 08:29,Saturday,weekend,8,morning_rush,South B,Ngong,-1.322475,36.817892,-1.357075,36.664168,17.52,Uhuru Highway,2.53,5,19.8,51.2,67.7,20.5,False,4.8,0.779,15,22,645,True,550,moderate,poor,True,4.8,0.5713
B01402,P0195,C0019,plumber,2025-03-27 13:10,Thursday,weekday,13,midday,Kilimani,Muthaiga,-1.295888,36.78464,-1.255769,36.832287,6.93,Uhuru Highway,1.88,3,26.6,14.4,19.0,5.5,True,4.3,0.89,9,15,252,False,883,good,good,True,4.3,0.9288
B01403,P0170,C0473,carpenter,2024-07-27 13:44,Saturday,weekend,13,midday,South B,Kitengela,-1.325679,36.811506,-1.468293,36.954207,22.43,Uhuru Highway,1.31,1,38.2,36.4,45.5,11.8,True,4.1,0.823,13,22,572,True,736,moderate,poor,True,4.8,0.8784
B01404,P0165,C0078,cleaner,2024-03-08 17:02,Friday,weekday,17,evening_rush,Ngong,Parklands,-1.345402,36.669582,-1.260044,36.821219,19.35,Ngong Road,4.0,10,12.5,100.2,100.1,2.6,True,5.0,0.908,7,20,490,False,515,poor,good,True,5.0,0.8273
B01405,P0148,C0030,technician,2024-02-29 09:40,Thursday,weekday,9,mid_morning,Kileleshwa,Kitengela,-1.273235,36.790198,-1.483851,36.955822,29.79,Uhuru Highway,2.25,4,22.2,75.0,64.7,4.3,True,3.3,0.88,7,23,329,True,1141,good,poor,True,3.4,0.8542
B01406,P0162,C0366,plumber,2025-02-09 10:10,Sunday,weekend,10,mid_morning,Upper Hill,South B,-1.283701,36.803014,-1.313924,36.812209,3.51,Uhuru Highway,1.43,1,35.0,5.9,6.2,4.4,True,4.7,0.987,9,20,693,True,819,good,moderate,True,5.0,1.0
B01407,P0170,C0449,carpenter,2025-02-02 11:26,Sunday,weekend,11,midday,South B,Hurlingham,-1.325679,36.811506,-1.30473,36.798081,2.77,Uhuru Highway,1.31,1,38.2,4.4,3.8,0.2,True,4.1,0.823,13,22,572,True,736,moderate,good,False,,0.725
B01408,P0134,C0499,plumber,2024-08-26 16:07,Monday,weekday,16,evening_rush,Syokimau,Kasarani,-1.356084,36.892391,-1.215307,36.907158,15.74,Mombasa Road,4.0,10,12.5,69.7,81.2,14.0,True,3.5,0.955,12,13,852,True,696,moderate,moderate,True,2.6,0.6808
B01409,P0076,C0215,plumber,2024-03-23 09:46,Saturday,weekend,9,mid_morning,Syokimau,Lavington,-1.380514,36.905837,-1.287108,36.763248,18.95,Mombasa Road,1.59,2,31.4,33.3,42.5,11.6,True,4.4,0.791,8,23,400,False,839,moderate,good,False,,0.6066
B01410,P0103,C0454,cleaner,2025-06-19 08:03,Thursday,weekday,8,morning_rush,Lavington,Parklands,-1.2836,36.766546,-1.264699,36.823282,6.65,Uhuru Highway,3.58,9,14.0,35.1,33.9,7.7,True,3.3,0.854,4,17,180,True,799,good,good,True,2.9,0.7064
B01411,P0175,C0359,plumber,2024-09-27 09:40,Friday,weekday,9,mid_morning,Githurai,Hurlingham,-1.187395,36.89935,-1.290452,36.798548,16.03,Thika Road,2.31,4,21.6,53.1,52.3,1.2,True,5.0,0.725,19,21,969,True,1101,poor,good,False,,0.6327
B01412,P0142,C0448,plumber,2024-04-09 08:43,Tuesday,weekday,8,morning_rush,Kasarani,Runda,-1.229622,36.886822,-1.210032,36.796905,10.23,Thika Road,4.0,10,12.5,51.8,69.4,18.9,False,3.3,0.792,9,10,360,True,1064,moderate,good,True,3.7,0.3985
B01413,P0078,C0370,plumber,2025-02-10 16:26,Monday,weekday,16,evening_rush,Spring Valley,Industrial Area,-1.275279,36.740173,-1.311748,36.839705,11.78,Waiyaki Way,3.77,9,13.3,51.6,65.2,13.6,True,4.2,0.881,10,6,270,True,1363,good,poor,True,4.2,0.7006
B01414,P0191,C0161,plumber,2024-01-06 11:19,Saturday,weekend,11,midday,Athi River,Karen,-1.458754,37.004152,-1.318661,36.710683,36.15,Mombasa Road,1.39,1,36.0,58.9,76.4,18.6,False,3.9,0.908,19,25,570,True,588,poor,good,True,4.0,0.6978
B01415,P0089,C0005,electrician,2024-08-14 11:44,Wednesday,weekday,11,midday,Hurlingham,Karen,-1.295309,36.794384,-1.326896,36.715021,9.5,Ngong Road,1.87,3,26.7,21.7,27.4,5.9,True,4.4,0.847,15,21,855,False,1226,good,good,True,4.0,0.9097
B01416,P0072,C0461,plumber,2024-09-23 14:35,Monday,weekday,14,early_afternoon,Langata,Kilimani,-1.355719,36.761446,-1.290678,36.768124,7.27,Ngong Road,2.03,3,24.6,19.2,22.7,6.0,True,4.7,0.77,1,21,45,True,1300,moderate,good,False,,0.6226
B01417,P0136,C0313,carpenter,2024-10-06 13:03,Sunday,weekend,13,midday,Ngong,Ngong,-1.343029,36.658549,-1.35424,36.652858,1.4,Ngong Road,1.27,1,39.4,2.1,2.3,0.6,True,4.4,0.783,16,42,912,False,725,poor,poor,True,4.0,0.9699
B01418,P0038,C0359,cleaner,2024-07-10 13:43,Wednesday,weekday,13,midday,Kitengela,Hurlingham,-1.478252,36.974953,-1.290452,36.798548,28.65,Mombasa Road,2.13,4,23.5,69.1,84.7,19.4,False,3.1,0.788,15,39,930,False,443,poor,good,False,,0.2819
B01419,P0104,C0229,cleaner,2024-12-29 14:16,Sunday,weekend,14,early_afternoon,South C,Roysambu,-1.317485,36.782226,-1.20113,36.87904,16.83,Langata Road,1.23,1,40.7,23.0,21.0,2.4,True,4.8,0.78,15,40,495,True,849,moderate,moderate,True,4.7,0.9766
B01420,P0165,C0106,cleaner,2024-05-07 10:38,Tuesday,weekday,10,mid_morning,Ngong,Syokimau,-1.345402,36.669582,-1.364106,36.911992,27.03,Ngong Road,2.08,4,24.0,74.6,71.9,4.8,True,5.0,0.908,7,20,490,False,515,poor,moderate,False,,0.7126
B01421,P0140,C0320,technician,2025-05-12 15:33,Monday,weekday,15,early_afternoon,Dagoretti,Upper Hill,-1.281413,36.751532,-1.289668,36.817658,7.41,Uhuru Highway,2.1,4,23.8,17.2,16.7,2.5,True,4.4,0.846,18,37,1224,True,1113,poor,good,False,,0.6692
B01422,P0159,C0334,plumber,2024-01-08 12:26,Monday,weekday,12,midday,Eastleigh,Ruiru,-1.276563,36.8629,-1.146137,36.94959,17.41,Jogoo Road,1.71,2,29.2,33.8,43.9,12.5,True,4.0,0.737,17,35,884,True,1202,poor,poor,False,,0.5425
B01423,P0114,C0358,cleaner,2025-01-11 09:31,Saturday,weekend,9,mid_morning,Githurai,Embakasi,-1.17431,36.888295,-1.327547,36.912204,17.25,Thika Road,1.44,1,34.7,33.9,37.4,6.6,True,3.8,0.766,7,19,357,True,551,poor,moderate,True,3.5,0.8678
B01424,P0089,C0455,electrician,2024-07-02 15:41,Tuesday,weekday,15,early_afternoon,Hurlingham,Ngong,-1.295309,36.794384,-1.36245,36.652023,17.5,Ngong Road,2.03,3,24.6,34.7,45.0,11.8,True,4.4,0.847,15,21,855,False,1226,good,poor,True,4.6,0.8478
B01425,P0167,C0208,electrician,2024-06-11 13:48,Tuesday,weekday,13,midday,Muthaiga,Githurai,-1.239047,36.830687,-1.190049,36.909318,10.3,Forest Road,1.7,2,29.4,20.8,20.9,0.1,True,4.9,0.874,13,24,338,True,561,good,poor,True,4.3,1.0
B01426,P0199,C0102,electrician,2025-06-11 18:39,Wednesday,weekday,18,evening_rush,Muthaiga,Eastleigh,-1.249154,36.824128,-1.28078,36.848361,4.43,Forest Road,3.67,9,13.6,18.7,24.9,7.7,True,2.9,0.957,2,25,158,False,823,good,poor,True,2.8,0.7307
B01427,P0078,C0044,plumber,2024-12-18 13:19,Wednesday,weekday,13,midday,Spring Valley,Eastleigh,-1.275279,36.740173,-1.280595,36.85551,12.84,Waiyaki Way,1.88,3,26.6,34.3,29.4,0.8,True,4.2,0.881,10,6,270,True,1363,good,poor,True,4.1,0.9584
B01428,P0010,C0276,electrician,2024-12-19 12:26,Thursday,weekday,12,midday,Kasarani,Kileleshwa,-1.2307,36.90588,-1.284677,36.791488,14.06,Thika Road,2.09,4,23.9,33.2,43.1,19.5,False,4.1,0.887,15,43,840,True,1367,moderate,good,True,4.4,0.6338
B01429,P0086,C0200,electrician,2024-12-21 09:00,Saturday,weekend,9,mid_morning,Rongai,Industrial Area,-1.399737,36.737186,-1.318817,36.853396,15.74,Langata Road,1.32,1,37.9,23.1,21.4,0.6,True,4.3,0.749,12,26,612,True,1339,poor,poor,True,4.6,0.9439
B01430,P0186,C0369,cleaner,2025-05-24 07:35,Saturday,weekend,7,morning_rush,Parklands,Rongai,-1.259849,36.809984,-1.394528,36.736564,17.06,Forest Road,2.21,4,22.6,42.2,42.1,1.1,True,4.7,0.915,7,22,273,True,678,good,poor,True,4.8,0.9715
B01431,P0190,C0451,technician,2025-02-24 07:04,Monday,weekday,7,morning_rush,Ngong,Syokimau,-1.349406,36.65827,-1.374186,36.904116,27.47,Ngong Road,3.71,9,13.5,125.2,155.2,34.3,False,3.8,0.809,15,38,465,True,974,poor,moderate,True,2.8,0.3269
B01432,P0033,C0267,carpenter,2024-04-16 17:24,Tuesday,weekday,17,evening_rush,Muthaiga,Rongai,-1.254259,36.833037,-1.388463,36.736469,18.38,Forest Road,3.67,9,13.6,73.8,81.6,9.1,True,4.2,0.88,4,10,112,True,622,good,poor,True,4.4,0.7456
B01433,P0139,C0146,technician,2024-05-17 10:08,Friday,weekday,10,mid_morning,Parklands,Gigiri,-1.251758,36.82097,-1.23352,36.818168,2.05,Forest Road,1.91,3,26.2,4.6,4.2,5.3,True,4.2,0.905,10,14,480,True,1333,good,good,True,3.8,0.9305
B01434,P0055,C0048,carpenter,2024-09-19 08:17,Thursday,weekday,8,morning_rush,CBD,Kikuyu,-1.285689,36.830976,-1.236406,36.661128,19.66,Uhuru Highway,3.58,9,14.0,70.6,62.1,2.1,True,3.3,0.754,2,17,82,True,674,moderate,poor,True,3.7,0.7031
B01435,P0131,C0283,electrician,2024-02-22 15:13,Thursday,weekday,15,early_afternoon,CBD,Upper Hill,-1.273399,36.831477,-1.304441,36.823705,3.56,Uhuru Highway,2.1,4,23.8,7.1,8.7,4.0,True,3.6,0.953,6,12,228,False,594,moderate,good,True,4.3,0.9202
B01436,P0080,C0267,cleaner,2024-11-27 16:10,Wednesday,weekday,16,evening_rush,Embakasi,Rongai,-1.329891,36.910858,-1.388463,36.736469,20.45,Mombasa Road,4.0,10,12.5,90.2,80.5,2.0,True,3.8,0.88,6,38,408,True,612,moderate,poor,False,,0.5083
B01437,P0088,C0388,cleaner,2024-10-27 09:50,Sunday,weekend,9,mid_morning,Athi River,South B,-1.466229,36.98317,-1.327809,36.822339,23.59,Mombasa Road,1.59,2,31.4,49.2,65.7,17.8,False,4.4,0.919,18,5,1170,True,826,poor,moderate,True,4.1,0.719
B01438,P0163,C0082,technician,2024-01-13 10:00,Saturday,weekend,10,mid_morning,Karen,Westlands,-1.311594,36.705806,-1.271263,36.804051,11.81,Ngong Road,1.4,1,35.7,20.4,17.6,4.0,True,5.0,0.86,8,36,400,True,1660,good,good,False,,0.7497
B01439,P0006,C0015,technician,2024-12-29 14:21,Sunday,weekend,14,early_afternoon,Parklands,Syokimau,-1.25903,36.810832,-1.369602,36.89257,15.29,Forest Road,1.16,1,43.1,20.8,19.8,1.4,True,4.4,0.902,19,21,513,True,630,good,moderate,True,5.0,1.0
B01440,P0139,C0304,technician,2025-05-20 10:20,Tuesday,weekday,10,mid_morning,Parklands,Githurai,-1.251758,36.82097,-1.178198,36.903027,12.25,Forest Road,1.91,3,26.2,31.2,26.9,2.0,True,4.2,0.905,10,14,480,True,1333,good,poor,True,4.7,0.958
B01441,P0067,C0124,carpenter,2024-08-31 16:57,Saturday,weekend,16,evening_rush,Runda,Westlands,-1.203143,36.802115,-1.257453,36.819544,6.34,Kiambu Road,2.25,4,22.2,15.0,18.7,6.6,True,3.2,0.784,16,33,384,True,966,good,good,True,4.1,0.782
B01442,P0199,C0156,electrician,2024-09-24 08:37,Tuesday,weekday,8,morning_rush,Muthaiga,Kileleshwa,-1.249154,36.824128,-1.272746,36.786855,4.9,Forest Road,3.15,7,15.9,17.9,18.7,6.9,True,2.9,0.957,2,25,158,False,823,good,good,True,2.2,0.779
B01443,P0186,C0217,cleaner,2025-05-09 14:27,Friday,weekday,14,early_afternoon,Parklands,Ngong,-1.259849,36.809984,-1.368109,36.663556,20.25,Forest Road,1.87,3,26.7,36.7,34.4,4.9,True,4.7,0.915,7,22,273,True,678,good,poor,True,5.0,0.9671
B01444,P0130,C0057,electrician,2024-02-10 16:18,Saturday,weekend,16,evening_rush,Muthaiga,Athi River,-1.261506,36.849263,-1.45826,36.994492,27.19,Forest Road,2.22,4,22.5,77.1,76.1,1.0,True,4.8,0.972,2,26,126,True,1371,good,poor,True,4.8,1.0
B01445,P0188,C0031,electrician,2024-05-06 11:53,Monday,weekday,11,midday,CBD,Karen,-1.269194,36.829377,-1.330681,36.709457,14.98,Uhuru Highway,1.88,3,26.6,32.9,34.3,2.4,True,4.1,0.944,18,5,918,True,1018,moderate,good,True,4.2,0.9716
B01446,P0096,C0133,technician,2024-05-11 12:07,Saturday,weekend,12,midday,Dagoretti,Ngong,-1.288134,36.742623,-1.348541,36.664443,10.98,Uhuru Highway,1.31,1,38.2,18.7,20.4,2.3,True,4.6,0.889,17,42,510,True,1253,poor,poor,True,4.0,1.0
B01447,P0161,C0260,cleaner,2024-07-04 12:53,Thursday,weekday,12,midday,Dagoretti,Lavington,-1.301444,36.756457,-1.291559,36.77832,2.67,Uhuru Highway,1.88,3,26.6,6.8,8.5,3.7,True,4.0,0.762,12,41,924,True,473,poor,good,False,,0.6148
B01448,P0091,C0064,cleaner,2024-07-07 10:17,Sunday,weekend,10,mid_morning,Syokimau,Upper Hill,-1.368545,36.906893,-1.300002,36.81996,12.31,Mombasa Road,1.59,2,31.4,15.9,19.7,3.9,True,4.8,0.949,9,33,459,False,743,moderate,good,True,4.9,1.0
B01449,P0013,C0388,electrician,2024-06-25 10:02,Tuesday,weekday,10,mid_morning,Kitengela,South B,-1.481718,36.963337,-1.327809,36.822339,23.21,Mombasa Road,2.25,4,22.2,62.5,80.8,18.6,False,3.9,0.889,8,40,512,True,1036,poor,moderate,True,3.7,0.6195
B01450,P0167,C0482,electrician,2025-05-27 11:15,Tuesday,weekday,11,midday,Muthaiga,Westlands,-1.239047,36.830687,-1.253546,36.813729,2.48,Forest Road,1.7,2,29.4,4.2,4.7,1.0,True,4.9,0.874,13,24,338,True,561,good,good,True,4.4,1.0
B01451,P0032,C0230,cleaner,2024-10-15 12:16,Tuesday,weekday,12,midday,Gigiri,Kasarani,-1.218323,36.820818,-1.218038,36.90268,9.1,Forest Road,1.7,2,29.4,17.9,21.3,4.1,True,4.8,0.979,15,10,690,False,551,good,moderate,True,5.0,1.0
B01452,P0077,C0294,carpenter,2024-01-30 08:50,Tuesday,weekday,8,morning_rush,Kileleshwa,South C,-1.283737,36.770673,-1.309493,36.786886,3.38,Uhuru Highway,3.58,9,14.0,14.2,17.2,3.4,True,4.7,0.801,1,23,40,True,622,good,moderate,False,,0.5358
B01453,P0189,C0003,carpenter,2024-05-12 12:17,Sunday,weekend,12,midday,CBD,Roysambu,-1.281145,36.806807,-1.209563,36.883337,11.65,Uhuru Highway,1.31,1,38.2,20.7,24.3,6.2,True,4.4,0.928,5,7,390,True,733,moderate,moderate,True,4.1,0.9925
B01454,P0117,C0174,technician,2024-11-16 09:48,Saturday,weekend,9,mid_morning,Dagoretti,Westlands,-1.304001,36.758584,-1.265943,36.814024,7.48,Uhuru Highway,1.43,1,35.0,13.2,13.8,4.1,True,4.0,0.833,6,23,468,False,860,poor,good,True,4.1,0.9329
B01455,P0061,C0413,technician,2024-05-22 13:01,Wednesday,weekday,13,midday,Hurlingham,South C,-1.313263,36.795445,-1.329888,36.797591,1.86,Ngong Road,1.87,3,26.7,4.7,5.8,4.6,True,3.8,0.867,9,11,288,False,1097,good,moderate,True,4.6,0.9006
B01456,P0191,C0298,plumber,2025-06-19 12:17,Thursday,weekday,12,midday,Athi River,Kikuyu,-1.458754,37.004152,-1.237125,36.652618,46.2,Mombasa Road,2.13,4,23.5,123.2,110.6,5.0,True,3.9,0.908,19,25,570,True,588,poor,poor,True,3.7,0.9019
B01457,P0145,C0366,technician,2024-05-21 13:54,Tuesday,weekday,13,midday,Runda,South B,-1.220009,36.806625,-1.313924,36.812209,10.46,Kiambu Road,1.65,2,30.3,20.7,24.4,4.4,True,4.8,0.874,5,22,330,True,1007,good,moderate,True,4.7,0.9733
B01458,P0161,C0341,cleaner,2024-05-05 16:25,Sunday,weekend,16,evening_rush,Dagoretti,Eastleigh,-1.301444,36.756457,-1.265804,36.861585,12.34,Uhuru Highway,2.59,5,19.3,43.7,53.6,10.8,True,4.0,0.762,12,41,924,True,473,poor,poor,False,,0.4988
B01459,P0137,C0433,technician,2024-07-17 16:17,Wednesday,weekday,16,evening_rush,South C,Kilimani,-1.326641,36.801857,-1.288562,36.771341,5.43,Langata Road,3.58,9,14.0,21.2,22.4,5.3,True,4.4,0.817,7,12,462,True,794,moderate,good,True,4.0,0.7629
B01460,P0153,C0120,cleaner,2024-07-02 13:32,Tuesday,weekday,13,midday,Runda,Githurai,-1.21906,36.808167,-1.182596,36.903459,11.34,Kiambu Road,1.65,2,30.3,22.1,19.9,4.1,True,3.9,0.781,15,13,1050,True,518,good,poor,False,,0.6343
B01461,P0090,C0154,plumber,2024-04-30 14:50,Tuesday,weekday,14,early_afternoon,Ngong,Lavington,-1.348911,36.676954,-1.277949,36.774784,13.44,Ngong Road,2.03,3,24.6,35.5,31.5,0.7,True,4.3,0.888,19,32,475,True,536,poor,good,True,4.9,0.9558
B01462,P0073,C0342,plumber,2024-11-18 12:09,Monday,weekday,12,midday,Parklands,Rongai,-1.265689,36.829151,-1.38765,36.746772,16.36,Forest Road,1.7,2,29.4,31.7,31.1,11.7,True,3.3,0.879,6,40,180,True,1079,good,poor,False,,0.586
B01463,P0184,C0294,plumber,2025-02-07 18:28,Friday,weekday,18,evening_rush,Rongai,South C,-1.407716,36.7524,-1.309493,36.786886,11.58,Langata Road,3.58,9,14.0,47.7,42.8,3.5,True,4.7,0.748,2,5,54,False,1313,poor,moderate,True,5.0,0.7584
B01464,P0173,C0072,electrician,2024-03-30 10:15,Saturday,weekend,10,mid_morning,Eastleigh,Parklands,-1.283129,36.849829,-1.261309,36.814805,4.59,Jogoo Road,1.28,1,39.1,7.2,9.0,2.0,True,4.4,0.726,7,35,427,True,946,poor,good,True,4.6,0.9289
B01465,P0183,C0194,carpenter,2024-05-30 08:23,Thursday,weekday,8,morning_rush,Langata,CBD,-1.346859,36.745886,-1.274988,36.829034,12.22,Ngong Road,3.71,9,13.5,44.6,56.9,14.1,True,3.4,0.755,14,5,322,True,885,moderate,moderate,False,,0.3482
B01466,P0134,C0378,plumber,2024-10-12 08:16,Saturday,weekend,8,morning_rush,Syokimau,Githurai,-1.356084,36.892391,-1.177054,36.9103,20.01,Mombasa Road,2.67,6,18.7,64.2,76.0,12.4,True,3.5,0.955,12,13,852,True,696,moderate,poor,True,3.3,0.8006
B01467,P0064,C0054,electrician,2025-03-04 11:58,Tuesday,weekday,11,midday,Parklands,South B,-1.263494,36.832383,-1.32957,36.82559,7.39,Forest Road,1.7,2,29.4,16.7,14.7,1.9,True,3.7,0.803,18,6,1224,True,1206,good,moderate,True,3.8,0.8997
B01468,P0084,C0265,technician,2025-04-15 16:48,Tuesday,weekday,16,evening_rush,Eastleigh,Ruiru,-1.261233,36.851061,-1.149275,36.951702,16.74,Jogoo Road,3.57,9,14.0,64.0,81.9,18.9,False,4.9,0.823,15,26,705,True,758,poor,poor,True,4.5,0.5284
B01469,P0150,C0099,cleaner,2024-08-10 14:13,Saturday,weekend,14,early_afternoon,Athi River,Dagoretti,-1.468362,37.007079,-1.288135,36.752045,34.72,Mombasa Road,1.43,1,35.0,58.1,77.5,22.9,False,5.0,0.827,16,29,896,True,401,poor,poor,True,4.9,0.6733
B01470,P0200,C0185,electrician,2024-12-11 12:46,Wednesday,weekday,12,midday,Ruiru,Karen,-1.130766,36.953965,-1.32622,36.721064,33.8,Thika Road,2.09,4,23.9,78.5,91.9,13.8,True,5.0,0.729,1,25,67,False,1047,poor,good,True,5.0,0.7973
B01471,P0117,C0051,technician,2024-01-23 10:25,Tuesday,weekday,10,mid_morning,Dagoretti,Langata,-1.304001,36.758584,-1.349647,36.744124,5.32,Uhuru Highway,2.25,4,22.2,13.5,15.6,2.6,True,4.0,0.833,6,23,468,False,860,poor,moderate,False,,0.6298
B01472,P0038,C0365,cleaner,2025-03-20 12:11,Thursday,weekday,12,midday,Kitengela,Spring Valley,-1.478252,36.974953,-1.272178,36.752758,33.69,Mombasa Road,2.13,4,23.5,74.2,87.3,13.2,True,3.1,0.788,15,39,930,False,443,poor,good,True,3.1,0.7336
B01473,P0109,C0425,cleaner,2024-04-30 10:52,Tuesday,weekday,10,mid_morning,Kileleshwa,Embakasi,-1.273273,36.789956,-1.329216,36.900372,13.76,Uhuru Highway,2.25,4,22.2,40.8,47.3,17.9,False,3.7,0.918,19,42,1368,True,740,good,moderate,True,3.5,0.6298
B01474,P0106,C0042,carpenter,2025-05-11 08:23,Sunday,weekend,8,morning_rush,Syokimau,Lavington,-1.36283,36.900425,-1.275795,36.761312,18.24,Mombasa Road,2.67,6,18.7,57.3,69.0,13.3,True,5.0,0.769,17,37,799,True,870,moderate,good,True,4.8,0.7751
B01475,P0024,C0032,cleaner,2025-06-20 18:56,Friday,weekday,18,evening_rush,Langata,CBD,-1.334684,36.751712,-1.285874,36.815402,8.92,Ngong Road,4.0,10,12.5,53.6,64.8,12.0,True,4.2,0.957,7,5,462,False,870,moderate,moderate,True,4.5,0.7335
B01476,P0109,C0455,cleaner,2024-01-26 09:14,Friday,weekday,9,mid_morning,Kileleshwa,Ngong,-1.273273,36.789956,-1.36245,36.652023,18.26,Uhuru Highway,2.25,4,22.2,54.1,48.7,9.2,True,3.7,0.918,19,42,1368,True,740,good,poor,True,3.7,0.8523
B01477,P0034,C0244,electrician,2025-04-06 10:17,Sunday,weekend,10,mid_morning,Ruiru,Parklands,-1.147348,36.960424,-1.259711,36.833857,18.82,Thika Road,1.44,1,34.7,33.2,30.4,1.6,True,4.7,0.756,12,21,348,True,1449,poor,good,True,4.6,0.9495
B01478,P0055,C0229,carpenter,2025-04-06 09:08,Sunday,weekend,9,mid_morning,CBD,Roysambu,-1.285689,36.830976,-1.20113,36.87904,10.81,Uhuru Highway,1.43,1,35.0,20.9,25.7,5.3,True,3.3,0.754,2,17,82,True,674,moderate,moderate,True,3.0,0.8484
B01479,P0020,C0190,technician,2025-03-05 10:01,Wednesday,weekday,10,mid_morning,Runda,Athi River,-1.220161,36.809549,-1.462077,37.00135,34.32,Kiambu Road,1.79,3,27.9,74.4,75.6,3.0,True,4.7,0.833,9,33,594,True,1224,good,poor,True,5.0,0.9483
B01480,P0174,C0270,cleaner,2024-04-01 14:23,Monday,weekday,14,early_afternoon,Rongai,Spring Valley,-1.385961,36.747354,-1.265969,36.748297,13.34,Langata Road,1.89,3,26.5,23.7,26.7,9.6,True,3.9,0.87,15,26,705,True,624,poor,good,True,3.8,0.8638
B01481,P0104,C0302,cleaner,2024-03-06 10:45,Wednesday,weekday,10,mid_morning,South C,Syokimau,-1.317485,36.782226,-1.360066,36.900437,13.97,Langata Road,2.03,3,24.6,28.9,33.6,8.8,True,4.8,0.78,15,40,495,True,849,moderate,moderate,True,4.5,0.8593
B01482,P0144,C0266,technician,2024-11-08 09:09,Friday,weekday,9,mid_morning,Upper Hill,Westlands,-1.311202,36.814634,-1.272627,36.805451,4.41,Uhuru Highway,2.25,4,22.2,10.9,14.6,4.9,True,4.2,0.845,7,15,301,False,1260,good,good,True,3.8,0.8767
B01483,P0200,C0203,electrician,2024-04-15 08:06,Monday,weekday,8,morning_rush,Ruiru,Kilimani,-1.130766,36.953965,-1.292769,36.787728,25.81,Thika Road,4.0,10,12.5,126.6,109.4,1.2,True,5.0,0.729,1,25,67,False,1047,poor,good,False,,0.4995
B01484,P0068,C0300,electrician,2024-04-05 09:58,Friday,weekday,9,mid_morning,Parklands,Langata,-1.28108,36.807397,-1.350397,36.749372,10.05,Forest Road,1.91,3,26.2,20.2,21.1,1.9,True,4.7,0.926,17,10,1122,False,560,good,moderate,False,,0.7444
B01485,P0128,C0326,electrician,2024-10-03 14:08,Thursday,weekday,14,early_afternoon,Ruiru,Gigiri,-1.143862,36.976006,-1.21139,36.806664,20.27,Thika Road,2.18,4,22.9,47.7,45.1,0.3,True,3.9,0.843,19,39,1501,True,859,poor,good,False,,0.6546
B01486,P0109,C0226,cleaner,2024-02-29 11:31,Thursday,weekday,11,midday,Kileleshwa,Githurai,-1.273273,36.789956,-1.180414,36.893251,15.44,Uhuru Highway,1.88,3,26.6,38.2,49.0,11.5,True,3.7,0.918,19,42,1368,True,740,good,poor,False,,0.6128
B01487,P0177,C0477,cleaner,2024-05-11 13:46,Saturday,weekend,13,midday,South C,Ruiru,-1.321132,36.802989,-1.136399,36.959137,26.89,Langata Road,1.16,1,43.1,39.1,34.5,1.6,True,3.3,0.785,5,21,270,True,495,moderate,poor,True,3.1,0.9164
B01488,P0126,C0375,plumber,2024-03-07 09:49,Thursday,weekday,9,mid_morning,Syokimau,Industrial Area,-1.384197,36.899152,-1.307218,36.856398,9.79,Mombasa Road,2.25,4,22.2,23.8,24.8,7.9,True,3.8,0.784,1,32,46,True,1101,moderate,poor,False,,0.5512
B01489,P0107,C0422,electrician,2024-11-20 14:54,Wednesday,weekday,14,early_afternoon,Rongai,Gigiri,-1.411221,36.737889,-1.225999,36.804032,21.87,Langata Road,1.89,3,26.5,43.3,38.7,1.6,True,3.8,0.756,11,30,715,True,708,poor,good,False,,0.6185
B01490,P0042,C0074,electrician,2024-05-16 14:39,Thursday,weekday,14,early_afternoon,Runda,Westlands,-1.206172,36.812074,-1.268585,36.81893,6.98,Kiambu Road,1.64,2,30.5,11.1,14.9,7.4,True,3.6,0.884,5,28,395,True,513,good,good,True,3.5,0.8941
B01491,P0130,C0066,electrician,2025-02-07 17:46,Friday,weekday,17,evening_rush,Muthaiga,Kitengela,-1.261506,36.849263,-1.483162,36.967236,27.92,Forest Road,3.67,9,13.6,113.3,120.9,16.1,False,4.8,0.972,2,26,126,True,1371,good,poor,True,5.0,0.6132
B01492,P0125,C0365,carpenter,2024-11-28 12:22,Thursday,weekday,12,midday,CBD,Spring Valley,-1.289186,36.82843,-1.272178,36.752758,8.62,Uhuru Highway,1.88,3,26.6,17.7,20.6,7.1,True,4.2,0.775,18,40,810,False,627,moderate,good,True,4.2,0.8529
B01493,P0118,C0067,cleaner,2024-07-19 15:50,Friday,weekday,15,early_afternoon,Syokimau,Kasarani,-1.375522,36.898831,-1.217438,36.907365,17.6,Mombasa Road,2.13,4,23.5,45.0,57.6,13.3,True,4.0,0.883,12,22,552,True,781,moderate,moderate,False,,0.5753
B01494,P0181,C0263,carpenter,2024-10-25 13:52,Friday,weekday,13,midday,Eastleigh,Githurai,-1.285983,36.842261,-1.183339,36.89866,13.02,Jogoo Road,1.71,2,29.2,25.3,32.8,8.1,True,4.1,0.796,2,32,106,True,664,poor,poor,False,,0.6137
B01495,P0136,C0061,carpenter,2024-12-01 16:50,Sunday,weekend,16,evening_rush,Ngong,Kikuyu,-1.343029,36.658549,-1.247586,36.668725,10.67,Ngong Road,2.6,5,19.2,31.0,29.3,1.3,True,4.4,0.783,16,42,912,False,725,poor,poor,True,4.5,0.8577
B01496,P0178,C0109,electrician,2025-05-22 10:23,Thursday,weekday,10,mid_morning,Eastleigh,Westlands,-1.282287,36.844486,-1.261315,36.81939,3.64,Jogoo Road,1.89,3,26.5,8.8,10.2,2.1,True,5.0,0.888,5,35,145,True,859,poor,good,True,5.0,0.9903
B01497,P0117,C0243,technician,2024-06-17 11:53,Monday,weekday,11,midday,Dagoretti,Eastleigh,-1.304001,36.758584,-1.271758,36.848079,10.58,Uhuru Highway,1.88,3,26.6,24.5,28.2,5.4,True,4.0,0.833,6,23,468,False,860,poor,poor,True,4.9,0.8861
B01498,P0009,C0383,technician,2025-05-28 12:33,Wednesday,weekday,12,midday,Westlands,Lavington,-1.26042,36.818632,-1.284585,36.760212,7.03,Waiyaki Way,1.88,3,26.6,15.6,17.9,4.9,True,4.9,0.954,9,9,531,False,879,good,good,True,5.0,0.9958
B01499,P0041,C0484,electrician,2025-03-31 07:15,Monday,weekday,7,morning_rush,Eastleigh,Hurlingham,-1.262587,36.837939,-1.297799,36.804038,5.43,Jogoo Road,3.43,8,14.6,26.3,29.7,5.7,True,3.7,0.801,17,24,731,True,969,poor,good,False,,0.4786
B01500,P0144,C0190,technician,2025-03-29 14:54,Saturday,weekend,14,early_afternoon,Upper Hill,Athi River,-1.311202,36.814634,-1.462077,37.00135,26.69,Uhuru Highway,1.35,1,37.0,40.2,39.5,2.9,True,4.2,0.845,7,15,301,False,1260,good,poor,True,4.3,0.9653
B01501,P0031,C0309,carpenter,2024-08-25 07:45,Sunday,weekend,7,morning_rush,Gigiri,Muthaiga,-1.208399,36.806357,-1.246888,36.834549,5.3,Forest Road,2.21,4,22.6,14.7,16.9,3.6,True,3.1,0.929,2,21,112,False,546,good,good,True,2.8,0.8777
B01502,P0105,C0057,cleaner,2024-07-30 13:40,Tuesday,weekday,13,midday,Upper Hill,Athi River,-1.30826,36.804606,-1.45826,36.994492,26.9,Uhuru Highway,1.88,3,26.6,59.3,51.4,0.9,True,3.2,0.943,10,8,230,True,691,good,poor,True,3.7,0.9386
B01503,P0031,C0190,carpenter,2024-11-16 08:41,Saturday,weekend,8,morning_rush,Gigiri,Athi River,-1.208399,36.806357,-1.462077,37.00135,35.57,Forest Road,2.21,4,22.6,108.2,128.2,21.1,False,3.1,0.929,2,21,112,False,546,good,poor,True,2.9,0.5819
B01504,P0147,C0149,technician,2025-01-14 16:51,Tuesday,weekday,16,evening_rush,Roysambu,Kileleshwa,-1.198042,36.880644,-1.281214,36.788179,13.83,Thika Road,4.0,10,12.5,63.7,85.9,23.4,False,5.0,0.932,15,30,855,False,1336,moderate,good,True,5.0,0.516
B01505,P0011,C0268,plumber,2024-05-21 08:46,Tuesday,weekday,8,morning_rush,Kitengela,Kilimani,-1.461571,36.951166,-1.293114,36.768586,27.62,Mombasa Road,4.0,10,12.5,148.9,175.5,30.0,False,3.5,0.741,16,28,768,True,1242,poor,good,False,,0.0405
B01506,P0040,C0061,plumber,2024-12-31 09:54,Tuesday,weekday,9,mid_morning,Kileleshwa,Kikuyu,-1.285552,36.778547,-1.247586,36.668725,12.92,Uhuru Highway,2.25,4,22.2,33.5,42.6,9.4,True,3.5,0.988,10,38,450,True,1000,good,poor,True,3.3,0.8757
B01507,P0096,C0157,technician,2024-01-23 11:06,Tuesday,weekday,11,midday,Dagoretti,Spring Valley,-1.288134,36.742623,-1.275302,36.747834,1.54,Uhuru Highway,1.88,3,26.6,3.5,3.2,4.7,True,4.6,0.889,17,42,510,True,1253,poor,good,True,3.8,0.9499
B01508,P0096,C0156,technician,2024-09-30 15:22,Monday,weekday,15,early_afternoon,Dagoretti,Kileleshwa,-1.288134,36.742623,-1.272746,36.786855,5.21,Uhuru Highway,2.1,4,23.8,12.9,12.3,3.9,True,4.6,0.889,17,42,510,True,1253,poor,good,True,4.4,0.939
B01509,P0076,C0249,plumber,2024-03-05 12:35,Tuesday,weekday,12,midday,Syokimau,Hurlingham,-1.380514,36.905837,-1.309621,36.796608,14.48,Mombasa Road,2.13,4,23.5,44.6,42.0,1.1,True,4.4,0.791,8,23,400,False,839,moderate,good,True,4.8,0.9009
B01510,P0008,C0406,electrician,2024-05-25 12:12,Saturday,weekend,12,midday,Kasarani,Kileleshwa,-1.209809,36.907631,-1.27147,36.783183,15.44,Thika Road,1.35,1,37.0,23.5,29.7,10.2,True,4.4,0.779,12,34,636,True,919,moderate,good,True,4.2,0.8815
B01511,P0037,C0073,cleaner,2025-04-10 08:20,Thursday,weekday,8,morning_rush,Langata,Kitengela,-1.35501,36.742017,-1.464887,36.967541,27.89,Ngong Road,3.71,9,13.5,139.3,127.9,0.7,True,5.0,0.927,5,37,190,True,468,moderate,poor,True,5.0,0.8759
B01512,P0151,C0216,cleaner,2024-11-26 17:38,Tuesday,weekday,17,evening_rush,Dagoretti,South C,-1.302898,36.752931,-1.325066,36.795276,5.31,Uhuru Highway,4.0,10,12.5,26.6,26.3,0.4,True,4.8,0.747,8,12,480,False,887,poor,moderate,False,,0.5052
B01513,P0013,C0480,electrician,2025-04-29 15:05,Tuesday,weekday,15,early_afternoon,Kitengela,Gigiri,-1.481718,36.963337,-1.218447,36.802274,34.32,Mombasa Road,2.13,4,23.5,97.3,92.2,1.8,True,3.9,0.889,8,40,512,True,1036,poor,good,True,3.9,0.9191
B01514,P0079,C0456,cleaner,2024-06-24 13:33,Monday,weekday,13,midday,Kikuyu,Lavington,-1.261245,36.651334,-1.285209,36.767636,13.2,Waiyaki Way,1.88,3,26.6,28.9,34.7,7.1,True,4.6,0.899,3,9,111,True,889,poor,good,True,4.6,0.9349
B01515,P0073,C0111,plumber,2025-06-19 16:37,Thursday,weekday,16,evening_rush,Parklands,Kikuyu,-1.265689,36.829151,-1.246085,36.669215,17.91,Forest Road,3.67,9,13.6,81.7,100.3,19.9,False,3.3,0.879,6,40,180,True,1079,good,poor,True,3.2,0.4601
B01516,P0047,C0420,plumber,2024-09-15 13:38,Sunday,weekend,13,midday,Hurlingham,Spring Valley,-1.296707,36.799823,-1.263445,36.740953,7.52,Ngong Road,1.27,1,39.4,9.5,11.1,8.3,True,5.0,0.962,10,7,630,True,956,good,good,False,,0.7752
B01517,P0190,C0251,technician,2024-06-29 17:52,Saturday,weekend,17,evening_rush,Ngong,Kitengela,-1.349406,36.65827,-1.479293,36.965499,37.08,Ngong Road,2.6,5,19.2,103.0,111.0,10.0,True,3.8,0.809,15,38,465,True,974,poor,poor,True,3.9,0.7682
B01518,P0001,C0063,electrician,2024-08-10 16:21,Saturday,weekend,16,evening_rush,Kileleshwa,Githurai,-1.265552,36.774614,-1.177365,36.907348,17.72,Uhuru Highway,2.59,5,19.3,51.2,57.9,8.9,True,4.8,0.788,7,10,182,True,1054,good,poor,True,4.8,0.8176
B01519,P0141,C0179,carpenter,2024-02-25 12:26,Sunday,weekend,12,midday,CBD,Upper Hill,-1.283127,36.824297,-1.309542,36.80666,3.53,Uhuru Highway,1.31,1,38.2,6.9,8.1,5.6,True,4.7,0.952,6,33,240,False,1049,moderate,good,True,4.9,1.0
B01520,P0018,C0446,plumber,2024-08-20 15:18,Tuesday,weekday,15,early_afternoon,Hurlingham,Muthaiga,-1.292456,36.806022,-1.248018,36.829241,5.57,Ngong Road,2.03,3,24.6,12.3,13.9,6.5,True,4.8,0.913,10,7,590,False,659,good,good,True,4.8,0.9449
B01521,P0012,C0214,electrician,2024-11-13 11:28,Wednesday,weekday,11,midday,Hurlingham,Westlands,-1.295566,36.800621,-1.260173,36.818928,4.43,Ngong Road,1.87,3,26.7,11.1,13.3,7.1,True,3.1,0.784,3,33,111,False,555,good,good,True,2.1,0.8032
B01522,P0124,C0294,technician,2025-04-05 15:30,Saturday,weekend,15,early_afternoon,CBD,South C,-1.268836,36.820416,-1.309493,36.786886,5.86,Uhuru Highway,1.35,1,37.0,8.2,10.3,6.1,True,4.3,0.771,4,19,216,True,1178,moderate,moderate,False,,0.6567
B01523,P0080,C0290,cleaner,2024-04-21 17:50,Sunday,weekend,17,evening_rush,Embakasi,Kileleshwa,-1.329891,36.910858,-1.284739,36.773971,16.02,Mombasa Road,3.0,7,16.7,53.5,66.5,20.6,False,3.8,0.88,6,38,408,True,612,moderate,good,True,3.9,0.5333
B01524,P0116,C0461,technician,2024-08-28 14:48,Wednesday,weekday,14,early_afternoon,Roysambu,Kilimani,-1.210341,36.87171,-1.290678,36.768124,14.57,Thika Road,2.18,4,22.9,37.1,45.4,9.1,True,4.0,0.871,1,42,48,False,804,moderate,good,True,4.5,0.8503
B01525,P0087,C0401,electrician,2024-05-02 16:22,Thursday,weekday,16,evening_rush,Kitengela,Westlands,-1.465391,36.952559,-1.252568,36.809874,28.49,Mombasa Road,4.0,10,12.5,129.2,171.8,45.1,False,4.0,0.782,16,7,1200,True,1294,poor,good,True,3.1,0.2102
B01526,P0097,C0244,carpenter,2024-09-18 16:48,Wednesday,weekday,16,evening_rush,Hurlingham,Parklands,-1.290422,36.794618,-1.259711,36.833857,5.54,Ngong Road,4.0,10,12.5,27.2,23.4,5.1,True,5.0,0.957,16,42,544,True,1011,good,good,True,4.7,0.831
B01527,P0185,C0427,electrician,2025-03-18 10:27,Tuesday,weekday,10,mid_morning,Githurai,Langata,-1.195468,36.886679,-1.347775,36.736389,23.79,Thika Road,2.31,4,21.6,54.0,70.4,19.9,False,4.1,0.814,3,27,189,True,800,poor,moderate,False,,0.3264
B01528,P0156,C0068,electrician,2025-05-24 16:18,Saturday,weekend,16,evening_rush,Muthaiga,Eastleigh,-1.236172,36.844282,-1.272101,36.85771,4.26,Forest Road,2.22,4,22.5,10.0,10.4,0.7,True,4.2,0.819,19,21,475,True,963,good,poor,True,4.1,0.9011
B01529,P0196,C0071,technician,2025-01-13 15:19,Monday,weekday,15,early_afternoon,Kasarani,Syokimau,-1.219995,36.884155,-1.372315,36.892815,16.96,Thika Road,2.18,4,22.9,50.3,51.9,3.8,True,3.4,0.833,3,23,120,False,1053,moderate,moderate,True,3.6,0.8454
B01530,P0130,C0326,electrician,2024-01-01 12:02,Monday,weekday,12,midday,Muthaiga,Gigiri,-1.261506,36.849263,-1.21139,36.806664,7.31,Forest Road,1.7,2,29.4,17.8,20.3,3.5,True,4.8,0.972,2,26,126,True,1371,good,good,True,4.4,1.0
B01531,P0118,C0390,cleaner,2024-05-13 07:49,Monday,weekday,7,morning_rush,Syokimau,Dagoretti,-1.375522,36.898831,-1.297263,36.744125,19.27,Mombasa Road,4.0,10,12.5,109.5,146.7,48.5,False,4.0,0.883,12,22,552,True,781,moderate,poor,True,3.4,0.2365
B01532,P0116,C0342,technician,2025-03-25 12:35,Tuesday,weekday,12,midday,Roysambu,Rongai,-1.210341,36.87171,-1.38765,36.746772,24.12,Thika Road,2.09,4,23.9,48.2,60.2,13.6,True,4.0,0.871,1,42,48,False,804,moderate,poor,True,4.1,0.82
B01533,P0115,C0077,technician,2025-03-01 11:15,Saturday,weekend,11,midday,Ngong,Kileleshwa,-1.355618,36.6771,-1.286683,36.785608,14.29,Ngong Road,1.27,1,39.4,19.8,19.3,3.6,True,3.2,0.736,15,12,390,False,724,poor,good,False,,0.6114
B01534,P0187,C0167,technician,2025-03-19 13:58,Wednesday,weekday,13,midday,Westlands,Industrial Area,-1.2733,36.817332,-1.30478,36.863493,6.21,Waiyaki Way,1.88,3,26.6,13.8,16.8,14.4,True,4.3,0.789,17,39,816,True,794,good,poor,True,4.3,0.8041
B01535,P0023,C0410,plumber,2024-07-18 15:14,Thursday,weekday,15,early_afternoon,Runda,Parklands,-1.20871,36.820684,-1.266272,36.821401,6.4,Kiambu Road,1.64,2,30.5,10.4,11.9,5.8,True,3.8,0.977,7,10,539,True,894,good,good,True,3.6,0.964
B01536,P0160,C0341,cleaner,2024-05-08 16:21,Wednesday,weekday,16,evening_rush,Embakasi,Eastleigh,-1.319614,36.900458,-1.265804,36.861585,7.38,Mombasa Road,4.0,10,12.5,36.9,46.6,13.6,True,4.7,0.907,4,29,204,True,370,moderate,poor,True,4.4,0.7202
B01537,P0160,C0210,cleaner,2024-06-17 10:00,Monday,weekday,10,mid_morning,Embakasi,Karen,-1.319614,36.900458,-1.330928,36.708139,21.42,Mombasa Road,2.25,4,22.2,52.5,56.0,3.6,True,4.7,0.907,4,29,204,True,370,moderate,good,True,5.0,0.9435
B01538,P0100,C0120,plumber,2025-06-20 17:32,Friday,weekday,17,evening_rush,South C,Githurai,-1.32936,36.803922,-1.182596,36.903459,19.72,Langata Road,3.58,9,14.0,86.9,76.3,7.2,True,4.0,0.88,19,21,399,True,1339,moderate,poor,True,3.6,0.7586
B01539,P0102,C0174,plumber,2025-03-25 08:22,Tuesday,weekday,8,morning_rush,CBD,Westlands,-1.28875,36.816036,-1.265943,36.814024,2.55,Uhuru Highway,3.58,9,14.0,12.4,15.2,4.1,True,4.6,0.858,14,44,294,False,585,moderate,good,True,3.7,0.8034
B01540,P0139,C0024,technician,2024-03-23 17:27,Saturday,weekend,17,evening_rush,Parklands,Eastleigh,-1.251758,36.82097,-1.268446,36.859863,4.71,Forest Road,2.22,4,22.5,12.9,15.7,7.7,True,4.2,0.905,10,14,480,True,1333,good,poor,True,4.9,0.8857
B01541,P0172,C0456,electrician,2025-02-12 13:46,Wednesday,weekday,13,midday,Westlands,Lavington,-1.259894,36.796652,-1.285209,36.767636,4.28,Waiyaki Way,1.88,3,26.6,9.9,9.7,0.6,True,5.0,0.841,14,27,1106,True,839,good,good,True,5.0,0.9801
B01542,P0114,C0377,cleaner,2024-09-06 12:15,Friday,weekday,12,midday,Githurai,Kikuyu,-1.17431,36.888295,-1.256697,36.672563,25.67,Thika Road,2.09,4,23.9,67.3,69.9,3.7,True,3.8,0.766,7,19,357,True,551,poor,poor,False,,0.59
B01543,P0072,C0331,plumber,2024-02-28 07:03,Wednesday,weekday,7,morning_rush,Langata,Langata,-1.355719,36.761446,-1.342853,36.746206,2.22,Ngong Road,3.71,9,13.5,11.4,10.7,0.9,True,4.7,0.77,1,21,45,True,1300,moderate,moderate,True,4.5,0.7807
B01544,P0023,C0444,plumber,2024-02-15 14:32,Thursday,weekday,14,early_afternoon,Runda,Muthaiga,-1.20871,36.820684,-1.258748,36.843226,6.1,Kiambu Road,1.64,2,30.5,12.0,14.9,3.9,True,3.8,0.977,7,10,539,True,894,good,good,True,3.7,0.9798
B01545,P0043,C0363,electrician,2024-01-17 08:28,Wednesday,weekday,8,morning_rush,Eastleigh,Industrial Area,-1.275323,36.859659,-1.318814,36.840966,5.26,Jogoo Road,3.43,8,14.6,23.1,31.0,10.7,True,4.8,0.787,8,34,480,True,1039,poor,poor,False,,0.4849
B01546,P0007,C0293,plumber,2024-05-10 15:30,Friday,weekday,15,early_afternoon,Industrial Area,South C,-1.295756,36.837346,-1.322714,36.80236,4.91,Mombasa Road,2.13,4,23.5,12.8,15.4,11.4,True,4.8,0.813,3,17,234,True,1096,poor,moderate,True,5.0,0.8461
B01547,P0162,C0408,plumber,2024-04-30 09:06,Tuesday,weekday,9,mid_morning,Upper Hill,South B,-1.283701,36.803014,-1.313209,36.823797,4.01,Uhuru Highway,2.25,4,22.2,9.9,12.7,2.9,True,4.7,0.987,9,20,693,True,819,good,moderate,True,4.6,0.9893
B01548,P0198,C0363,cleaner,2024-08-05 12:08,Monday,weekday,12,midday,Ngong,Industrial Area,-1.366998,36.657289,-1.318814,36.840966,21.11,Ngong Road,1.87,3,26.7,45.5,51.1,7.9,True,4.7,0.916,6,42,216,True,519,poor,poor,True,4.3,0.9426
B01549,P0080,C0288,cleaner,2024-06-01 13:19,Saturday,weekend,13,midday,Embakasi,Hurlingham,-1.329891,36.910858,-1.305317,36.796715,12.98,Mombasa Road,1.39,1,36.0,23.0,29.5,14.5,True,3.8,0.88,6,38,408,True,612,moderate,good,True,4.2,0.863
B01550,P0166,C0064,electrician,2025-05-01 15:38,Thursday,weekday,15,early_afternoon,Upper Hill,Upper Hill,-1.284545,36.821501,-1.300002,36.81996,1.73,Uhuru Highway,2.1,4,23.8,3.4,4.6,1.7,True,3.9,0.944,14,36,1022,True,745,good,good,True,3.9,0.9498
B01551,P0165,C0287,cleaner,2024-09-16 09:55,Monday,weekday,9,mid_morning,Ngong,Kileleshwa,-1.345402,36.669582,-1.278036,36.784835,14.84,Ngong Road,2.08,4,24.0,34.0,38.5,7.8,True,5.0,0.908,7,20,490,False,515,poor,good,True,4.8,0.9376
B01552,P0022,C0099,electrician,2024-12-13 14:03,Friday,weekday,14,early_afternoon,Langata,Dagoretti,-1.337324,36.740716,-1.288135,36.752045,5.61,Ngong Road,2.03,3,24.6,13.3,14.3,8.3,True,4.9,0.913,14,13,350,True,1171,moderate,poor,False,,0.6849
B01553,P0159,C0278,plumber,2025-03-09 11:47,Sunday,weekend,11,midday,Eastleigh,Hurlingham,-1.276563,36.8629,-1.28795,36.786781,8.56,Jogoo Road,1.13,0,44.2,10.4,13.3,5.6,True,4.0,0.737,17,35,884,True,1202,poor,good,True,4.6,0.8964
B01554,P0148,C0388,technician,2025-02-25 14:38,Tuesday,weekday,14,early_afternoon,Kileleshwa,South B,-1.273235,36.790198,-1.327809,36.822339,7.04,Uhuru Highway,2.1,4,23.8,20.0,18.0,1.9,True,3.3,0.88,7,23,329,True,1141,good,moderate,True,3.3,0.8862
B01555,P0014,C0491,electrician,2025-04-02 13:45,Wednesday,weekday,13,midday,Embakasi,Upper Hill,-1.309393,36.91238,-1.297242,36.824461,9.87,Mombasa Road,2.13,4,23.5,30.8,30.2,3.7,True,3.4,0.925,19,9,836,True,551,moderate,good,True,4.0,0.8963
B01556,P0146,C0268,electrician,2025-02-23 12:49,Sunday,weekend,12,midday,Embakasi,Kilimani,-1.323622,36.89238,-1.293114,36.768586,14.17,Mombasa Road,1.39,1,36.0,22.1,23.9,2.5,True,5.0,0.807,14,19,476,True,630,moderate,good,True,4.5,0.9865
B01557,P0049,C0385,technician,2024-10-23 13:47,Wednesday,weekday,13,midday,Kasarani,Kilimani,-1.213738,36.911241,-1.285862,36.784793,16.18,Thika Road,2.09,4,23.9,44.5,41.3,3.7,True,4.1,0.836,17,7,1343,True,866,moderate,good,True,3.6,0.89
B01558,P0122,C0258,plumber,2024-06-21 16:20,Friday,weekday,16,evening_rush,Roysambu,Embakasi,-1.198937,36.868092,-1.321308,36.898818,14.03,Thika Road,4.0,10,12.5,65.1,84.7,21.8,False,4.1,0.848,1,24,34,True,504,moderate,moderate,False,,0.1923
B01559,P0005,C0062,technician,2025-01-24 10:09,Friday,weekday,10,mid_morning,Kileleshwa,Muthaiga,-1.285845,36.78543,-1.2463,36.846389,8.08,Uhuru Highway,2.25,4,22.2,24.5,27.4,6.1,True,3.9,0.885,4,43,156,True,616,good,good,True,3.5,0.8717
B01560,P0169,C0480,cleaner,2025-05-20 16:11,Tuesday,weekday,16,evening_rush,CBD,Gigiri,-1.279373,36.828665,-1.218447,36.802274,7.38,Uhuru Highway,4.0,10,12.5,35.7,47.6,12.0,True,5.0,0.778,8,26,192,True,648,moderate,good,False,,0.434
B01561,P0137,C0093,technician,2024-03-02 16:35,Saturday,weekend,16,evening_rush,South C,Ngong,-1.326641,36.801857,-1.347699,36.670253,14.82,Langata Road,2.41,5,20.7,40.6,39.9,0.7,True,4.4,0.817,7,12,462,True,794,moderate,poor,True,4.4,0.8949
B01562,P0005,C0141,technician,2024-10-07 14:50,Monday,weekday,14,early_afternoon,Kileleshwa,Langata,-1.285845,36.78543,-1.334182,36.745251,6.99,Uhuru Highway,2.1,4,23.8,18.0,19.2,4.5,True,3.9,0.885,4,43,156,True,616,good,moderate,True,4.1,0.897
B01563,P0053,C0126,electrician,2025-01-31 12:35,Friday,weekday,12,midday,Syokimau,Kilimani,-1.355438,36.894191,-1.290382,36.769278,15.66,Mombasa Road,2.13,4,23.5,41.0,41.5,3.2,True,4.6,0.768,3,32,108,True,841,moderate,good,True,4.9,0.8819
B01564,P0181,C0430,carpenter,2025-06-09 09:22,Monday,weekday,9,mid_morning,Eastleigh,Gigiri,-1.285983,36.842261,-1.218529,36.811607,8.24,Jogoo Road,1.89,3,26.5,20.9,19.8,5.5,True,4.1,0.796,2,32,106,True,664,poor,good,True,3.6,0.871
B01565,P0149,C0228,technician,2025-03-05 14:56,Wednesday,weekday,14,early_afternoon,South B,Kasarani,-1.32145,36.814943,-1.217424,36.906597,15.41,Uhuru Highway,2.1,4,23.8,35.0,30.9,1.3,True,3.7,0.959,3,38,72,True,1667,moderate,moderate,True,4.0,0.9507
B01566,P0022,C0414,electrician,2024-01-06 14:40,Saturday,weekend,14,early_afternoon,Langata,Kitengela,-1.337324,36.740716,-1.463799,36.971686,29.27,Ngong Road,1.37,1,36.5,49.1,41.8,5.1,True,4.9,0.913,14,13,350,True,1171,moderate,poor,True,5.0,1.0
B01567,P0137,C0311,technician,2024-11-11 15:32,Monday,weekday,15,early_afternoon,South C,Embakasi,-1.326641,36.801857,-1.311799,36.902558,11.32,Langata Road,1.89,3,26.5,27.3,36.2,8.9,True,4.4,0.817,7,12,462,True,794,moderate,moderate,True,4.0,0.8681
B01568,P0083,C0206,carpenter,2024-01-09 16:57,Tuesday,weekday,16,evening_rush,Roysambu,Parklands,-1.197099,36.88354,-1.26046,36.815631,10.33,Thika Road,4.0,10,12.5,58.9,56.0,0.3,True,4.6,0.861,3,33,213,False,529,moderate,good,True,5.0,0.803
B01569,P0151,C0024,cleaner,2024-10-18 16:13,Friday,weekday,16,evening_rush,Dagoretti,Eastleigh,-1.302898,36.752931,-1.268446,36.859863,12.49,Uhuru Highway,4.0,10,12.5,59.5,66.6,11.4,True,4.8,0.747,8,12,480,False,887,poor,poor,True,5.0,0.6635
B01570,P0126,C0442,plumber,2025-04-01 15:50,Tuesday,weekday,15,early_afternoon,Syokimau,Kikuyu,-1.384197,36.899152,-1.242629,36.672446,29.71,Mombasa Road,2.13,4,23.5,82.0,95.8,18.4,False,3.8,0.784,1,32,46,True,1101,moderate,poor,True,4.2,0.5733
B01571,P0006,C0175,technician,2025-01-06 15:12,Monday,weekday,15,early_afternoon,Parklands,Muthaiga,-1.25903,36.810832,-1.244738,36.826186,2.33,Forest Road,1.87,3,26.7,5.5,5.1,1.9,True,4.4,0.902,19,21,513,True,630,good,good,False,,0.7206
B01572,P0112,C0093,carpenter,2025-01-11 11:12,Saturday,weekend,11,midday,Rongai,Ngong,-1.407345,36.750173,-1.347699,36.670253,11.09,Langata Road,1.16,1,43.1,15.2,16.1,5.3,True,4.9,0.809,17,40,1190,True,779,poor,poor,True,4.7,0.9775
B01573,P0107,C0013,electrician,2024-07-20 16:27,Saturday,weekend,16,evening_rush,Rongai,Parklands,-1.411221,36.737889,-1.261151,36.827026,19.41,Langata Road,2.41,5,20.7,64.1,57.5,1.7,True,3.8,0.756,11,30,715,True,708,poor,good,True,4.1,0.826
B01574,P0136,C0163,carpenter,2024-03-14 14:34,Thursday,weekday,14,early_afternoon,Ngong,Kitengela,-1.343029,36.658549,-1.485599,36.955497,36.62,Ngong Road,2.03,3,24.6,80.0,86.8,7.4,True,4.4,0.783,16,42,912,False,725,poor,poor,True,4.6,0.8524
B01575,P0098,C0132,technician,2024-05-30 11:39,Thursday,weekday,11,midday,Karen,Syokimau,-1.310218,36.721517,-1.368185,36.893622,20.19,Ngong Road,1.87,3,26.7,47.6,59.7,14.1,True,3.8,0.834,9,16,522,True,1091,good,moderate,True,3.5,0.8049
B01576,P0024,C0059,cleaner,2024-01-19 14:19,Friday,weekday,14,early_afternoon,Langata,Parklands,-1.334684,36.751712,-1.268938,36.814627,10.12,Ngong Road,2.03,3,24.6,29.4,32.8,7.1,True,4.2,0.957,7,5,462,False,870,moderate,good,True,3.4,0.9319
B01577,P0026,C0278,plumber,2025-01-23 11:57,Thursday,weekday,11,midday,Kasarani,Hurlingham,-1.234607,36.913473,-1.28795,36.786781,15.28,Thika Road,2.09,4,23.9,37.8,38.0,1.4,True,4.6,0.959,10,6,750,True,1116,moderate,good,True,4.7,0.9956
B01578,P0044,C0147,plumber,2024-09-05 09:03,Thursday,weekday,9,mid_morning,Eastleigh,Westlands,-1.286651,36.848557,-1.262822,36.811016,4.94,Jogoo Road,1.89,3,26.5,9.5,8.3,0.5,True,4.5,0.889,17,28,646,True,806,poor,good,False,,0.7291
B01579,P0037,C0094,cleaner,2024-11-30 12:31,Saturday,weekend,12,midday,Langata,Dagoretti,-1.35501,36.742017,-1.30353,36.736951,5.75,Ngong Road,1.27,1,39.4,10.1,10.8,8.1,True,5.0,0.927,5,37,190,True,468,moderate,poor,True,5.0,1.0
B01580,P0066,C0394,technician,2025-03-23 11:25,Sunday,weekend,11,midday,Athi River,Embakasi,-1.457679,36.988129,-1.320358,36.911613,17.48,Mombasa Road,1.39,1,36.0,28.8,24.6,13.8,True,5.0,0.777,12,37,768,True,1320,poor,moderate,True,5.0,0.8773
B01581,P0023,C0079,plumber,2024-07-03 07:05,Wednesday,weekday,7,morning_rush,Runda,Ngong,-1.20871,36.820684,-1.357933,36.657991,24.54,Kiambu Road,3.05,7,16.4,92.6,83.0,8.8,True,3.8,0.977,7,10,539,True,894,good,poor,True,3.6,0.8262
B01582,P0079,C0488,cleaner,2025-02-09 17:06,Sunday,weekend,17,evening_rush,Kikuyu,Embakasi,-1.261245,36.651334,-1.320337,36.892245,27.58,Waiyaki Way,2.44,5,20.5,71.4,66.3,1.3,True,4.6,0.899,3,9,111,True,889,poor,moderate,True,4.9,0.9385
B01583,P0105,C0348,cleaner,2024-03-09 10:29,Saturday,weekend,10,mid_morning,Upper Hill,Lavington,-1.30826,36.804606,-1.286976,36.776968,3.88,Uhuru Highway,1.43,1,35.0,6.7,8.7,10.0,True,3.2,0.943,10,8,230,True,691,good,good,True,3.2,0.8988
B01584,P0044,C0031,plumber,2025-02-23 11:49,Sunday,weekend,11,midday,Eastleigh,Karen,-1.286651,36.848557,-1.330681,36.709457,16.22,Jogoo Road,1.13,0,44.2,28.5,26.7,2.1,True,4.5,0.889,17,28,646,True,806,poor,good,True,4.8,1.0
B01585,P0158,C0493,technician,2025-05-14 17:04,Wednesday,weekday,17,evening_rush,Kileleshwa,Parklands,-1.28297,36.766616,-1.254256,36.812647,6.03,Uhuru Highway,4.0,10,12.5,25.3,26.9,15.4,False,4.5,0.824,2,20,58,True,897,good,good,False,,0.2537
B01586,P0084,C0093,technician,2024-09-22 07:21,Sunday,weekend,7,morning_rush,Eastleigh,Ngong,-1.261233,36.851061,-1.347699,36.670253,22.28,Jogoo Road,2.17,4,23.0,53.2,56.0,4.4,True,4.9,0.823,15,26,705,True,758,poor,poor,False,,0.6612
B01587,P0007,C0366,plumber,2024-12-12 14:39,Thursday,weekday,14,early_afternoon,Industrial Area,South B,-1.295756,36.837346,-1.313924,36.812209,3.45,Mombasa Road,2.13,4,23.5,9.2,11.9,4.1,True,4.8,0.813,3,17,234,True,1096,poor,moderate,False,,0.6569
B01588,P0015,C0153,carpenter,2024-08-15 14:41,Thursday,weekday,14,early_afternoon,Spring Valley,Kikuyu,-1.252873,36.746484,-1.238478,36.67186,8.45,Waiyaki Way,1.95,3,25.6,18.5,22.4,4.6,True,5.0,0.944,19,30,1083,True,658,good,poor,True,5.0,0.9927
B01589,P0100,C0051,plumber,2024-03-12 15:13,Tuesday,weekday,15,early_afternoon,South C,Langata,-1.32936,36.803922,-1.349647,36.744124,7.02,Langata Road,1.89,3,26.5,15.7,15.8,3.4,True,4.0,0.88,19,21,399,True,1339,moderate,moderate,True,4.5,0.9255
B01590,P0082,C0073,cleaner,2025-05-16 11:08,Friday,weekday,11,midday,Eastleigh,Kitengela,-1.282442,36.857907,-1.464887,36.967541,23.67,Jogoo Road,1.71,2,29.2,55.5,68.6,13.3,True,4.6,0.888,3,15,129,False,690,poor,poor,True,3.7,0.8914
B01591,P0106,C0458,carpenter,2024-01-01 15:38,Monday,weekday,15,early_afternoon,Syokimau,Upper Hill,-1.36283,36.900425,-1.30933,36.811945,11.49,Mombasa Road,2.13,4,23.5,27.3,35.8,11.1,True,5.0,0.769,17,37,799,True,870,moderate,good,True,4.6,0.8366
B01592,P0083,C0133,carpenter,2024-08-11 09:47,Sunday,weekend,9,mid_morning,Roysambu,Ngong,-1.197099,36.88354,-1.348541,36.664443,29.61,Thika Road,1.44,1,34.7,41.4,37.7,5.1,True,4.6,0.861,3,33,213,False,529,moderate,poor,True,4.2,0.9678
B01593,P0097,C0483,carpenter,2024-08-26 14:28,Monday,weekday,14,early_afternoon,Hurlingham,Ruiru,-1.290422,36.794618,-1.152768,36.96224,24.11,Ngong Road,2.03,3,24.6,58.8,51.3,0.2,True,5.0,0.957,16,42,544,True,1011,good,poor,True,5.0,1.0
B01594,P0031,C0027,carpenter,2025-03-10 15:14,Monday,weekday,15,early_afternoon,Gigiri,Hurlingham,-1.208399,36.806357,-1.286438,36.801682,8.69,Forest Road,1.87,3,26.7,18.5,16.9,0.2,True,3.1,0.929,2,21,112,False,546,good,good,True,2.4,0.9332
B01595,P0052,C0123,cleaner,2024-04-25 15:35,Thursday,weekday,15,early_afternoon,Kitengela,Kikuyu,-1.47149,36.958108,-1.246299,36.666144,40.99,Mombasa Road,2.13,4,23.5,86.1,104.6,19.1,False,5.0,0.889,8,14,280,False,767,poor,poor,True,4.9,0.6799
B01596,P0193,C0306,cleaner,2025-01-04 13:23,Saturday,weekend,13,midday,Industrial Area,Eastleigh,-1.298218,36.849992,-1.281009,36.841057,2.16,Mombasa Road,1.39,1,36.0,4.2,4.1,2.1,True,4.1,0.77,6,25,144,True,807,poor,poor,True,4.7,0.9263
B01597,P0151,C0122,cleaner,2025-02-08 14:45,Saturday,weekend,14,early_afternoon,Dagoretti,Hurlingham,-1.302898,36.752931,-1.302561,36.799935,5.23,Uhuru Highway,1.35,1,37.0,7.9,7.7,8.1,True,4.8,0.747,8,12,480,False,887,poor,good,True,4.8,0.903
B01598,P0127,C0261,technician,2024-11-25 09:36,Monday,weekday,9,mid_morning,Lavington,Githurai,-1.28395,36.781169,-1.190074,36.898652,16.72,Uhuru Highway,2.25,4,22.2,38.0,38.5,0.5,True,4.0,0.82,19,24,969,True,1214,good,poor,False,,0.6408
B01599,P0193,C0259,cleaner,2024-06-11 07:08,Tuesday,weekday,7,morning_rush,Industrial Area,Kileleshwa,-1.298218,36.849992,-1.281774,36.782208,7.75,Mombasa Road,4.0,10,12.5,34.2,36.8,5.1,True,4.1,0.77,6,25,144,True,807,poor,good,False,,0.4425
B01600,P0099,C0487,plumber,2024-08-05 12:46,Monday,weekday,12,midday,Roysambu,Dagoretti,-1.221829,36.868602,-1.292475,36.736769,16.63,Thika Road,2.09,4,23.9,38.9,49.7,12.4,True,3.1,0.917,11,10,330,True,711,moderate,poor,True,2.7,0.808
B01601,P0030,C0138,technician,2025-03-01 09:23,Saturday,weekend,9,mid_morning,Dagoretti,CBD,-1.288754,36.734235,-1.289664,36.807738,8.17,Uhuru Highway,1.43,1,35.0,12.9,11.6,1.3,True,4.9,0.751,12,34,816,False,1451,poor,moderate,True,4.8,0.9603
B01602,P0016,C0163,cleaner,2025-03-16 17:51,Sunday,weekend,17,evening_rush,South B,Kitengela,-1.322475,36.817892,-1.485599,36.955497,23.73,Uhuru Highway,2.59,5,19.3,75.2,101.4,28.2,False,4.8,0.779,15,22,645,True,550,moderate,poor,True,4.7,0.5023
B01603,P0119,C0284,plumber,2024-05-30 08:30,Thursday,weekday,8,morning_rush,Parklands,Hurlingham,-1.278361,36.811882,-1.293287,36.807185,1.74,Forest Road,3.15,7,15.9,5.1,6.6,5.2,True,4.6,0.896,19,19,1026,True,1373,good,good,True,4.6,0.8477
B01604,P0105,C0034,cleaner,2025-05-16 08:37,Friday,weekday,8,morning_rush,Upper Hill,Kilimani,-1.30826,36.804606,-1.296233,36.78016,3.03,Uhuru Highway,3.58,9,14.0,12.7,16.8,6.9,True,3.2,0.943,10,8,230,True,691,good,good,True,3.1,0.7526
B01605,P0124,C0015,technician,2024-12-04 13:07,Wednesday,weekday,13,midday,CBD,Syokimau,-1.268836,36.820416,-1.369602,36.89257,13.78,Uhuru Highway,1.88,3,26.6,29.8,26.7,7.4,True,4.3,0.771,4,19,216,True,1178,moderate,moderate,True,4.5,0.8534
B01606,P0105,C0325,cleaner,2024-11-24 09:31,Sunday,weekend,9,mid_morning,Upper Hill,Roysambu,-1.30826,36.804606,-1.203947,36.870637,13.73,Uhuru Highway,1.43,1,35.0,21.7,25.3,14.3,True,3.2,0.943,10,8,230,True,691,good,moderate,True,3.6,0.8629
B01607,P0060,C0468,electrician,2025-03-08 08:06,Saturday,weekend,8,morning_rush,Gigiri,Gigiri,-1.235984,36.813546,-1.221544,36.805428,1.84,Forest Road,2.21,4,22.6,4.3,4.9,2.1,True,3.1,0.846,5,25,175,True,547,good,good,True,3.7,0.8487
B01608,P0005,C0138,technician,2024-04-24 11:35,Wednesday,weekday,11,midday,Kileleshwa,CBD,-1.285845,36.78543,-1.289664,36.807738,2.52,Uhuru Highway,1.88,3,26.6,5.2,6.4,10.4,True,3.9,0.885,4,43,156,True,616,good,moderate,True,4.3,0.8654
B01609,P0142,C0494,plumber,2025-06-15 16:09,Sunday,weekend,16,evening_rush,Kasarani,Lavington,-1.229622,36.886822,-1.272372,36.773177,13.5,Thika Road,2.64,5,18.9,47.0,51.7,4.7,True,3.3,0.792,9,10,360,True,1064,moderate,good,False,,0.5256
B01610,P0151,C0346,cleaner,2024-02-05 07:47,Monday,weekday,7,morning_rush,Dagoretti,Eastleigh,-1.302898,36.752931,-1.270576,36.847555,11.12,Uhuru Highway,3.58,9,14.0,43.9,46.6,8.4,True,4.8,0.747,8,12,480,False,887,poor,poor,True,5.0,0.7221
B01611,P0026,C0127,plumber,2024-06-07 07:25,Friday,weekday,7,morning_rush,Kasarani,Kileleshwa,-1.234607,36.913473,-1.272809,36.782145,15.2,Thika Road,4.0,10,12.5,70.9,70.9,2.8,True,4.6,0.959,10,6,750,True,1116,moderate,good,True,4.1,0.8312
B01612,P0196,C0285,technician,2025-03-29 15:24,Saturday,weekend,15,early_afternoon,Kasarani,Lavington,-1.219995,36.884155,-1.289235,36.776079,14.27,Thika Road,1.34,1,37.3,22.3,26.4,4.7,True,3.4,0.833,3,23,120,False,1053,moderate,good,True,4.0,0.9051
B01613,P0167,C0403,electrician,2025-01-28 18:34,Tuesday,weekday,18,evening_rush,Muthaiga,Embakasi,-1.239047,36.830687,-1.320097,36.901101,11.94,Forest Road,3.67,9,13.6,36.7,35.4,3.8,True,4.9,0.874,13,24,338,True,561,good,moderate,True,4.7,0.8217
B01614,P0033,C0156,carpenter,2024-06-23 08:37,Sunday,weekend,8,morning_rush,Muthaiga,Kileleshwa,-1.254259,36.833037,-1.272746,36.786855,5.53,Forest Road,2.21,4,22.6,13.9,17.2,4.7,True,4.2,0.88,4,10,112,True,622,good,good,True,4.0,0.899
B01615,P0146,C0209,electrician,2024-02-25 15:27,Sunday,weekend,15,early_afternoon,Embakasi,South C,-1.323622,36.89238,-1.309504,36.787181,11.8,Mombasa Road,1.43,1,35.0,18.1,17.9,1.9,True,5.0,0.807,14,19,476,True,630,moderate,moderate,True,4.8,0.9883
B01616,P0115,C0043,technician,2024-06-14 18:35,Friday,weekday,18,evening_rush,Ngong,Kileleshwa,-1.355618,36.6771,-1.267218,36.769721,14.23,Ngong Road,4.0,10,12.5,65.4,60.0,2.3,True,3.2,0.736,15,12,390,False,724,poor,good,False,,0.4038
B01617,P0163,C0257,technician,2025-02-22 10:35,Saturday,weekend,10,mid_morning,Karen,Githurai,-1.311594,36.705806,-1.190279,36.889396,24.46,Ngong Road,1.4,1,35.7,32.3,39.1,9.7,True,5.0,0.86,8,36,400,True,1660,good,poor,True,4.6,0.9522
B01618,P0053,C0401,electrician,2024-10-09 16:43,Wednesday,weekday,16,evening_rush,Syokimau,Westlands,-1.355438,36.894191,-1.252568,36.809874,14.79,Mombasa Road,4.0,10,12.5,82.6,92.2,16.7,False,4.6,0.768,3,32,108,True,841,moderate,good,True,4.4,0.4698
B01619,P0037,C0192,cleaner,2025-04-03 10:37,Thursday,weekday,10,mid_morning,Langata,Parklands,-1.35501,36.742017,-1.25749,36.816885,13.67,Ngong Road,2.08,4,24.0,35.2,44.3,9.7,True,5.0,0.927,5,37,190,True,468,moderate,good,True,4.4,0.9313
B01620,P0139,C0087,technician,2024-07-03 11:29,Wednesday,weekday,11,midday,Parklands,South C,-1.251758,36.82097,-1.316733,36.795152,7.77,Forest Road,1.7,2,29.4,17.9,19.9,15.7,False,4.2,0.905,10,14,480,True,1333,good,moderate,True,4.2,0.7107
B01621,P0063,C0276,cleaner,2024-03-18 15:49,Monday,weekday,15,early_afternoon,Roysambu,Kileleshwa,-1.223879,36.861046,-1.284677,36.791488,10.27,Thika Road,2.18,4,22.9,22.3,24.1,2.6,True,4.0,0.76,7,24,231,True,726,moderate,good,False,,0.5989
B01622,P0109,C0493,cleaner,2024-10-24 16:40,Thursday,weekday,16,evening_rush,Kileleshwa,Parklands,-1.273273,36.789956,-1.254256,36.812647,3.29,Uhuru Highway,4.0,10,12.5,14.8,17.4,3.8,True,3.7,0.918,19,42,1368,True,740,good,good,True,3.2,0.7573
B01623,P0143,C0232,technician,2025-03-15 16:50,Saturday,weekend,16,evening_rush,Spring Valley,Syokimau,-1.257355,36.737855,-1.374822,36.890039,21.37,Waiyaki Way,2.44,5,20.5,53.0,62.3,10.1,True,3.7,0.841,2,18,154,True,1473,good,moderate,False,,0.5411
B01624,P0011,C0001,plumber,2024-12-12 17:04,Thursday,weekday,17,evening_rush,Kitengela,Spring Valley,-1.461571,36.951166,-1.263491,36.756229,30.9,Mombasa Road,4.0,10,12.5,118.8,154.0,38.8,False,3.5,0.741,16,28,768,True,1242,poor,good,True,3.8,0.2172
B01625,P0119,C0493,plumber,2024-06-03 12:49,Monday,weekday,12,midday,Parklands,Parklands,-1.278361,36.811882,-1.254256,36.812647,2.68,Forest Road,1.7,2,29.4,4.3,3.9,3.4,True,4.6,0.896,19,19,1026,True,1373,good,good,True,4.6,0.9787
B01626,P0159,C0149,plumber,2024-11-26 14:21,Tuesday,weekday,14,early_afternoon,Eastleigh,Kileleshwa,-1.276563,36.8629,-1.281214,36.788179,8.32,Jogoo Road,1.94,3,25.8,20.2,22.3,2.2,True,4.0,0.737,17,35,884,True,1202,poor,good,True,3.9,0.86
B01627,P0168,C0498,carpenter,2024-09-12 16:55,Thursday,weekday,16,evening_rush,Spring Valley,South C,-1.272247,36.7353,-1.308792,36.787627,7.1,Waiyaki Way,3.77,9,13.3,42.5,45.9,3.6,True,3.6,0.97,19,32,1026,True,535,good,moderate,True,3.4,0.7984
B01628,P0043,C0001,electrician,2024-03-02 17:18,Saturday,weekend,17,evening_rush,Eastleigh,Spring Valley,-1.275323,36.859659,-1.263491,36.756229,11.57,Jogoo Road,2.38,5,21.0,30.2,36.6,7.7,True,4.8,0.787,8,34,480,True,1039,poor,good,True,5.0,0.8439
B01629,P0016,C0478,cleaner,2024-02-17 15:29,Saturday,weekend,15,early_afternoon,South B,Ruiru,-1.322475,36.817892,-1.156885,36.964677,24.6,Uhuru Highway,1.35,1,37.0,42.8,41.2,3.8,True,4.8,0.779,15,22,645,True,550,moderate,poor,True,5.0,0.9548
B01630,P0124,C0140,technician,2024-07-31 17:28,Wednesday,weekday,17,evening_rush,CBD,South B,-1.268836,36.820416,-1.311235,36.81256,4.79,Uhuru Highway,4.0,10,12.5,25.4,24.2,5.0,True,4.3,0.771,4,19,216,True,1178,moderate,moderate,True,4.1,0.7038
B01631,P0154,C0129,plumber,2024-02-15 16:54,Thursday,weekday,16,evening_rush,Kitengela,Eastleigh,-1.476899,36.960583,-1.271806,36.8525,25.78,Mombasa Road,4.0,10,12.5,128.4,171.6,47.7,False,3.6,0.867,14,11,952,True,712,poor,poor,True,3.1,0.211
B01632,P0175,C0195,plumber,2024-09-06 09:36,Friday,weekday,9,mid_morning,Githurai,Runda,-1.187395,36.89935,-1.202766,36.81347,9.7,Thika Road,2.31,4,21.6,23.4,24.0,5.6,True,5.0,0.725,19,21,969,True,1101,poor,good,True,5.0,0.846
B01633,P0090,C0432,plumber,2024-01-15 14:18,Monday,weekday,14,early_afternoon,Ngong,Langata,-1.348911,36.676954,-1.349647,36.743528,7.4,Ngong Road,2.03,3,24.6,16.5,19.4,3.0,True,4.3,0.888,19,32,475,True,536,poor,moderate,True,3.7,0.9366
B01634,P0162,C0109,plumber,2025-05-10 07:45,Saturday,weekend,7,morning_rush,Upper Hill,Westlands,-1.283701,36.803014,-1.261315,36.81939,3.08,Uhuru Highway,2.53,5,19.8,9.3,8.9,11.0,True,4.7,0.987,9,20,693,True,819,good,good,True,4.8,0.8994
B01635,P0150,C0431,cleaner,2024-06-29 15:52,Saturday,weekend,15,early_afternoon,Athi River,Syokimau,-1.468362,37.007079,-1.374091,36.902344,15.67,Mombasa Road,1.43,1,35.0,34.0,45.0,12.4,True,5.0,0.827,16,29,896,True,401,poor,moderate,True,4.3,0.9108
B01636,P0131,C0145,electrician,2024-10-14 08:46,Monday,weekday,8,morning_rush,CBD,Runda,-1.273399,36.831477,-1.199488,36.8155,8.41,Uhuru Highway,3.58,9,14.0,32.9,32.5,3.5,True,3.6,0.953,6,12,228,False,594,moderate,good,True,4.1,0.8059
B01637,P0012,C0083,electrician,2025-02-04 15:25,Tuesday,weekday,15,early_afternoon,Hurlingham,Westlands,-1.295566,36.800621,-1.271411,36.813938,3.07,Ngong Road,2.03,3,24.6,7.4,9.1,5.6,True,3.1,0.784,3,33,111,False,555,good,good,True,3.3,0.8029
B01638,P0190,C0274,technician,2024-11-29 11:22,Friday,weekday,11,midday,Ngong,Roysambu,-1.349406,36.65827,-1.219255,36.863417,27.01,Ngong Road,1.87,3,26.7,53.9,69.9,16.9,False,3.8,0.809,15,38,465,True,974,poor,moderate,False,,0.3691
B01639,P0145,C0036,technician,2024-09-08 11:38,Sunday,weekend,11,midday,Runda,Kasarani,-1.220009,36.806625,-1.226354,36.900079,10.41,Kiambu Road,1.08,0,46.3,11.5,14.4,6.0,True,4.8,0.874,5,22,330,True,1007,good,moderate,True,5.0,1.0
B01640,P0077,C0046,carpenter,2025-04-20 12:52,Sunday,weekend,12,midday,Kileleshwa,Spring Valley,-1.283737,36.770673,-1.267842,36.749703,2.93,Uhuru Highway,1.31,1,38.2,4.6,4.4,0.7,True,4.7,0.801,1,23,40,True,622,good,good,True,4.8,0.9899
B01641,P0102,C0358,plumber,2024-07-22 09:45,Monday,weekday,9,mid_morning,CBD,Embakasi,-1.28875,36.816036,-1.327547,36.912204,11.53,Uhuru Highway,2.25,4,22.2,31.7,38.1,7.2,True,4.6,0.858,14,44,294,False,585,moderate,moderate,True,5.0,0.884
B01642,P0032,C0426,cleaner,2024-06-21 08:14,Friday,weekday,8,morning_rush,Gigiri,Embakasi,-1.218323,36.820818,-1.312607,36.902451,13.87,Forest Road,3.15,7,15.9,52.2,58.9,11.5,True,4.8,0.979,15,10,690,False,551,good,moderate,True,4.5,0.8467
B01643,P0036,C0372,electrician,2025-02-17 08:05,Monday,weekday,8,morning_rush,Syokimau,Parklands,-1.369792,36.909296,-1.274029,36.811285,15.23,Mombasa Road,4.0,10,12.5,80.2,103.8,24.1,False,5.0,0.905,9,25,693,False,1058,moderate,good,True,4.7,0.4967
B01644,P0143,C0144,technician,2024-08-12 15:33,Monday,weekday,15,early_afternoon,Spring Valley,Ngong,-1.257355,36.737855,-1.356434,36.651013,14.65,Waiyaki Way,1.95,3,25.6,38.8,41.0,2.4,True,3.7,0.841,2,18,154,True,1473,good,poor,False,,0.6445
B01645,P0111,C0108,technician,2025-04-24 16:58,Thursday,weekday,16,evening_rush,Ngong,Karen,-1.371368,36.653568,-1.313554,36.707321,8.78,Ngong Road,4.0,10,12.5,48.9,58.2,10.7,True,3.7,0.776,3,23,129,True,1613,poor,good,False,,0.3788
B01646,P0157,C0259,cleaner,2024-11-20 14:19,Wednesday,weekday,14,early_afternoon,Roysambu,Kileleshwa,-1.213324,36.857954,-1.281774,36.782208,11.35,Thika Road,2.18,4,22.9,29.3,25.0,3.8,True,3.7,0.948,6,10,216,True,857,moderate,good,False,,0.6679
B01647,P0082,C0453,cleaner,2025-01-30 17:28,Thursday,weekday,17,evening_rush,Eastleigh,Westlands,-1.282442,36.857907,-1.254517,36.817783,5.43,Jogoo Road,3.57,9,14.0,28.3,24.2,0.2,True,4.6,0.888,3,15,129,False,690,poor,good,True,4.7,0.8517
B01648,P0175,C0485,plumber,2024-05-24 17:15,Friday,weekday,17,evening_rush,Githurai,Muthaiga,-1.187395,36.89935,-1.251257,36.835343,10.05,Thika Road,4.0,10,12.5,38.9,33.9,1.4,True,5.0,0.725,19,21,969,True,1101,poor,good,False,,0.4958
B01649,P0088,C0326,cleaner,2024-10-08 17:14,Tuesday,weekday,17,evening_rush,Athi River,Gigiri,-1.466229,36.98317,-1.21139,36.806664,34.47,Mombasa Road,4.0,10,12.5,168.9,215.1,47.0,False,4.4,0.919,18,5,1170,True,826,poor,good,True,3.8,0.2828
B01650,P0067,C0386,carpenter,2024-09-16 12:45,Monday,weekday,12,midday,Runda,Upper Hill,-1.203143,36.802115,-1.290912,36.819452,9.95,Kiambu Road,1.65,2,30.3,21.8,21.1,2.3,True,3.2,0.784,16,33,384,True,966,good,good,True,3.7,0.8658
B01651,P0182,C0232,electrician,2024-11-01 10:58,Friday,weekday,10,mid_morning,Athi River,Syokimau,-1.450424,36.986851,-1.374822,36.890039,13.66,Mombasa Road,2.25,4,22.2,33.6,29.6,0.7,True,4.0,0.826,17,35,442,True,676,poor,moderate,True,4.3,0.8922
B01652,P0070,C0126,carpenter,2024-10-11 07:04,Friday,weekday,7,morning_rush,Lavington,Kilimani,-1.28849,36.775223,-1.290382,36.769278,0.69,Uhuru Highway,3.58,9,14.0,3.5,3.8,2.6,True,4.0,0.784,12,38,936,True,1077,good,good,False,,0.4989
B01653,P0170,C0165,carpenter,2024-03-31 13:04,Sunday,weekend,13,midday,South B,Industrial Area,-1.325679,36.811506,-1.302578,36.851998,5.18,Uhuru Highway,1.31,1,38.2,9.1,9.0,1.8,True,4.1,0.823,13,22,572,True,736,moderate,poor,True,5.0,0.9617
B01654,P0088,C0108,cleaner,2025-02-05 09:45,Wednesday,weekday,9,mid_morning,Athi River,Karen,-1.466229,36.98317,-1.313554,36.707321,35.05,Mombasa Road,2.25,4,22.2,97.7,94.6,3.2,True,4.4,0.919,18,5,1170,True,826,poor,good,True,4.6,0.9378
B01655,P0118,C0492,cleaner,2024-05-10 08:41,Friday,weekday,8,morning_rush,Syokimau,Gigiri,-1.375522,36.898831,-1.226879,36.806903,19.43,Mombasa Road,4.0,10,12.5,88.3,75.2,2.6,True,4.0,0.883,12,22,552,True,781,moderate,good,True,3.8,0.7648
B01656,P0154,C0169,plumber,2024-03-09 17:23,Saturday,weekend,17,evening_rush,Kitengela,Langata,-1.476899,36.960583,-1.344115,36.750478,27.63,Mombasa Road,3.0,7,16.7,108.7,115.1,9.7,True,3.6,0.867,14,11,952,True,712,poor,moderate,True,4.5,0.7577
B01657,P0005,C0468,technician,2025-04-14 08:39,Monday,weekday,8,morning_rush,Kileleshwa,Gigiri,-1.285845,36.78543,-1.221544,36.805428,7.49,Uhuru Highway,3.58,9,14.0,32.5,40.1,8.1,True,3.9,0.885,4,43,156,True,616,good,good,False,,0.4986
B01658,P0178,C0069,electrician,2025-02-17 15:24,Monday,weekday,15,early_afternoon,Eastleigh,Embakasi,-1.282287,36.844486,-1.310843,36.889174,5.9,Jogoo Road,1.94,3,25.8,14.7,18.5,12.2,True,5.0,0.888,5,35,145,True,859,poor,moderate,True,5.0,0.9021
B01659,P0166,C0473,electrician,2025-01-07 11:38,Tuesday,weekday,11,midday,Upper Hill,Kitengela,-1.284545,36.821501,-1.468293,36.954207,25.2,Uhuru Highway,1.88,3,26.6,62.6,66.3,6.8,True,3.9,0.944,14,36,1022,True,745,good,poor,False,,0.6749
B01660,P0001,C0312,electrician,2024-04-02 08:51,Tuesday,weekday,8,morning_rush,Kileleshwa,Githurai,-1.265552,36.774614,-1.181304,36.890328,15.91,Uhuru Highway,3.58,9,14.0,62.8,79.5,19.4,False,4.8,0.788,7,10,182,True,1054,good,poor,False,,0.2509
B01661,P0122,C0003,plumber,2024-01-22 11:53,Monday,weekday,11,midday,Roysambu,Roysambu,-1.198937,36.868092,-1.209563,36.883337,2.07,Thika Road,2.09,4,23.9,5.3,6.3,2.1,True,4.1,0.848,1,24,34,True,504,moderate,moderate,True,4.2,0.9093
B01662,P0003,C0345,cleaner,2024-07-06 10:28,Saturday,weekend,10,mid_morning,Kilimani,Kileleshwa,-1.304266,36.787504,-1.263775,36.78636,4.5,Uhuru Highway,1.43,1,35.0,9.8,10.3,1.0,True,5.0,0.846,15,25,390,True,501,good,good,True,4.9,1.0
B01663,P0045,C0212,carpenter,2024-08-07 10:24,Wednesday,weekday,10,mid_morning,Dagoretti,Hurlingham,-1.293654,36.741826,-1.290805,36.800229,6.5,Uhuru Highway,2.25,4,22.2,14.9,16.2,5.0,True,4.7,0.781,19,17,1425,True,1141,poor,good,True,5.0,0.8688
B01664,P0143,C0459,technician,2025-03-17 08:00,Monday,weekday,8,morning_rush,Spring Valley,Ruiru,-1.257355,36.737855,-1.14882,36.965498,28.04,Waiyaki Way,3.46,8,14.5,103.9,130.4,31.1,False,3.7,0.841,2,18,154,True,1473,good,poor,True,3.4,0.3845
B01665,P0179,C0361,cleaner,2024-12-28 09:38,Saturday,weekend,9,mid_morning,Githurai,Ngong,-1.196084,36.901156,-1.36838,36.664565,32.54,Thika Road,1.44,1,34.7,68.2,88.8,21.2,False,5.0,0.821,13,18,702,True,815,poor,poor,True,4.6,0.6836
B01666,P0126,C0391,plumber,2025-03-24 15:03,Monday,weekday,15,early_afternoon,Syokimau,Roysambu,-1.384197,36.899152,-1.200742,36.873411,20.6,Mombasa Road,2.13,4,23.5,54.4,71.2,23.1,False,3.8,0.784,1,32,46,True,1101,moderate,moderate,False,,0.2841
B01667,P0101,C0276,cleaner,2024-04-24 16:05,Wednesday,weekday,16,evening_rush,South B,Kileleshwa,-1.316934,36.821923,-1.284677,36.791488,4.93,Uhuru Highway,4.0,10,12.5,23.1,25.3,6.3,True,4.8,0.773,5,33,180,True,405,moderate,good,True,4.8,0.719
B01668,P0021,C0404,technician,2024-08-26 15:06,Monday,weekday,15,early_afternoon,Kasarani,Runda,-1.234208,36.887013,-1.219774,36.811551,8.54,Thika Road,2.18,4,22.9,20.2,24.5,6.0,True,4.3,0.918,11,35,693,True,1319,moderate,good,True,4.0,0.9146
B01669,P0167,C0334,electrician,2024-09-03 16:39,Tuesday,weekday,16,evening_rush,Muthaiga,Ruiru,-1.239047,36.830687,-1.146137,36.94959,16.78,Forest Road,3.67,9,13.6,83.0,76.1,0.5,True,4.9,0.874,13,24,338,True,561,good,poor,True,5.0,0.8492
B01670,P0020,C0276,technician,2024-06-02 15:57,Sunday,weekend,15,early_afternoon,Runda,Kileleshwa,-1.220161,36.809549,-1.284677,36.791488,7.45,Kiambu Road,1.11,0,45.0,9.3,11.6,3.3,True,4.7,0.833,9,33,594,True,1224,good,good,True,4.9,1.0
B01671,P0008,C0457,electrician,2025-02-21 16:48,Friday,weekday,16,evening_rush,Kasarani,Ruiru,-1.209809,36.907631,-1.14259,36.955537,9.18,Thika Road,4.0,10,12.5,51.2,58.0,18.2,False,4.4,0.779,12,34,636,True,919,moderate,poor,True,4.1,0.4528
B01672,P0172,C0228,electrician,2024-02-17 15:19,Saturday,weekend,15,early_afternoon,Westlands,Kasarani,-1.259894,36.796652,-1.217424,36.906597,13.1,Waiyaki Way,1.28,1,39.1,20.4,26.1,15.3,False,5.0,0.841,14,27,1106,True,839,good,moderate,True,4.0,0.7556
B01673,P0173,C0064,electrician,2025-05-16 12:00,Friday,weekday,12,midday,Eastleigh,Upper Hill,-1.283129,36.849829,-1.300002,36.81996,3.81,Jogoo Road,1.71,2,29.2,8.3,7.6,0.1,True,4.4,0.726,7,35,427,True,946,poor,good,False,,0.6604
B01674,P0091,C0498,cleaner,2025-04-02 15:02,Wednesday,weekday,15,early_afternoon,Syokimau,South C,-1.368545,36.906893,-1.308792,36.787627,14.83,Mombasa Road,2.13,4,23.5,40.6,36.8,1.1,True,4.8,0.949,9,33,459,False,743,moderate,moderate,True,5.0,0.9999
B01675,P0097,C0424,carpenter,2025-04-17 08:06,Thursday,weekday,8,morning_rush,Hurlingham,Rongai,-1.290422,36.794618,-1.402637,36.755323,13.22,Ngong Road,3.71,9,13.5,50.2,55.0,5.6,True,5.0,0.957,16,42,544,True,1011,good,poor,True,4.9,0.85
B01676,P0154,C0184,plumber,2024-06-12 12:19,Wednesday,weekday,12,midday,Kitengela,Kitengela,-1.476899,36.960583,-1.464548,36.970259,1.74,Mombasa Road,2.13,4,23.5,4.6,4.6,10.9,True,3.6,0.867,14,11,952,True,712,poor,poor,True,3.3,0.8173
B01677,P0100,C0091,plumber,2024-08-26 17:47,Monday,weekday,17,evening_rush,South C,Dagoretti,-1.32936,36.803922,-1.300012,36.737259,8.1,Langata Road,3.58,9,14.0,42.5,36.8,7.2,True,4.0,0.88,19,21,399,True,1339,moderate,poor,True,4.2,0.7586
B01678,P0197,C0416,plumber,2024-07-24 15:16,Wednesday,weekday,15,early_afternoon,Githurai,Kilimani,-1.184159,36.908215,-1.286401,36.770543,19.07,Thika Road,2.18,4,22.9,44.2,53.2,11.3,True,3.9,0.731,13,8,650,True,1250,poor,good,True,4.0,0.7569
B01679,P0179,C0005,cleaner,2024-12-27 13:21,Friday,weekday,13,midday,Githurai,Karen,-1.196084,36.901156,-1.326896,36.715021,25.29,Thika Road,2.09,4,23.9,56.6,53.1,0.5,True,5.0,0.821,13,18,702,True,815,poor,good,True,5.0,0.9541
B01680,P0032,C0237,cleaner,2025-04-22 16:42,Tuesday,weekday,16,evening_rush,Gigiri,Industrial Area,-1.218323,36.820818,-1.314266,36.842845,10.95,Forest Road,3.67,9,13.6,49.0,61.3,13.9,True,4.8,0.979,15,10,690,False,551,good,poor,True,5.0,0.7851
B01681,P0095,C0480,plumber,2024-01-31 12:04,Wednesday,weekday,12,midday,Spring Valley,Gigiri,-1.277903,36.744602,-1.218447,36.802274,9.21,Waiyaki Way,1.88,3,26.6,21.4,19.2,2.2,True,3.9,0.847,12,33,672,True,967,good,good,True,4.4,0.9148
B01682,P0050,C0228,plumber,2024-11-10 16:12,Sunday,weekend,16,evening_rush,Muthaiga,Kasarani,-1.237436,36.842383,-1.217424,36.906597,7.48,Forest Road,2.22,4,22.5,19.4,22.0,11.2,True,3.2,0.803,16,6,1232,True,1107,good,moderate,True,2.9,0.7556
B01683,P0003,C0114,cleaner,2025-04-02 16:58,Wednesday,weekday,16,evening_rush,Kilimani,Muthaiga,-1.304266,36.787504,-1.238033,36.839566,9.37,Uhuru Highway,4.0,10,12.5,50.6,50.4,2.3,True,5.0,0.846,15,25,390,True,501,good,good,True,5.0,0.7988
B01684,P0191,C0011,plumber,2025-04-20 12:11,Sunday,weekend,12,midday,Athi River,Athi River,-1.458754,37.004152,-1.461377,36.999531,0.59,Mombasa Road,1.39,1,36.0,0.8,1.0,0.3,True,3.9,0.908,19,25,570,True,588,poor,poor,True,3.8,1.0
B01685,P0195,C0144,plumber,2024-12-14 16:54,Saturday,weekend,16,evening_rush,Kilimani,Ngong,-1.295888,36.78464,-1.356434,36.651013,16.31,Uhuru Highway,2.59,5,19.3,50.7,57.4,9.2,True,4.3,0.89,9,15,252,False,883,good,poor,True,3.9,0.8411
B01686,P0175,C0472,plumber,2024-04-03 11:32,Wednesday,weekday,11,midday,Githurai,Westlands,-1.187395,36.89935,-1.2588,36.813594,12.41,Thika Road,2.09,4,23.9,33.2,40.9,8.8,True,5.0,0.725,19,21,969,True,1101,poor,good,True,5.0,0.837
B01687,P0182,C0184,electrician,2024-10-22 15:06,Tuesday,weekday,15,early_afternoon,Athi River,Kitengela,-1.450424,36.986851,-1.464548,36.970259,2.42,Mombasa Road,2.13,4,23.5,6.5,6.6,7.6,True,4.0,0.826,17,35,442,True,676,poor,poor,False,,0.5943
B01688,P0050,C0047,plumber,2024-04-09 16:32,Tuesday,weekday,16,evening_rush,Muthaiga,South B,-1.237436,36.842383,-1.319876,36.813651,9.71,Forest Road,3.67,9,13.6,55.1,66.5,13.6,True,3.2,0.803,16,6,1232,True,1107,good,moderate,True,4.1,0.6196
B01689,P0158,C0321,technician,2024-11-05 14:14,Tuesday,weekday,14,early_afternoon,Kileleshwa,Parklands,-1.28297,36.766616,-1.259242,36.811447,5.64,Uhuru Highway,2.1,4,23.8,10.5,9.1,3.4,True,4.5,0.824,2,20,58,True,897,good,good,True,4.0,0.9057
B01690,P0078,C0414,plumber,2024-07-29 09:52,Monday,weekday,9,mid_morning,Spring Valley,Kitengela,-1.275279,36.740173,-1.463799,36.971686,33.19,Waiyaki Way,2.13,4,23.5,108.0,103.0,3.5,True,4.2,0.881,10,6,270,True,1363,good,poor,True,4.3,0.9159
B01691,P0184,C0114,plumber,2024-09-07 07:51,Saturday,weekend,7,morning_rush,Rongai,Muthaiga,-1.407716,36.7524,-1.238033,36.839566,21.21,Langata Road,2.3,4,21.7,54.9,72.0,20.5,False,4.7,0.748,2,5,54,False,1313,poor,good,True,4.5,0.5692
B01692,P0060,C0253,electrician,2024-10-13 13:12,Sunday,weekend,13,midday,Gigiri,Ruiru,-1.235984,36.813546,-1.145735,36.95448,18.61,Forest Road,1.04,0,48.1,26.5,29.0,4.8,True,3.1,0.846,5,25,175,True,547,good,poor,True,3.2,0.9198
B01693,P0093,C0019,plumber,2024-03-19 09:04,Tuesday,weekday,9,mid_morning,Roysambu,Muthaiga,-1.2179,36.876935,-1.255769,36.832287,6.51,Thika Road,2.31,4,21.6,16.9,14.9,7.1,True,4.5,0.819,3,37,177,True,646,moderate,good,True,4.3,0.8555
B01694,P0072,C0253,plumber,2024-08-15 13:39,Thursday,weekday,13,midday,Langata,Ruiru,-1.355719,36.761446,-1.145735,36.95448,31.71,Ngong Road,1.87,3,26.7,67.8,76.6,32.0,False,4.7,0.77,1,21,45,True,1300,moderate,poor,True,4.0,0.5187
B01695,P0181,C0362,carpenter,2024-01-31 08:08,Wednesday,weekday,8,morning_rush,Eastleigh,Westlands,-1.285983,36.842261,-1.272629,36.800067,4.92,Jogoo Road,3.43,8,14.6,18.6,18.7,9.1,True,4.1,0.796,2,32,106,True,664,poor,good,False,,0.4678
B01696,P0156,C0108,electrician,2025-05-28 18:09,Wednesday,weekday,18,evening_rush,Muthaiga,Karen,-1.236172,36.844282,-1.313554,36.707321,17.49,Forest Road,3.67,9,13.6,91.8,105.5,18.8,False,4.2,0.819,19,21,475,True,963,good,good,True,4.5,0.4842
B01697,P0002,C0101,technician,2025-03-27 14:11,Thursday,weekday,14,early_afternoon,Langata,Embakasi,-1.330429,36.75935,-1.320607,36.896146,15.25,Ngong Road,2.03,3,24.6,34.4,35.5,2.7,True,4.4,0.947,13,12,481,False,958,moderate,moderate,True,4.0,0.9736
B01698,P0164,C0203,technician,2024-03-20 14:27,Wednesday,weekday,14,early_afternoon,South C,Kilimani,-1.318632,36.781856,-1.292769,36.787728,2.95,Langata Road,1.89,3,26.5,7.3,7.7,3.2,True,4.3,0.755,5,23,280,True,984,moderate,good,True,3.8,0.8796
B01699,P0029,C0446,electrician,2024-02-28 07:49,Wednesday,weekday,7,morning_rush,Industrial Area,Muthaiga,-1.308364,36.858956,-1.248018,36.829241,7.48,Mombasa Road,4.0,10,12.5,37.0,32.3,3.9,True,5.0,0.886,16,32,1120,True,946,poor,good,False,,0.5555
B01700,P0072,C0292,plumber,2025-04-27 12:09,Sunday,weekend,12,midday,Langata,Embakasi,-1.355719,36.761446,-1.327653,36.895106,15.18,Ngong Road,1.27,1,39.4,21.6,24.9,12.3,True,4.7,0.77,1,21,45,True,1300,moderate,moderate,True,4.5,0.8809
B01701,P0129,C0253,technician,2025-03-09 16:41,Sunday,weekend,16,evening_rush,Kasarani,Ruiru,-1.212676,36.887025,-1.145735,36.95448,10.57,Thika Road,2.64,5,18.9,32.2,28.5,1.4,True,3.2,0.813,10,25,770,False,973,moderate,poor,True,3.0,0.8086
B01702,P0044,C0283,plumber,2024-04-29 13:48,Monday,weekday,13,midday,Eastleigh,Upper Hill,-1.286651,36.848557,-1.304441,36.823705,3.4,Jogoo Road,1.71,2,29.2,5.9,5.3,0.6,True,4.5,0.889,17,28,646,True,806,poor,good,True,4.0,0.9927
B01703,P0050,C0338,plumber,2025-02-09 11:49,Sunday,weekend,11,midday,Muthaiga,Gigiri,-1.237436,36.842383,-1.232066,36.811424,3.49,Forest Road,1.04,0,48.1,4.0,3.9,8.1,True,3.2,0.803,16,6,1232,True,1107,good,good,True,2.8,0.8758
B01704,P0190,C0290,technician,2024-12-03 10:40,Tuesday,weekday,10,mid_morning,Ngong,Kileleshwa,-1.349406,36.65827,-1.284739,36.773971,14.74,Ngong Road,2.08,4,24.0,36.9,35.8,6.4,True,3.8,0.809,15,38,465,True,974,poor,good,True,3.8,0.8398
B01705,P0173,C0350,electrician,2025-02-09 12:52,Sunday,weekend,12,midday,Eastleigh,Hurlingham,-1.283129,36.849829,-1.29414,36.789695,6.8,Jogoo Road,1.13,0,44.2,8.8,7.5,2.3,True,4.4,0.726,7,35,427,True,946,poor,good,False,,0.6884
B01706,P0155,C0290,plumber,2024-08-23 14:39,Friday,weekday,14,early_afternoon,Parklands,Kileleshwa,-1.259306,36.829537,-1.284739,36.773971,6.79,Forest Road,1.87,3,26.7,15.2,17.1,3.1,True,4.6,0.866,17,44,476,False,863,good,good,True,4.7,0.9526
B01707,P0045,C0034,carpenter,2025-01-02 15:25,Thursday,weekday,15,early_afternoon,Dagoretti,Kilimani,-1.293654,36.741826,-1.296233,36.78016,4.27,Uhuru Highway,2.1,4,23.8,10.6,10.4,2.1,True,4.7,0.781,19,17,1425,True,1141,poor,good,False,,0.655
B01708,P0151,C0066,cleaner,2024-12-19 17:36,Thursday,weekday,17,evening_rush,Dagoretti,Kitengela,-1.302898,36.752931,-1.483162,36.967236,31.13,Uhuru Highway,4.0,10,12.5,181.4,220.7,39.8,False,4.8,0.747,8,12,480,False,887,poor,poor,True,4.6,0.2768
B01709,P0191,C0034,plumber,2024-12-30 08:20,Monday,weekday,8,morning_rush,Athi River,Kilimani,-1.458754,37.004152,-1.296233,36.78016,30.77,Mombasa Road,4.0,10,12.5,153.6,204.5,62.0,False,3.9,0.908,19,25,570,True,588,poor,good,False,,0.0
B01710,P0033,C0133,carpenter,2025-06-01 13:42,Sunday,weekend,13,midday,Muthaiga,Ngong,-1.254259,36.833037,-1.348541,36.664443,21.47,Forest Road,1.04,0,48.1,26.6,24.7,7.0,True,4.2,0.88,4,10,112,True,622,good,poor,True,4.5,0.9735
B01711,P0146,C0439,electrician,2024-03-05 08:29,Tuesday,weekday,8,morning_rush,Embakasi,Langata,-1.323622,36.89238,-1.340754,36.748775,16.08,Mombasa Road,4.0,10,12.5,86.9,82.4,0.9,True,5.0,0.807,14,19,476,True,630,moderate,moderate,False,,0.541
B01712,P0059,C0452,cleaner,2025-01-19 17:12,Sunday,weekend,17,evening_rush,Ruiru,Syokimau,-1.15681,36.947432,-1.378699,36.900988,25.21,Thika Road,2.64,5,18.9,81.1,75.8,0.3,True,4.4,0.818,7,42,182,True,321,poor,moderate,True,5.0,0.8803
B01713,P0134,C0374,plumber,2024-09-19 07:08,Thursday,weekday,7,morning_rush,Syokimau,Kitengela,-1.356084,36.892391,-1.47928,36.953881,15.31,Mombasa Road,4.0,10,12.5,64.5,79.1,14.7,True,3.5,0.955,12,13,852,True,696,moderate,poor,True,3.9,0.675
B01714,P0071,C0099,cleaner,2024-02-25 16:16,Sunday,weekend,16,evening_rush,Syokimau,Dagoretti,-1.372822,36.900737,-1.288135,36.752045,19.02,Mombasa Road,3.0,7,16.7,64.6,82.9,20.7,False,4.0,0.902,4,35,212,False,755,moderate,poor,True,4.2,0.5535
B01715,P0174,C0012,cleaner,2024-04-09 17:17,Tuesday,weekday,17,evening_rush,Rongai,Dagoretti,-1.385961,36.747354,-1.284733,36.758086,11.32,Langata Road,3.58,9,14.0,54.3,50.6,7.7,True,3.9,0.87,15,26,705,True,624,poor,poor,False,,0.4944
B01716,P0178,C0348,electrician,2025-03-16 15:27,Sunday,weekend,15,early_afternoon,Eastleigh,Lavington,-1.282287,36.844486,-1.286976,36.776968,7.52,Jogoo Road,1.18,1,42.4,9.0,8.0,1.1,True,5.0,0.888,5,35,145,True,859,poor,good,True,5.0,1.0
B01717,P0137,C0315,technician,2024-08-06 09:30,Tuesday,weekday,9,mid_morning,South C,Syokimau,-1.326641,36.801857,-1.36411,36.905057,12.21,Langata Road,2.03,3,24.6,35.3,31.4,1.8,True,4.4,0.817,7,12,462,True,794,moderate,moderate,False,,0.6661
B01718,P0065,C0349,electrician,2024-02-29 16:40,Thursday,weekday,16,evening_rush,Kasarani,Runda,-1.210236,36.897134,-1.211469,36.810779,9.6,Thika Road,4.0,10,12.5,55.1,65.3,11.8,True,5.0,0.784,10,40,200,True,1272,moderate,good,True,4.9,0.6887
B01719,P0144,C0453,technician,2024-05-13 10:17,Monday,weekday,10,mid_morning,Upper Hill,Westlands,-1.311202,36.814634,-1.254517,36.817783,6.31,Uhuru Highway,2.25,4,22.2,15.2,15.7,2.3,True,4.2,0.845,7,15,301,False,1260,good,good,True,3.9,0.8983
B01720,P0117,C0002,technician,2024-11-18 15:17,Monday,weekday,15,early_afternoon,Dagoretti,Muthaiga,-1.304001,36.758584,-1.253692,36.843731,11.0,Uhuru Highway,2.1,4,23.8,24.1,21.7,3.0,True,4.0,0.833,6,23,468,False,860,poor,good,True,3.8,0.8885
B01721,P0110,C0329,electrician,2024-02-02 08:57,Friday,weekday,8,morning_rush,Kasarani,Athi River,-1.213002,36.900337,-1.452349,36.993493,28.56,Thika Road,4.0,10,12.5,120.8,119.3,0.2,True,3.4,0.852,14,29,1050,True,1119,moderate,poor,True,3.3,0.7393
B01722,P0173,C0483,electrician,2025-05-14 16:27,Wednesday,weekday,16,evening_rush,Eastleigh,Ruiru,-1.283129,36.849829,-1.152768,36.96224,19.14,Jogoo Road,3.57,9,14.0,81.5,92.3,13.8,True,4.4,0.726,7,35,427,True,946,poor,poor,False,,0.3974
B01723,P0167,C0027,electrician,2025-01-03 14:33,Friday,weekday,14,early_afternoon,Muthaiga,Hurlingham,-1.239047,36.830687,-1.286438,36.801682,6.18,Forest Road,1.87,3,26.7,13.7,15.5,2.8,True,4.9,0.874,13,24,338,True,561,good,good,True,4.7,0.9741
B01724,P0083,C0222,carpenter,2024-04-20 09:58,Saturday,weekend,9,mid_morning,Roysambu,Eastleigh,-1.197099,36.88354,-1.278782,36.846129,9.99,Thika Road,1.44,1,34.7,13.8,14.7,4.6,True,4.6,0.861,3,33,213,False,529,moderate,poor,True,4.5,0.972
B01725,P0105,C0141,cleaner,2024-10-06 09:42,Sunday,weekend,9,mid_morning,Upper Hill,Langata,-1.30826,36.804606,-1.334182,36.745251,7.2,Uhuru Highway,1.43,1,35.0,12.9,15.7,3.1,True,3.2,0.943,10,8,230,True,691,good,moderate,True,3.2,0.9563
B01726,P0032,C0349,cleaner,2024-11-08 10:58,Friday,weekday,10,mid_morning,Gigiri,Runda,-1.218323,36.820818,-1.211469,36.810779,1.35,Forest Road,1.91,3,26.2,2.9,3.6,3.6,True,4.8,0.979,15,10,690,False,551,good,good,True,4.8,1.0
B01727,P0133,C0239,plumber,2024-12-27 14:14,Friday,weekday,14,early_afternoon,Industrial Area,Gigiri,-1.310118,36.864521,-1.229601,36.812205,10.68,Mombasa Road,2.13,4,23.5,29.2,33.2,6.1,True,3.7,0.792,9,9,423,False,1151,poor,good,False,,0.5748
B01728,P0127,C0186,technician,2025-04-29 16:29,Tuesday,weekday,16,evening_rush,Lavington,Runda,-1.28395,36.781169,-1.21216,36.809049,8.56,Uhuru Highway,4.0,10,12.5,36.2,36.7,6.8,True,4.0,0.82,19,24,969,True,1214,good,good,True,4.3,0.6983
B01729,P0133,C0389,plumber,2024-01-30 07:13,Tuesday,weekday,7,morning_rush,Industrial Area,Embakasi,-1.310118,36.864521,-1.327758,36.891481,3.58,Mombasa Road,4.0,10,12.5,21.0,20.7,1.5,True,3.7,0.792,9,9,423,False,1151,poor,moderate,True,3.9,0.7135
B01730,P0012,C0453,electrician,2024-07-09 08:40,Tuesday,weekday,8,morning_rush,Hurlingham,Westlands,-1.295566,36.800621,-1.254517,36.817783,4.95,Ngong Road,3.71,9,13.5,19.3,18.5,3.6,True,3.1,0.784,3,33,111,False,555,good,good,False,,0.4352
B01731,P0185,C0115,electrician,2024-11-09 12:15,Saturday,weekend,12,midday,Githurai,Dagoretti,-1.195468,36.886679,-1.294094,36.748499,18.87,Thika Road,1.35,1,37.0,34.3,38.6,5.6,True,4.1,0.814,3,27,189,True,800,poor,poor,True,3.6,0.9223
B01732,P0013,C0143,electrician,2024-05-18 10:47,Saturday,weekend,10,mid_morning,Kitengela,Kilimani,-1.481718,36.963337,-1.290846,36.773182,29.95,Mombasa Road,1.59,2,31.4,55.7,55.5,0.7,True,3.9,0.889,8,40,512,True,1036,poor,good,False,,0.7215
B01733,P0108,C0273,cleaner,2025-06-02 14:15,Monday,weekday,14,early_afternoon,Ruiru,Athi River,-1.133647,36.975468,-1.466518,37.004193,37.15,Thika Road,2.18,4,22.9,99.6,96.6,0.4,True,4.8,0.739,4,44,244,True,407,poor,poor,False,,0.6468
B01734,P0115,C0162,technician,2024-10-27 08:03,Sunday,weekend,8,morning_rush,Ngong,Kikuyu,-1.355618,36.6771,-1.2376,36.657045,13.31,Ngong Road,2.34,4,21.4,32.1,40.0,15.8,False,3.2,0.736,15,12,390,False,724,poor,poor,False,,0.2741
B01735,P0002,C0201,technician,2025-05-25 08:48,Sunday,weekend,8,morning_rush,Langata,Upper Hill,-1.330429,36.75935,-1.295557,36.813935,7.2,Ngong Road,2.34,4,21.4,16.9,17.2,0.5,True,4.4,0.947,13,12,481,False,958,moderate,good,True,4.8,0.9671
B01736,P0050,C0172,plumber,2024-08-19 13:13,Monday,weekday,13,midday,Muthaiga,Dagoretti,-1.237436,36.842383,-1.299429,36.735693,13.72,Forest Road,1.7,2,29.4,28.5,29.9,3.5,True,3.2,0.803,16,6,1232,True,1107,good,poor,True,3.3,0.8613
B01737,P0021,C0451,technician,2024-01-09 15:14,Tuesday,weekday,15,early_afternoon,Kasarani,Syokimau,-1.234208,36.887013,-1.374186,36.904116,15.68,Thika Road,2.18,4,22.9,44.3,58.2,18.5,False,4.3,0.918,11,35,693,True,1319,moderate,moderate,True,4.1,0.6604
B01738,P0147,C0414,technician,2025-03-03 11:06,Monday,weekday,11,midday,Roysambu,Kitengela,-1.198042,36.880644,-1.463799,36.971686,31.24,Thika Road,2.09,4,23.9,69.8,80.8,13.9,True,5.0,0.932,15,30,855,False,1336,moderate,poor,True,5.0,0.898
B01739,P0007,C0378,plumber,2024-09-29 10:24,Sunday,weekend,10,mid_morning,Industrial Area,Githurai,-1.295756,36.837346,-1.177054,36.9103,15.49,Mombasa Road,1.59,2,31.4,35.7,39.6,7.3,True,4.8,0.813,3,17,234,True,1096,poor,poor,True,4.9,0.9235
B01740,P0058,C0354,electrician,2025-05-04 11:32,Sunday,weekend,11,midday,Muthaiga,CBD,-1.257845,36.837065,-1.272645,36.815443,2.91,Forest Road,1.04,0,48.1,3.6,3.5,4.6,True,4.5,0.922,15,44,1140,True,755,good,moderate,True,4.1,1.0
B01741,P0109,C0491,cleaner,2024-12-22 11:51,Sunday,weekend,11,midday,Kileleshwa,Upper Hill,-1.273273,36.789956,-1.297242,36.824461,4.67,Uhuru Highway,1.31,1,38.2,6.9,7.7,5.3,True,3.7,0.918,19,42,1368,True,740,good,good,False,,0.71
B01742,P0020,C0470,technician,2024-09-10 16:15,Tuesday,weekday,16,evening_rush,Runda,Karen,-1.220161,36.809549,-1.309329,36.712243,14.67,Kiambu Road,3.27,8,15.3,58.2,50.7,0.3,True,4.7,0.833,9,33,594,True,1224,good,good,False,,0.6024
B01743,P0064,C0101,electrician,2024-02-01 09:32,Thursday,weekday,9,mid_morning,Parklands,Embakasi,-1.263494,36.832383,-1.320607,36.896146,9.52,Forest Road,1.91,3,26.2,20.4,26.4,7.1,True,3.7,0.803,18,6,1224,True,1206,good,moderate,True,3.8,0.8395
B01744,P0043,C0169,electrician,2024-08-04 16:25,Sunday,weekend,16,evening_rush,Eastleigh,Langata,-1.275323,36.859659,-1.344115,36.750478,14.35,Jogoo Road,2.38,5,21.0,44.7,40.2,2.6,True,4.8,0.787,8,34,480,True,1039,poor,moderate,True,4.8,0.8864
B01745,P0080,C0033,cleaner,2024-02-29 08:32,Thursday,weekday,8,morning_rush,Embakasi,Roysambu,-1.329891,36.910858,-1.215812,36.88135,13.1,Mombasa Road,4.0,10,12.5,72.0,83.1,13.1,True,3.8,0.88,6,38,408,True,612,moderate,moderate,True,3.2,0.6658
B01746,P0161,C0321,cleaner,2025-03-21 07:14,Friday,weekday,7,morning_rush,Dagoretti,Parklands,-1.301444,36.756457,-1.259242,36.811447,7.71,Uhuru Highway,3.58,9,14.0,34.6,34.6,5.8,True,4.0,0.762,12,41,924,True,473,poor,good,True,3.9,0.7113
B01747,P0025,C0015,cleaner,2025-04-28 11:41,Monday,weekday,11,midday,Langata,Syokimau,-1.346931,36.741658,-1.369602,36.89257,16.96,Ngong Road,1.87,3,26.7,44.4,59.0,15.7,False,4.2,0.845,3,5,156,True,558,moderate,moderate,True,3.8,0.6671
B01748,P0123,C0222,technician,2024-03-25 16:24,Monday,weekday,16,evening_rush,South C,Eastleigh,-1.304593,36.805869,-1.278782,36.846129,5.32,Langata Road,3.58,9,14.0,24.6,22.3,3.1,True,4.0,0.913,17,10,901,False,888,moderate,poor,False,,0.5593
B01749,P0007,C0304,plumber,2025-05-16 14:51,Friday,weekday,14,early_afternoon,Industrial Area,Githurai,-1.295756,36.837346,-1.178198,36.903027,14.97,Mombasa Road,2.13,4,23.5,45.4,44.7,7.2,True,4.8,0.813,3,17,234,True,1096,poor,poor,True,4.4,0.8811
B01750,P0161,C0479,cleaner,2025-06-23 15:35,Monday,weekday,15,early_afternoon,Dagoretti,CBD,-1.301444,36.756457,-1.281689,36.817117,7.09,Uhuru Highway,2.1,4,23.8,20.7,22.0,1.9,True,4.0,0.762,12,41,924,True,473,poor,moderate,True,3.7,0.8622
B01751,P0086,C0431,electrician,2024-02-17 12:02,Saturday,weekend,12,midday,Rongai,Syokimau,-1.399737,36.737186,-1.374091,36.902344,18.58,Langata Road,1.16,1,43.1,26.3,26.1,5.0,True,4.3,0.749,12,26,612,True,1339,poor,moderate,True,4.0,0.92
B01752,P0065,C0127,electrician,2025-03-06 17:52,Thursday,weekday,17,evening_rush,Kasarani,Kileleshwa,-1.210236,36.897134,-1.272809,36.782145,14.55,Thika Road,4.0,10,12.5,66.2,73.5,7.5,True,5.0,0.784,10,40,200,True,1272,moderate,good,True,4.6,0.7245
B01753,P0028,C0243,technician,2025-02-22 11:27,Saturday,weekend,11,midday,Hurlingham,Eastleigh,-1.287818,36.781917,-1.271758,36.848079,7.57,Ngong Road,1.27,1,39.4,10.8,12.1,3.5,True,3.2,0.791,6,37,354,False,1755,good,poor,False,,0.6397
B01754,P0062,C0491,electrician,2024-10-01 13:57,Tuesday,weekday,13,midday,Runda,Upper Hill,-1.210904,36.813098,-1.297242,36.824461,9.68,Kiambu Road,1.65,2,30.3,15.4,18.6,7.0,True,4.1,0.957,10,36,530,True,1029,good,good,True,4.4,0.9582
B01755,P0088,C0427,cleaner,2024-07-10 14:58,Wednesday,weekday,14,early_afternoon,Athi River,Langata,-1.466229,36.98317,-1.347775,36.736389,30.43,Mombasa Road,2.13,4,23.5,75.7,97.1,24.4,False,4.4,0.919,18,5,1170,True,826,poor,moderate,False,,0.3708
B01756,P0014,C0421,electrician,2025-01-02 17:36,Thursday,weekday,17,evening_rush,Embakasi,Kileleshwa,-1.309393,36.91238,-1.280201,36.768729,16.3,Mombasa Road,4.0,10,12.5,82.4,95.2,26.1,False,3.4,0.925,19,9,836,True,551,moderate,good,True,3.8,0.41
B01757,P0086,C0267,electrician,2024-02-02 15:47,Friday,weekday,15,early_afternoon,Rongai,Rongai,-1.399737,36.737186,-1.388463,36.736469,1.26,Langata Road,1.89,3,26.5,2.4,2.1,0.4,True,4.3,0.749,12,26,612,True,1339,poor,poor,True,4.4,0.9
B01758,P0061,C0484,technician,2024-10-10 15:29,Thursday,weekday,15,early_afternoon,Hurlingham,Hurlingham,-1.313263,36.795445,-1.297799,36.804038,1.97,Ngong Road,2.03,3,24.6,5.0,6.8,1.9,True,3.8,0.867,9,11,288,False,1097,good,good,True,4.3,0.9103
B01759,P0019,C0398,plumber,2024-10-01 08:10,Tuesday,weekday,8,morning_rush,Rongai,Langata,-1.389773,36.75041,-1.340493,36.737323,5.67,Langata Road,3.3,8,15.2,17.3,15.6,1.3,True,4.5,0.728,3,34,171,True,1342,poor,moderate,True,4.0,0.7792
B01760,P0154,C0318,plumber,2024-04-25 10:30,Thursday,weekday,10,mid_morning,Kitengela,Muthaiga,-1.476899,36.960583,-1.242584,36.834582,29.58,Mombasa Road,2.25,4,22.2,77.8,86.9,9.1,True,3.6,0.867,14,11,952,True,712,poor,good,True,4.6,0.8227
B01761,P0113,C0392,carpenter,2024-03-15 14:45,Friday,weekday,14,early_afternoon,Eastleigh,Rongai,-1.285759,36.862408,-1.403602,36.738356,19.02,Jogoo Road,1.94,3,25.8,41.4,42.4,2.9,True,4.9,0.731,9,21,279,True,540,poor,poor,True,4.8,0.8961
B01762,P0025,C0321,cleaner,2024-01-19 09:47,Friday,weekday,9,mid_morning,Langata,Parklands,-1.346931,36.741658,-1.259242,36.811447,12.46,Ngong Road,2.08,4,24.0,32.3,36.4,7.6,True,4.2,0.845,3,5,156,True,558,moderate,good,True,4.3,0.8678
B01763,P0115,C0297,technician,2025-01-03 09:15,Friday,weekday,9,mid_morning,Ngong,Ngong,-1.355618,36.6771,-1.362449,36.672136,0.94,Ngong Road,2.08,4,24.0,2.3,2.4,3.1,True,3.2,0.736,15,12,390,False,724,poor,poor,False,,0.5508
B01764,P0032,C0044,cleaner,2024-10-31 14:15,Thursday,weekday,14,early_afternoon,Gigiri,Eastleigh,-1.218323,36.820818,-1.280595,36.85551,7.93,Forest Road,1.87,3,26.7,15.3,14.6,0.7,True,4.8,0.979,15,10,690,False,551,good,poor,True,4.7,1.0
B01765,P0016,C0470,cleaner,2025-02-09 11:17,Sunday,weekend,11,midday,South B,Karen,-1.322475,36.817892,-1.309329,36.712243,11.84,Uhuru Highway,1.31,1,38.2,14.0,12.2,0.9,True,4.8,0.779,15,22,645,True,550,moderate,good,True,4.5,0.9822
B01766,P0009,C0194,technician,2024-06-11 14:33,Tuesday,weekday,14,early_afternoon,Westlands,CBD,-1.26042,36.818632,-1.274988,36.829034,1.99,Waiyaki Way,1.95,3,25.6,4.7,6.1,3.7,True,4.9,0.954,9,9,531,False,879,good,moderate,True,5.0,1.0
B01767,P0081,C0456,plumber,2024-10-10 10:01,Thursday,weekday,10,mid_morning,Upper Hill,Lavington,-1.307096,36.828446,-1.285209,36.767636,7.18,Uhuru Highway,2.25,4,22.2,19.0,16.5,1.9,True,4.8,0.858,8,38,440,True,599,good,good,True,4.8,0.9382
B01768,P0178,C0034,electrician,2024-08-20 16:08,Tuesday,weekday,16,evening_rush,Eastleigh,Kilimani,-1.282287,36.844486,-1.296233,36.78016,7.32,Jogoo Road,3.57,9,14.0,31.3,38.9,9.7,True,5.0,0.888,5,35,145,True,859,poor,good,False,,0.5426
B01769,P0033,C0032,carpenter,2024-03-18 14:12,Monday,weekday,14,early_afternoon,Muthaiga,CBD,-1.254259,36.833037,-1.285874,36.815402,4.03,Forest Road,1.87,3,26.7,11.1,11.2,0.5,True,4.2,0.88,4,10,112,True,622,good,moderate,True,3.3,0.9612
B01770,P0114,C0029,cleaner,2025-02-13 15:51,Thursday,weekday,15,early_afternoon,Githurai,Gigiri,-1.17431,36.888295,-1.215619,36.810058,9.84,Thika Road,2.18,4,22.9,24.9,33.2,10.7,True,3.8,0.766,7,19,357,True,551,poor,good,True,3.7,0.7744
B01771,P0078,C0313,plumber,2025-01-02 09:24,Thursday,weekday,9,mid_morning,Spring Valley,Ngong,-1.275279,36.740173,-1.35424,36.652858,13.09,Waiyaki Way,2.13,4,23.5,38.2,51.2,13.6,True,4.2,0.881,10,6,270,True,1363,good,poor,True,4.1,0.8318
B01772,P0161,C0222,cleaner,2025-03-07 08:50,Friday,weekday,8,morning_rush,Dagoretti,Eastleigh,-1.301444,36.756457,-1.278782,36.846129,10.28,Uhuru Highway,3.58,9,14.0,45.3,42.3,0.2,True,4.0,0.762,12,41,924,True,473,poor,poor,True,3.9,0.7579
B01773,P0017,C0053,carpenter,2024-12-07 15:49,Saturday,weekend,15,early_afternoon,Parklands,Rongai,-1.265137,36.832357,-1.404721,36.752527,17.88,Forest Road,1.16,1,43.1,24.4,25.7,1.3,True,3.8,0.979,7,16,238,True,1016,good,poor,True,3.8,1.0
B01774,P0174,C0029,cleaner,2025-01-30 10:57,Thursday,weekday,10,mid_morning,Rongai,Gigiri,-1.385961,36.747354,-1.215619,36.810058,20.18,Langata Road,2.03,3,24.6,42.2,41.3,3.9,True,3.9,0.87,15,26,705,True,624,poor,good,False,,0.6501
B01775,P0144,C0027,technician,2025-05-26 09:40,Monday,weekday,9,mid_morning,Upper Hill,Hurlingham,-1.311202,36.814634,-1.286438,36.801682,3.11,Uhuru Highway,2.25,4,22.2,8.1,10.5,4.1,True,4.2,0.845,7,15,301,False,1260,good,good,True,4.2,0.8833
B01776,P0076,C0436,plumber,2024-08-24 14:06,Saturday,weekend,14,early_afternoon,Syokimau,Runda,-1.380514,36.905837,-1.222057,36.81757,20.17,Mombasa Road,1.43,1,35.0,33.1,43.6,13.9,True,4.4,0.791,8,23,400,False,839,moderate,good,True,4.4,0.8503
B01777,P0098,C0206,technician,2024-03-03 08:22,Sunday,weekend,8,morning_rush,Karen,Parklands,-1.310218,36.721517,-1.26046,36.815631,11.84,Ngong Road,2.34,4,21.4,37.4,37.6,0.2,True,3.8,0.834,9,16,522,True,1091,good,good,True,3.9,0.8831
B01778,P0025,C0317,cleaner,2024-11-21 12:38,Thursday,weekday,12,midday,Langata,Kileleshwa,-1.346931,36.741658,-1.278972,36.773732,8.36,Ngong Road,1.87,3,26.7,23.1,23.1,0.3,True,4.2,0.845,3,5,156,True,558,moderate,good,True,3.2,0.9454
B01779,P0193,C0211,cleaner,2025-01-19 14:03,Sunday,weekend,14,early_afternoon,Industrial Area,Karen,-1.298218,36.849992,-1.31517,36.711486,15.51,Mombasa Road,1.43,1,35.0,25.4,32.5,8.1,True,4.1,0.77,6,25,144,True,807,poor,good,True,4.4,0.8731
B01780,P0060,C0443,electrician,2025-04-09 10:30,Wednesday,weekday,10,mid_morning,Gigiri,Parklands,-1.235984,36.813546,-1.275556,36.826507,4.63,Forest Road,1.91,3,26.2,9.2,12.3,3.6,True,3.1,0.846,5,25,175,True,547,good,good,True,3.0,0.8602
B01781,P0154,C0404,plumber,2024-12-23 15:56,Monday,weekday,15,early_afternoon,Kitengela,Runda,-1.476899,36.960583,-1.219774,36.811551,33.04,Mombasa Road,2.13,4,23.5,76.5,78.2,7.9,True,3.6,0.867,14,11,952,True,712,poor,good,False,,0.5923
B01782,P0169,C0320,cleaner,2025-03-28 12:37,Friday,weekday,12,midday,CBD,Upper Hill,-1.279373,36.828665,-1.289668,36.817658,1.68,Uhuru Highway,1.88,3,26.6,3.7,4.5,4.1,True,5.0,0.778,8,26,192,True,648,moderate,good,False,,0.6694
B01783,P0003,C0233,cleaner,2024-10-26 09:21,Saturday,weekend,9,mid_morning,Kilimani,Kilimani,-1.304266,36.787504,-1.293414,36.784308,1.26,Uhuru Highway,1.43,1,35.0,2.3,2.6,1.7,True,5.0,0.846,15,25,390,True,501,good,good,False,,0.7594
B01784,P0099,C0238,plumber,2024-10-14 15:07,Monday,weekday,15,early_afternoon,Roysambu,Ngong,-1.221829,36.868602,-1.36592,36.665507,27.68,Thika Road,2.18,4,22.9,73.7,80.0,8.1,True,3.1,0.917,11,10,330,True,711,moderate,poor,True,3.7,0.8366
B01785,P0110,C0451,electrician,2024-09-25 15:45,Wednesday,weekday,15,early_afternoon,Kasarani,Syokimau,-1.213002,36.900337,-1.374186,36.904116,17.93,Thika Road,2.18,4,22.9,43.2,58.2,16.2,False,3.4,0.852,14,29,1050,True,1119,moderate,moderate,True,3.2,0.6016
B01786,P0159,C0318,plumber,2024-05-26 10:25,Sunday,weekend,10,mid_morning,Eastleigh,Muthaiga,-1.276563,36.8629,-1.242584,36.834582,4.92,Jogoo Road,1.28,1,39.1,8.6,9.4,6.7,True,4.0,0.737,17,35,884,True,1202,poor,good,True,4.0,0.8753
B01787,P0026,C0174,plumber,2024-01-04 14:47,Thursday,weekday,14,early_afternoon,Kasarani,Westlands,-1.234607,36.913473,-1.265943,36.814024,11.59,Thika Road,2.18,4,22.9,34.0,43.3,9.9,True,4.6,0.959,10,6,750,True,1116,moderate,good,True,4.4,0.9176
B01788,P0167,C0481,electrician,2024-03-05 11:32,Tuesday,weekday,11,midday,Muthaiga,South C,-1.239047,36.830687,-1.313526,36.806911,8.69,Forest Road,1.7,2,29.4,16.9,18.6,2.5,True,4.9,0.874,13,24,338,True,561,good,moderate,True,5.0,0.9902
B01789,P0173,C0401,electrician,2024-01-11 18:19,Thursday,weekday,18,evening_rush,Eastleigh,Westlands,-1.283129,36.849829,-1.252568,36.809874,5.59,Jogoo Road,3.57,9,14.0,25.7,32.0,11.4,True,4.4,0.726,7,35,427,True,946,poor,good,True,4.1,0.6674
B01790,P0007,C0233,plumber,2024-06-28 09:53,Friday,weekday,9,mid_morning,Industrial Area,Kilimani,-1.295756,36.837346,-1.293414,36.784308,5.9,Mombasa Road,2.25,4,22.2,17.5,15.2,1.6,True,4.8,0.813,3,17,234,True,1096,poor,good,False,,0.6682
B01791,P0133,C0169,plumber,2024-07-29 17:36,Monday,weekday,17,evening_rush,Industrial Area,Langata,-1.310118,36.864521,-1.344115,36.750478,13.23,Mombasa Road,4.0,10,12.5,55.3,58.9,9.0,True,3.7,0.792,9,9,423,False,1151,poor,moderate,True,3.3,0.651
B01792,P0151,C0099,cleaner,2025-01-22 16:04,Wednesday,weekday,16,evening_rush,Dagoretti,Dagoretti,-1.302898,36.752931,-1.288135,36.752045,1.64,Uhuru Highway,4.0,10,12.5,7.3,7.0,0.4,True,4.8,0.747,8,12,480,False,887,poor,poor,True,4.3,0.7552
B01793,P0028,C0053,technician,2024-01-12 18:57,Friday,weekday,18,evening_rush,Hurlingham,Rongai,-1.287818,36.781917,-1.404721,36.752527,13.4,Ngong Road,4.0,10,12.5,67.0,73.0,6.2,True,3.2,0.791,6,37,354,False,1755,good,poor,False,,0.3988
B01794,P0004,C0305,cleaner,2024-02-20 15:08,Tuesday,weekday,15,early_afternoon,Eastleigh,Embakasi,-1.271819,36.862837,-1.329312,36.90285,7.79,Jogoo Road,1.94,3,25.8,19.3,21.4,2.5,True,4.8,0.736,8,7,280,True,391,poor,moderate,False,,0.647
B01795,P0183,C0035,carpenter,2025-02-20 14:29,Thursday,weekday,14,early_afternoon,Langata,Industrial Area,-1.346859,36.745886,-1.314323,36.851664,12.3,Ngong Road,2.03,3,24.6,29.8,36.0,6.9,True,3.4,0.755,14,5,322,True,885,moderate,poor,True,4.0,0.7926
B01796,P0152,C0405,plumber,2024-08-22 17:58,Thursday,weekday,17,evening_rush,Kilimani,Embakasi,-1.299509,36.788374,-1.325085,36.890562,11.71,Uhuru Highway,4.0,10,12.5,57.9,70.5,13.6,True,3.9,0.983,19,27,1292,False,504,good,moderate,True,4.4,0.7182
B01797,P0050,C0464,plumber,2024-11-21 15:54,Thursday,weekday,15,early_afternoon,Muthaiga,Industrial Area,-1.237436,36.842383,-1.309673,36.858549,8.23,Forest Road,1.87,3,26.7,17.2,18.3,1.7,True,3.2,0.803,16,6,1232,True,1107,good,poor,True,3.8,0.8627
B01798,P0147,C0065,technician,2024-10-14 10:06,Monday,weekday,10,mid_morning,Roysambu,Spring Valley,-1.198042,36.880644,-1.264599,36.737827,17.52,Thika Road,2.31,4,21.6,37.3,49.3,14.3,True,5.0,0.932,15,30,855,False,1336,moderate,good,True,4.5,0.877
B01799,P0164,C0261,technician,2024-04-13 12:34,Saturday,weekend,12,midday,South C,Githurai,-1.318632,36.781856,-1.190074,36.898652,19.31,Langata Road,1.16,1,43.1,28.2,34.6,6.8,True,4.3,0.755,5,23,280,True,984,moderate,poor,True,3.8,0.908
B01800,P0066,C0182,technician,2025-06-06 11:15,Friday,weekday,11,midday,Athi River,Hurlingham,-1.457679,36.988129,-1.291751,36.789707,28.76,Mombasa Road,2.13,4,23.5,76.9,102.7,27.7,False,5.0,0.777,12,37,768,True,1320,poor,good,False,,0.3023
B01801,P0108,C0247,cleaner,2025-04-21 12:30,Monday,weekday,12,midday,Ruiru,Ruiru,-1.133647,36.975468,-1.152489,36.953178,3.25,Thika Road,2.09,4,23.9,8.0,10.4,3.7,True,4.8,0.739,4,44,244,True,407,poor,poor,True,5.0,0.8765
B01802,P0186,C0318,cleaner,2024-01-27 14:52,Saturday,weekend,14,early_afternoon,Parklands,Muthaiga,-1.259849,36.809984,-1.242584,36.834582,3.34,Forest Road,1.16,1,43.1,4.5,5.8,9.1,True,4.7,0.915,7,22,273,True,678,good,good,False,,0.7389
B01803,P0114,C0096,cleaner,2025-06-05 12:51,Thursday,weekday,12,midday,Githurai,Kilimani,-1.17431,36.888295,-1.285007,36.779834,17.23,Thika Road,2.09,4,23.9,46.8,55.6,12.0,True,3.8,0.766,7,19,357,True,551,poor,good,True,4.2,0.7708
B01804,P0063,C0071,cleaner,2024-06-04 17:52,Tuesday,weekday,17,evening_rush,Roysambu,Syokimau,-1.223879,36.861046,-1.372315,36.892815,16.88,Thika Road,4.0,10,12.5,92.9,108.2,16.0,False,4.0,0.76,7,24,231,True,726,moderate,moderate,True,3.7,0.4417
B01805,P0012,C0031,electrician,2024-02-24 16:07,Saturday,weekend,16,evening_rush,Hurlingham,Karen,-1.295566,36.800621,-1.330681,36.709457,10.86,Ngong Road,2.6,5,19.2,38.7,33.9,2.2,True,3.1,0.784,3,33,111,False,555,good,good,False,,0.5357
B01806,P0033,C0160,carpenter,2024-04-06 10:44,Saturday,weekend,10,mid_morning,Muthaiga,Roysambu,-1.254259,36.833037,-1.21815,36.867572,5.56,Forest Road,1.21,1,41.3,7.5,9.4,1.9,True,4.2,0.88,4,10,112,True,622,good,moderate,True,4.0,1.0
B01807,P0150,C0224,cleaner,2025-03-29 11:26,Saturday,weekend,11,midday,Athi River,Kilimani,-1.468362,37.007079,-1.290293,36.770335,32.93,Mombasa Road,1.39,1,36.0,64.6,75.4,13.3,True,5.0,0.827,16,29,896,True,401,poor,good,True,5.0,0.9065
B01808,P0132,C0492,electrician,2024-08-19 07:19,Monday,weekday,7,morning_rush,South B,Gigiri,-1.312355,36.821388,-1.226879,36.806903,9.64,Uhuru Highway,3.58,9,14.0,32.0,29.7,3.1,True,5.0,0.865,17,36,1275,True,888,moderate,good,False,,0.5853
B01809,P0167,C0387,electrician,2025-03-16 15:44,Sunday,weekend,15,early_afternoon,Muthaiga,Lavington,-1.239047,36.830687,-1.277546,36.771504,7.85,Forest Road,1.16,1,43.1,12.0,13.9,5.9,True,4.9,0.874,13,24,338,True,561,good,good,True,5.0,1.0
B01810,P0092,C0160,electrician,2024-02-17 11:25,Saturday,weekend,11,midday,Parklands,Roysambu,-1.278448,36.826925,-1.21815,36.867572,8.09,Forest Road,1.04,0,48.1,10.0,10.9,1.1,True,5.0,0.852,10,30,310,True,1196,good,moderate,True,4.7,1.0
B01811,P0150,C0454,cleaner,2024-03-30 07:06,Saturday,weekend,7,morning_rush,Athi River,Parklands,-1.468362,37.007079,-1.264699,36.823282,30.5,Mombasa Road,2.67,6,18.7,105.3,128.1,22.9,False,5.0,0.827,16,29,896,True,401,poor,good,True,4.9,0.5741
B01812,P0139,C0398,technician,2025-05-01 10:43,Thursday,weekday,10,mid_morning,Parklands,Langata,-1.251758,36.82097,-1.340493,36.737323,13.56,Forest Road,1.91,3,26.2,27.2,26.0,0.1,True,4.2,0.905,10,14,480,True,1333,good,moderate,True,3.6,0.9739
B01813,P0038,C0076,cleaner,2025-01-13 15:11,Monday,weekday,15,early_afternoon,Kitengela,Lavington,-1.478252,36.974953,-1.292151,36.777384,30.18,Mombasa Road,2.13,4,23.5,67.2,76.3,12.0,True,3.1,0.788,15,39,930,False,443,poor,good,True,3.0,0.7436
B01814,P0121,C0159,plumber,2024-11-03 15:09,Sunday,weekend,15,early_afternoon,Eastleigh,Githurai,-1.269387,36.85348,-1.186539,36.897307,10.42,Jogoo Road,1.18,1,42.4,14.0,12.8,1.5,True,5.0,0.904,19,41,437,True,1381,poor,poor,True,4.4,1.0
B01815,P0155,C0176,plumber,2024-12-17 18:37,Tuesday,weekday,18,evening_rush,Parklands,Karen,-1.259306,36.829537,-1.30978,36.70083,15.37,Forest Road,3.67,9,13.6,73.9,83.5,10.9,True,4.6,0.866,17,44,476,False,863,good,good,False,,0.4936
B01816,P0075,C0189,carpenter,2024-07-07 14:29,Sunday,weekend,14,early_afternoon,Kikuyu,Muthaiga,-1.245138,36.66463,-1.247897,36.833486,18.77,Waiyaki Way,1.28,1,39.1,26.9,32.2,9.6,True,5.0,0.861,9,42,189,True,655,poor,good,True,5.0,0.9631
B01817,P0003,C0266,cleaner,2024-06-09 12:01,Sunday,weekend,12,midday,Kilimani,Westlands,-1.304266,36.787504,-1.272627,36.805451,4.04,Uhuru Highway,1.31,1,38.2,5.5,7.3,1.9,True,5.0,0.846,15,25,390,True,501,good,good,True,5.0,1.0
B01818,P0151,C0337,cleaner,2025-04-18 08:40,Friday,weekday,8,morning_rush,Dagoretti,Muthaiga,-1.302898,36.752931,-1.245789,36.829615,10.63,Uhuru Highway,3.58,9,14.0,43.8,53.1,11.6,True,4.8,0.747,8,12,480,False,887,poor,good,False,,0.4454
B01819,P0174,C0075,cleaner,2024-05-21 12:56,Tuesday,weekday,12,midday,Rongai,Ruiru,-1.385961,36.747354,-1.142247,36.956583,35.71,Langata Road,1.75,2,28.6,68.7,62.1,1.5,True,3.9,0.87,15,26,705,True,624,poor,poor,True,4.4,0.9425
B01820,P0015,C0122,carpenter,2024-04-22 17:55,Monday,weekday,17,evening_rush,Spring Valley,Hurlingham,-1.252873,36.746484,-1.302561,36.799935,8.11,Waiyaki Way,3.77,9,13.3,34.8,35.9,2.6,True,5.0,0.944,19,30,1083,True,658,good,good,False,,0.6137
B01821,P0130,C0420,electrician,2024-07-03 08:51,Wednesday,weekday,8,morning_rush,Muthaiga,Spring Valley,-1.261506,36.849263,-1.263445,36.740953,12.04,Forest Road,3.15,7,15.9,41.8,40.6,5.3,True,4.8,0.972,2,26,126,True,1371,good,good,True,4.3,0.8948
B01822,P0144,C0440,technician,2025-06-02 12:35,Monday,weekday,12,midday,Upper Hill,South B,-1.311202,36.814634,-1.319957,36.816344,0.99,Uhuru Highway,1.88,3,26.6,1.9,2.1,1.9,True,4.2,0.845,7,15,301,False,1260,good,moderate,False,,0.6813
B01823,P0014,C0217,electrician,2025-01-22 15:40,Wednesday,weekday,15,early_afternoon,Embakasi,Ngong,-1.309393,36.91238,-1.368109,36.663556,28.42,Mombasa Road,2.13,4,23.5,85.5,80.4,0.9,True,3.4,0.925,19,9,836,True,551,moderate,poor,True,3.3,0.9196
B01824,P0089,C0101,electrician,2025-01-16 17:33,Thursday,weekday,17,evening_rush,Hurlingham,Embakasi,-1.295309,36.794384,-1.320607,36.896146,11.66,Ngong Road,4.0,10,12.5,52.9,71.4,25.1,False,4.4,0.847,15,21,855,False,1226,good,moderate,True,4.0,0.4293
B01825,P0052,C0328,cleaner,2025-06-20 16:53,Friday,weekday,16,evening_rush,Kitengela,Eastleigh,-1.47149,36.958108,-1.284459,36.855163,23.74,Mombasa Road,4.0,10,12.5,125.9,123.4,8.9,True,5.0,0.889,8,14,280,False,767,poor,poor,False,,0.5153
B01826,P0052,C0403,cleaner,2024-02-29 10:43,Thursday,weekday,10,mid_morning,Kitengela,Embakasi,-1.47149,36.958108,-1.320097,36.901101,17.99,Mombasa Road,2.25,4,22.2,42.2,56.2,16.1,False,5.0,0.889,8,14,280,False,767,poor,moderate,False,,0.4453
B01827,P0018,C0175,plumber,2024-10-07 10:12,Monday,weekday,10,mid_morning,Hurlingham,Muthaiga,-1.292456,36.806022,-1.244738,36.826186,5.76,Ngong Road,2.08,4,24.0,14.6,15.8,2.0,True,4.8,0.913,10,7,590,False,659,good,good,True,4.7,0.9784
B01828,P0049,C0342,technician,2025-03-06 15:19,Thursday,weekday,15,early_afternoon,Kasarani,Rongai,-1.213738,36.911241,-1.38765,36.746772,26.61,Thika Road,2.18,4,22.9,74.8,90.1,15.4,False,4.1,0.836,17,7,1343,True,866,moderate,poor,True,4.1,0.6353
B01829,P0122,C0356,plumber,2024-08-28 15:30,Wednesday,weekday,15,early_afternoon,Roysambu,Embakasi,-1.198937,36.868092,-1.313435,36.908533,13.5,Thika Road,2.18,4,22.9,38.3,42.3,4.4,True,4.1,0.848,1,24,34,True,504,moderate,moderate,True,4.6,0.8829
B01830,P0178,C0240,electrician,2025-02-18 11:01,Tuesday,weekday,11,midday,Eastleigh,Gigiri,-1.282287,36.844486,-1.22186,36.818039,7.33,Jogoo Road,1.71,2,29.2,15.8,20.0,8.7,True,5.0,0.888,5,35,145,True,859,poor,good,False,,0.6997
B01831,P0154,C0355,plumber,2025-05-27 07:49,Tuesday,weekday,7,morning_rush,Kitengela,Westlands,-1.476899,36.960583,-1.27324,36.796631,29.07,Mombasa Road,4.0,10,12.5,118.9,120.1,3.0,True,3.6,0.867,14,11,952,True,712,poor,good,True,3.5,0.7335
B01832,P0085,C0437,carpenter,2024-08-19 11:17,Monday,weekday,11,midday,Dagoretti,Roysambu,-1.279595,36.742246,-1.199398,36.866782,16.47,Uhuru Highway,1.88,3,26.6,42.4,40.4,18.3,False,3.9,0.754,16,11,1232,False,495,poor,moderate,True,4.5,0.5841
B01833,P0149,C0290,technician,2024-02-25 15:55,Sunday,weekend,15,early_afternoon,South B,Kileleshwa,-1.32145,36.814943,-1.284739,36.773971,6.12,Uhuru Highway,1.35,1,37.0,9.6,8.2,5.5,True,3.7,0.959,3,38,72,True,1667,moderate,good,True,3.7,0.9757
B01834,P0086,C0316,electrician,2024-10-16 18:01,Wednesday,weekday,18,evening_rush,Rongai,Langata,-1.399737,36.737186,-1.340185,36.758356,7.03,Langata Road,3.58,9,14.0,32.4,42.9,10.8,True,4.3,0.749,12,26,612,True,1339,poor,moderate,False,,0.4281
B01835,P0077,C0215,carpenter,2024-04-04 08:31,Thursday,weekday,8,morning_rush,Kileleshwa,Lavington,-1.283737,36.770673,-1.287108,36.763248,0.91,Uhuru Highway,3.58,9,14.0,4.5,5.4,2.8,True,4.7,0.801,1,23,40,True,622,good,good,True,5.0,0.7908
B01836,P0085,C0084,carpenter,2024-08-06 14:20,Tuesday,weekday,14,early_afternoon,Dagoretti,Dagoretti,-1.279595,36.742246,-1.282038,36.736382,0.71,Uhuru Highway,2.1,4,23.8,1.9,2.3,8.2,True,3.9,0.754,16,11,1232,False,495,poor,poor,True,4.3,0.8007
B01837,P0027,C0233,technician,2024-05-17 13:55,Friday,weekday,13,midday,Muthaiga,Kilimani,-1.257454,36.847519,-1.293414,36.784308,8.09,Forest Road,1.7,2,29.4,14.7,12.7,3.0,True,4.8,0.786,13,40,780,True,771,good,good,False,,0.687
B01838,P0011,C0254,plumber,2025-03-01 18:50,Saturday,weekend,18,evening_rush,Kitengela,Upper Hill,-1.461571,36.951166,-1.292628,36.808527,24.58,Mombasa Road,3.0,7,16.7,85.7,85.5,8.0,True,3.5,0.741,16,28,768,True,1242,poor,good,False,,0.4538
B01839,P0057,C0472,electrician,2025-05-16 09:10,Friday,weekday,9,mid_morning,Langata,Westlands,-1.343355,36.756359,-1.2588,36.813594,11.35,Ngong Road,2.08,4,24.0,31.3,40.4,9.7,True,3.7,0.818,12,12,708,True,655,moderate,good,True,3.4,0.8118
B01840,P0001,C0328,electrician,2024-11-29 07:35,Friday,weekday,7,morning_rush,Kileleshwa,Eastleigh,-1.265552,36.774614,-1.284459,36.855163,9.2,Uhuru Highway,3.58,9,14.0,38.2,36.2,3.7,True,4.8,0.788,7,10,182,True,1054,good,poor,True,5.0,0.7818
B01841,P0058,C0355,electrician,2025-04-11 09:16,Friday,weekday,9,mid_morning,Muthaiga,Westlands,-1.257845,36.837065,-1.27324,36.796631,4.81,Forest Road,1.91,3,26.2,11.7,13.2,2.6,True,4.5,0.922,15,44,1140,True,755,good,good,True,3.9,0.9765
B01842,P0059,C0239,cleaner,2024-04-03 15:53,Wednesday,weekday,15,early_afternoon,Ruiru,Gigiri,-1.15681,36.947432,-1.229601,36.812205,17.07,Thika Road,2.18,4,22.9,47.0,44.6,0.8,True,4.4,0.818,7,42,182,True,321,poor,good,False,,0.6629
B01843,P0160,C0110,cleaner,2024-04-27 09:30,Saturday,weekend,9,mid_morning,Embakasi,Karen,-1.319614,36.900458,-1.327152,36.701674,22.11,Mombasa Road,1.59,2,31.4,42.2,46.2,6.4,True,4.7,0.907,4,29,204,True,370,moderate,good,True,4.7,0.973
B01844,P0062,C0247,electrician,2024-03-04 16:19,Monday,weekday,16,evening_rush,Runda,Ruiru,-1.210904,36.813098,-1.152489,36.953178,16.87,Kiambu Road,3.27,8,15.3,53.0,49.9,1.1,True,4.1,0.957,10,36,530,True,1029,good,poor,True,4.0,0.8777
B01845,P0189,C0394,carpenter,2025-05-05 08:28,Monday,weekday,8,morning_rush,CBD,Embakasi,-1.281145,36.806807,-1.320358,36.911613,12.44,Uhuru Highway,3.58,9,14.0,33.5,42.0,9.8,True,4.4,0.928,5,7,390,True,733,moderate,moderate,True,4.6,0.7809
B01846,P0085,C0414,carpenter,2024-02-09 08:33,Friday,weekday,8,morning_rush,Dagoretti,Kitengela,-1.279595,36.742246,-1.463799,36.971686,32.71,Uhuru Highway,3.58,9,14.0,157.8,206.4,53.6,False,3.9,0.754,16,11,1232,False,495,poor,poor,True,3.8,0.2006
B01847,P0190,C0193,technician,2024-08-07 10:07,Wednesday,weekday,10,mid_morning,Ngong,Athi River,-1.349406,36.65827,-1.449594,37.00077,39.67,Ngong Road,2.08,4,24.0,105.3,128.5,29.3,False,3.8,0.809,15,38,465,True,974,poor,poor,False,,0.2489
B01848,P0053,C0205,electrician,2025-05-19 07:21,Monday,weekday,7,morning_rush,Syokimau,Westlands,-1.355438,36.894191,-1.271916,36.809584,13.22,Mombasa Road,4.0,10,12.5,71.3,89.1,24.7,False,4.6,0.768,3,32,108,True,841,moderate,good,False,,0.1532
B01849,P0048,C0423,electrician,2024-03-15 10:35,Friday,weekday,10,mid_morning,Dagoretti,South C,-1.28378,36.747291,-1.309305,36.790216,5.55,Uhuru Highway,2.25,4,22.2,11.6,14.4,7.4,True,5.0,0.867,19,34,1311,True,1137,poor,moderate,True,5.0,0.9068
B01850,P0002,C0186,technician,2024-01-30 10:57,Tuesday,weekday,10,mid_morning,Langata,Runda,-1.330429,36.75935,-1.21216,36.809049,14.26,Ngong Road,2.08,4,24.0,31.8,30.9,2.2,True,4.4,0.947,13,12,481,False,958,moderate,good,True,5.0,0.9738
B01851,P0003,C0038,cleaner,2024-04-10 13:17,Wednesday,weekday,13,midday,Kilimani,Kitengela,-1.304266,36.787504,-1.467367,36.972422,27.41,Uhuru Highway,1.88,3,26.6,55.2,55.8,4.0,True,5.0,0.846,15,25,390,True,501,good,poor,False,,0.7043
B01852,P0092,C0016,electrician,2024-10-14 15:54,Monday,weekday,15,early_afternoon,Parklands,Dagoretti,-1.278448,36.826925,-1.303761,36.757864,8.18,Forest Road,1.87,3,26.7,15.7,13.4,1.0,True,5.0,0.852,10,30,310,True,1196,good,poor,True,5.0,0.9831
B01853,P0143,C0059,technician,2024-09-28 12:35,Saturday,weekend,12,midday,Spring Valley,Parklands,-1.257355,36.737855,-1.268938,36.814627,8.63,Waiyaki Way,1.23,1,40.7,13.6,13.2,1.0,True,3.7,0.841,2,18,154,True,1473,good,good,True,3.2,0.9638
B01854,P0037,C0149,cleaner,2024-12-11 12:51,Wednesday,weekday,12,midday,Langata,Kileleshwa,-1.35501,36.742017,-1.281214,36.788179,9.68,Ngong Road,1.87,3,26.7,23.9,31.0,8.5,True,5.0,0.927,5,37,190,True,468,moderate,good,True,4.9,0.9581
B01855,P0113,C0100,carpenter,2024-08-23 16:38,Friday,weekday,16,evening_rush,Eastleigh,Runda,-1.285759,36.862408,-1.212254,36.804398,10.41,Jogoo Road,3.57,9,14.0,48.7,65.4,17.3,False,4.9,0.731,9,21,279,True,540,poor,good,True,4.2,0.4957
B01856,P0162,C0300,plumber,2024-04-08 08:57,Monday,weekday,8,morning_rush,Upper Hill,Langata,-1.283701,36.803014,-1.350397,36.749372,9.52,Uhuru Highway,3.58,9,14.0,44.1,56.9,16.5,False,4.7,0.987,9,20,693,True,819,good,moderate,False,,0.3696
B01857,P0196,C0185,technician,2025-05-29 10:44,Thursday,weekday,10,mid_morning,Kasarani,Karen,-1.219995,36.884155,-1.32622,36.721064,21.64,Thika Road,2.31,4,21.6,62.0,54.9,4.6,True,3.4,0.833,3,23,120,False,1053,moderate,good,True,3.7,0.8284
B01858,P0012,C0500,electrician,2024-06-30 15:41,Sunday,weekend,15,early_afternoon,Hurlingham,Westlands,-1.295566,36.800621,-1.255507,36.802963,4.46,Ngong Road,1.37,1,36.5,8.4,7.9,0.9,True,3.1,0.784,3,33,111,False,555,good,good,True,2.4,0.8949
B01859,P0008,C0102,electrician,2024-09-05 16:23,Thursday,weekday,16,evening_rush,Kasarani,Eastleigh,-1.209809,36.907631,-1.28078,36.848361,10.28,Thika Road,4.0,10,12.5,55.8,72.2,20.8,False,4.4,0.779,12,34,636,True,919,moderate,poor,False,,0.1812
B01860,P0051,C0146,technician,2025-03-11 17:58,Tuesday,weekday,17,evening_rush,Eastleigh,Gigiri,-1.269481,36.837488,-1.23352,36.818168,4.54,Jogoo Road,3.57,9,14.0,18.0,16.9,7.1,True,3.2,0.841,8,14,544,False,1742,poor,good,True,2.3,0.7007
B01861,P0045,C0113,carpenter,2024-05-30 18:02,Thursday,weekday,18,evening_rush,Dagoretti,Hurlingham,-1.293654,36.741826,-1.296959,36.790338,5.41,Uhuru Highway,4.0,10,12.5,27.8,27.4,0.5,True,4.7,0.781,19,17,1425,True,1141,poor,good,False,,0.5163
B01862,P0068,C0369,electrician,2024-02-10 17:37,Saturday,weekend,17,evening_rush,Parklands,Rongai,-1.28108,36.807397,-1.394528,36.736564,14.87,Forest Road,2.22,4,22.5,45.2,60.7,19.7,False,4.7,0.926,17,10,1122,False,560,good,poor,True,4.1,0.6712
B01863,P0045,C0174,carpenter,2025-01-04 15:42,Saturday,weekend,15,early_afternoon,Dagoretti,Westlands,-1.293654,36.741826,-1.265943,36.814024,8.6,Uhuru Highway,1.35,1,37.0,12.0,13.3,2.0,True,4.7,0.781,19,17,1425,True,1141,poor,good,True,4.8,0.9658
B01864,P0142,C0126,plumber,2024-12-31 10:58,Tuesday,weekday,10,mid_morning,Kasarani,Kilimani,-1.229622,36.886822,-1.290382,36.769278,14.71,Thika Road,2.31,4,21.6,37.3,39.7,3.0,True,3.3,0.792,9,10,360,True,1064,moderate,good,True,3.9,0.8162
B01865,P0046,C0101,cleaner,2024-12-16 11:41,Monday,weekday,11,midday,Rongai,Embakasi,-1.390957,36.7597,-1.320607,36.896146,17.07,Langata Road,1.75,2,28.6,41.1,43.9,3.4,True,3.4,0.843,12,33,360,True,781,poor,moderate,True,3.4,0.8882
B01866,P0006,C0091,technician,2024-04-12 12:33,Friday,weekday,12,midday,Parklands,Dagoretti,-1.25903,36.810832,-1.300012,36.737259,9.36,Forest Road,1.7,2,29.4,20.7,27.5,13.0,True,4.4,0.902,19,21,513,True,630,good,poor,True,4.7,0.8917
B01867,P0068,C0467,electrician,2024-09-10 17:24,Tuesday,weekday,17,evening_rush,Parklands,Langata,-1.28108,36.807397,-1.333998,36.746141,9.0,Forest Road,3.67,9,13.6,27.9,33.5,9.2,True,4.7,0.926,17,10,1122,False,560,good,moderate,True,4.3,0.7927
B01868,P0026,C0011,plumber,2024-02-14 16:13,Wednesday,weekday,16,evening_rush,Kasarani,Athi River,-1.234607,36.913473,-1.461377,36.999531,26.97,Thika Road,4.0,10,12.5,107.2,123.8,18.1,False,4.6,0.959,10,6,750,True,1116,moderate,poor,True,4.1,0.5537
B01869,P0174,C0071,cleaner,2024-12-19 14:12,Thursday,weekday,14,early_afternoon,Rongai,Syokimau,-1.385961,36.747354,-1.372315,36.892815,16.24,Langata Road,1.89,3,26.5,42.6,41.7,0.9,True,3.9,0.87,15,26,705,True,624,poor,moderate,True,4.1,0.9363
B01870,P0098,C0336,technician,2024-03-19 15:56,Tuesday,weekday,15,early_afternoon,Karen,Parklands,-1.310218,36.721517,-1.256437,36.818,12.28,Ngong Road,2.03,3,24.6,34.6,44.9,15.9,False,3.8,0.834,9,16,522,True,1091,good,good,False,,0.3771
B01871,P0029,C0174,electrician,2024-06-27 13:37,Thursday,weekday,13,midday,Industrial Area,Westlands,-1.308364,36.858956,-1.265943,36.814024,6.87,Mombasa Road,2.13,4,23.5,19.4,16.6,5.9,True,5.0,0.886,16,32,1120,True,946,poor,good,False,,0.6884
B01872,P0054,C0157,cleaner,2024-12-30 12:20,Monday,weekday,12,midday,Ruiru,Spring Valley,-1.144993,36.950231,-1.275302,36.747834,26.76,Thika Road,2.09,4,23.9,58.1,60.1,2.2,True,3.6,0.857,8,44,248,True,336,poor,good,True,3.4,0.888
B01873,P0117,C0123,technician,2025-03-21 17:38,Friday,weekday,17,evening_rush,Dagoretti,Kikuyu,-1.304001,36.758584,-1.246299,36.666144,12.11,Uhuru Highway,4.0,10,12.5,60.8,74.8,14.8,True,4.0,0.833,6,23,468,False,860,poor,poor,True,3.9,0.6382
B01874,P0095,C0415,plumber,2025-01-19 09:55,Sunday,weekend,9,mid_morning,Spring Valley,South B,-1.277903,36.744602,-1.315701,36.816905,9.07,Waiyaki Way,1.37,1,36.5,15.5,16.8,2.6,True,3.9,0.847,12,33,672,True,967,good,moderate,False,,0.7022
B01875,P0096,C0339,technician,2024-06-18 11:39,Tuesday,weekday,11,midday,Dagoretti,Ngong,-1.288134,36.742623,-1.350137,36.657791,11.68,Uhuru Highway,1.88,3,26.6,27.4,27.1,1.9,True,4.6,0.889,17,42,510,True,1253,poor,poor,True,4.6,0.9733
B01876,P0044,C0482,plumber,2024-09-27 14:24,Friday,weekday,14,early_afternoon,Eastleigh,Westlands,-1.286651,36.848557,-1.253546,36.813729,5.34,Jogoo Road,1.94,3,25.8,13.4,12.5,0.9,True,4.5,0.889,17,28,646,True,806,poor,good,False,,0.7218
B01877,P0135,C0410,electrician,2024-12-14 11:17,Saturday,weekend,11,midday,Muthaiga,Parklands,-1.24462,36.826256,-1.266272,36.821401,2.47,Forest Road,1.04,0,48.1,2.5,3.2,1.1,True,3.5,0.821,11,10,242,True,1068,good,good,True,3.2,0.9581
B01878,P0160,C0452,cleaner,2025-06-23 09:36,Monday,weekday,9,mid_morning,Embakasi,Syokimau,-1.319614,36.900458,-1.378699,36.900988,6.57,Mombasa Road,2.25,4,22.2,17.2,18.9,6.1,True,4.7,0.907,4,29,204,True,370,moderate,moderate,True,3.9,0.9227
B01879,P0112,C0450,carpenter,2024-07-20 18:01,Saturday,weekend,18,evening_rush,Rongai,Kikuyu,-1.407345,36.750173,-1.259025,36.670607,18.71,Langata Road,2.41,5,20.7,51.8,54.9,4.7,True,4.9,0.809,17,40,1190,True,779,poor,poor,True,4.4,0.8825
B01880,P0183,C0034,carpenter,2024-02-08 17:55,Thursday,weekday,17,evening_rush,Langata,Kilimani,-1.346859,36.745886,-1.296233,36.78016,6.8,Ngong Road,4.0,10,12.5,33.8,38.1,11.3,True,3.4,0.755,14,5,322,True,885,moderate,good,False,,0.3483
B01881,P0031,C0074,carpenter,2024-05-29 10:00,Wednesday,weekday,10,mid_morning,Gigiri,Westlands,-1.208399,36.806357,-1.268585,36.81893,6.84,Forest Road,1.91,3,26.2,15.7,17.1,3.1,True,3.1,0.929,2,21,112,False,546,good,good,True,2.9,0.9059
B01882,P0034,C0407,electrician,2024-07-28 17:29,Sunday,weekend,17,evening_rush,Ruiru,Karen,-1.147348,36.960424,-1.329536,36.709101,34.51,Thika Road,2.64,5,18.9,102.0,111.2,13.4,True,4.7,0.756,12,21,348,True,1449,poor,good,True,4.7,0.7551
B01883,P0049,C0099,technician,2024-10-12 18:43,Saturday,weekend,18,evening_rush,Kasarani,Dagoretti,-1.213738,36.911241,-1.288135,36.752045,19.54,Thika Road,2.64,5,18.9,73.9,80.6,10.7,True,4.1,0.836,17,7,1343,True,866,moderate,poor,False,,0.5376
B01884,P0137,C0194,technician,2025-01-23 10:21,Thursday,weekday,10,mid_morning,South C,CBD,-1.326641,36.801857,-1.274988,36.829034,6.49,Langata Road,2.03,3,24.6,15.8,13.6,6.1,True,4.4,0.817,7,12,462,True,794,moderate,moderate,False,,0.6303
B01885,P0178,C0192,electrician,2024-03-08 16:41,Friday,weekday,16,evening_rush,Eastleigh,Parklands,-1.282287,36.844486,-1.25749,36.816885,4.13,Jogoo Road,3.57,9,14.0,19.9,23.9,6.4,True,5.0,0.888,5,35,145,True,859,poor,good,True,5.0,0.8201
B01886,P0082,C0307,cleaner,2025-05-03 11:45,Saturday,weekend,11,midday,Eastleigh,Upper Hill,-1.282442,36.857907,-1.306452,36.81785,5.19,Jogoo Road,1.13,0,44.2,6.7,6.5,7.4,True,4.6,0.888,3,15,129,False,690,poor,good,False,,0.7369
B01887,P0110,C0326,electrician,2024-06-08 14:56,Saturday,weekend,14,early_afternoon,Kasarani,Gigiri,-1.213002,36.900337,-1.21139,36.806664,10.42,Thika Road,1.34,1,37.3,20.0,18.3,1.1,True,3.4,0.852,14,29,1050,True,1119,moderate,good,True,2.6,0.9446
B01888,P0063,C0472,cleaner,2024-08-31 09:55,Saturday,weekend,9,mid_morning,Roysambu,Westlands,-1.223879,36.861046,-1.2588,36.813594,6.55,Thika Road,1.44,1,34.7,10.4,12.5,10.3,True,4.0,0.76,7,24,231,True,726,moderate,good,True,4.1,0.844
B01889,P0012,C0391,electrician,2024-09-14 11:20,Saturday,weekend,11,midday,Hurlingham,Roysambu,-1.295566,36.800621,-1.200742,36.873411,13.29,Ngong Road,1.27,1,39.4,21.5,19.8,0.0,True,3.1,0.784,3,33,111,False,555,good,moderate,True,3.1,0.9104
B01890,P0158,C0301,technician,2024-05-17 15:45,Friday,weekday,15,early_afternoon,Kileleshwa,Langata,-1.28297,36.766616,-1.345941,36.751219,7.21,Uhuru Highway,2.1,4,23.8,21.1,20.8,3.3,True,4.5,0.824,2,20,58,True,897,good,moderate,True,3.8,0.9065
B01891,P0049,C0438,technician,2025-06-17 17:47,Tuesday,weekday,17,evening_rush,Kasarani,Syokimau,-1.213738,36.911241,-1.360263,36.901664,16.33,Thika Road,4.0,10,12.5,77.4,97.8,24.8,False,4.1,0.836,17,7,1343,True,866,moderate,moderate,True,4.2,0.4113
B01892,P0138,C0151,cleaner,2024-10-03 16:05,Thursday,weekday,16,evening_rush,Ruiru,Hurlingham,-1.130056,36.960788,-1.306383,36.79672,26.78,Thika Road,4.0,10,12.5,141.0,135.2,1.8,True,4.8,0.815,4,9,276,True,318,poor,good,True,4.1,0.7775
B01893,P0039,C0168,electrician,2025-03-20 18:32,Thursday,weekday,18,evening_rush,Spring Valley,Hurlingham,-1.278278,36.738872,-1.296918,36.801224,7.23,Waiyaki Way,3.77,9,13.3,32.7,35.3,2.8,True,4.5,0.924,2,10,158,False,1205,good,good,True,4.3,0.8271
B01894,P0064,C0028,electrician,2024-09-28 08:21,Saturday,weekend,8,morning_rush,Parklands,Ruiru,-1.263494,36.832383,-1.14115,36.95002,18.87,Forest Road,2.21,4,22.6,56.4,70.4,16.0,False,3.7,0.803,18,6,1224,True,1206,good,poor,True,3.7,0.5914
B01895,P0162,C0408,plumber,2024-05-18 08:16,Saturday,weekend,8,morning_rush,Upper Hill,South B,-1.283701,36.803014,-1.313209,36.823797,4.01,Uhuru Highway,2.53,5,19.8,13.9,17.3,5.9,True,4.7,0.987,9,20,693,True,819,good,moderate,True,5.0,0.9419
B01896,P0072,C0447,plumber,2025-01-28 08:51,Tuesday,weekday,8,morning_rush,Langata,Kileleshwa,-1.355719,36.761446,-1.284381,36.783912,8.32,Ngong Road,3.71,9,13.5,36.3,36.7,10.7,True,4.7,0.77,1,21,45,True,1300,moderate,good,False,,0.449
B01897,P0033,C0436,carpenter,2024-05-30 14:31,Thursday,weekday,14,early_afternoon,Muthaiga,Runda,-1.254259,36.833037,-1.222057,36.81757,3.97,Forest Road,1.87,3,26.7,9.4,10.3,4.0,True,4.2,0.88,4,10,112,True,622,good,good,True,4.1,0.9321
B01898,P0131,C0496,electrician,2024-11-11 16:56,Monday,weekday,16,evening_rush,CBD,Rongai,-1.273399,36.831477,-1.398841,36.75782,16.17,Uhuru Highway,4.0,10,12.5,65.0,71.9,7.3,True,3.6,0.953,6,12,228,False,594,moderate,poor,False,,0.4907
B01899,P0150,C0454,cleaner,2024-02-03 08:03,Saturday,weekend,8,morning_rush,Athi River,Parklands,-1.468362,37.007079,-1.264699,36.823282,30.5,Mombasa Road,2.67,6,18.7,90.2,83.7,8.2,True,5.0,0.827,16,29,896,True,401,poor,good,True,5.0,0.8466
B01900,P0126,C0108,plumber,2024-01-21 09:49,Sunday,weekend,9,mid_morning,Syokimau,Karen,-1.384197,36.899152,-1.313554,36.707321,22.73,Mombasa Road,1.59,2,31.4,42.6,44.7,3.2,True,3.8,0.784,1,32,46,True,1101,moderate,good,True,3.1,0.8931
B01901,P0187,C0042,technician,2024-08-09 17:22,Friday,weekday,17,evening_rush,Westlands,Lavington,-1.2733,36.817332,-1.275795,36.761312,6.23,Waiyaki Way,3.77,9,13.3,23.3,23.4,2.1,True,4.3,0.789,17,39,816,True,794,good,good,False,,0.5054
B01902,P0121,C0405,plumber,2025-05-15 12:33,Thursday,weekday,12,midday,Eastleigh,Embakasi,-1.269387,36.85348,-1.325085,36.890562,7.44,Jogoo Road,1.71,2,29.2,12.4,15.7,3.7,True,5.0,0.904,19,41,437,True,1381,poor,moderate,False,,0.7494
B01903,P0170,C0315,carpenter,2024-05-03 13:46,Friday,weekday,13,midday,South B,Syokimau,-1.325679,36.811506,-1.36411,36.905057,11.24,Uhuru Highway,1.88,3,26.6,26.1,32.0,10.3,True,4.1,0.823,13,22,572,True,736,moderate,moderate,False,,0.5953
B01904,P0017,C0086,carpenter,2024-05-19 12:19,Sunday,weekend,12,midday,Parklands,Dagoretti,-1.265137,36.832357,-1.280435,36.740615,10.34,Forest Road,1.04,0,48.1,13.8,12.8,0.7,True,3.8,0.979,7,16,238,True,1016,good,poor,True,4.2,1.0
B01905,P0131,C0199,electrician,2025-06-11 14:35,Wednesday,weekday,14,early_afternoon,CBD,Kasarani,-1.273399,36.831477,-1.223001,36.90584,9.99,Uhuru Highway,2.1,4,23.8,26.1,24.2,1.3,True,3.6,0.953,6,12,228,False,594,moderate,moderate,True,3.4,0.9427
B01906,P0193,C0452,cleaner,2025-01-24 08:12,Friday,weekday,8,morning_rush,Industrial Area,Syokimau,-1.298218,36.849992,-1.378699,36.900988,10.59,Mombasa Road,4.0,10,12.5,50.1,62.1,14.9,True,4.1,0.77,6,25,144,True,807,poor,moderate,False,,0.3608
B01907,P0166,C0385,electrician,2024-09-04 16:23,Wednesday,weekday,16,evening_rush,Upper Hill,Kilimani,-1.284545,36.821501,-1.285862,36.784793,4.08,Uhuru Highway,4.0,10,12.5,18.8,22.7,6.8,True,3.9,0.944,14,36,1022,True,745,good,good,True,3.3,0.7553
B01908,P0131,C0192,electrician,2025-06-13 10:51,Friday,weekday,10,mid_morning,CBD,Parklands,-1.273399,36.831477,-1.25749,36.816885,2.4,Uhuru Highway,2.25,4,22.2,6.5,6.8,1.6,True,3.6,0.953,6,12,228,False,594,moderate,good,True,3.8,0.9282
B01909,P0128,C0266,electrician,2024-05-01 15:38,Wednesday,weekday,15,early_afternoon,Ruiru,Westlands,-1.143862,36.976006,-1.272627,36.805451,23.76,Thika Road,2.18,4,22.9,71.7,65.5,1.1,True,3.9,0.843,19,39,1501,True,859,poor,good,True,3.1,0.8979
B01910,P0119,C0092,plumber,2024-06-27 17:34,Thursday,weekday,17,evening_rush,Parklands,Githurai,-1.278361,36.811882,-1.192287,36.90567,14.15,Forest Road,3.67,9,13.6,59.5,76.0,17.0,False,4.6,0.896,19,19,1026,True,1373,good,poor,True,5.0,0.5577
B01911,P0083,C0365,carpenter,2024-05-30 14:58,Thursday,weekday,14,early_afternoon,Roysambu,Spring Valley,-1.197099,36.88354,-1.272178,36.752758,16.77,Thika Road,2.18,4,22.9,50.8,59.2,20.4,False,4.6,0.861,3,33,213,False,529,moderate,good,True,4.2,0.6311
B01912,P0096,C0270,technician,2024-07-12 15:12,Friday,weekday,15,early_afternoon,Dagoretti,Spring Valley,-1.288134,36.742623,-1.265969,36.748297,2.54,Uhuru Highway,2.1,4,23.8,6.0,7.1,1.2,True,4.6,0.889,17,42,510,True,1253,poor,good,True,4.5,0.9615
B01913,P0178,C0248,electrician,2024-09-06 13:12,Friday,weekday,13,midday,Eastleigh,Ngong,-1.282287,36.844486,-1.347442,36.666844,21.03,Jogoo Road,1.71,2,29.2,40.9,35.1,2.0,True,5.0,0.888,5,35,145,True,859,poor,poor,False,,0.7555
B01914,P0184,C0490,plumber,2024-03-01 08:47,Friday,weekday,8,morning_rush,Rongai,South C,-1.407716,36.7524,-1.326793,36.790486,9.94,Langata Road,3.3,8,15.2,41.3,55.3,18.9,False,4.7,0.748,2,5,54,False,1313,poor,moderate,False,,0.2525
B01915,P0127,C0243,technician,2024-10-28 11:45,Monday,weekday,11,midday,Lavington,Eastleigh,-1.28395,36.781169,-1.271758,36.848079,7.56,Uhuru Highway,1.88,3,26.6,14.8,16.2,2.9,True,4.0,0.82,19,24,969,True,1214,good,poor,True,3.5,0.9004
B01916,P0069,C0298,plumber,2024-08-20 15:54,Tuesday,weekday,15,early_afternoon,Embakasi,Kikuyu,-1.326504,36.886816,-1.237125,36.652618,27.87,Mombasa Road,2.13,4,23.5,90.6,120.8,32.7,False,4.5,0.938,11,8,869,True,873,moderate,poor,True,4.4,0.5661
B01917,P0103,C0327,cleaner,2024-06-05 12:50,Wednesday,weekday,12,midday,Lavington,Kasarani,-1.2836,36.766546,-1.212752,36.892468,16.06,Uhuru Highway,1.88,3,26.6,35.2,37.1,2.0,True,3.3,0.854,4,17,180,True,799,good,moderate,True,2.9,0.8899
B01918,P0150,C0333,cleaner,2024-02-17 08:44,Saturday,weekend,8,morning_rush,Athi River,Syokimau,-1.468362,37.007079,-1.372567,36.892667,16.59,Mombasa Road,2.67,6,18.7,61.1,67.6,9.9,True,5.0,0.827,16,29,896,True,401,poor,moderate,False,,0.5824
B01919,P0010,C0107,electrician,2025-06-15 15:30,Sunday,weekend,15,early_afternoon,Kasarani,Upper Hill,-1.2307,36.90588,-1.292346,36.804925,13.15,Thika Road,1.34,1,37.3,26.3,29.3,5.4,True,4.1,0.887,15,43,840,True,1367,moderate,good,True,4.5,0.9613
B01920,P0057,C0459,electrician,2024-12-16 11:56,Monday,weekday,11,midday,Langata,Ruiru,-1.343355,36.756359,-1.14882,36.965498,31.76,Ngong Road,1.87,3,26.7,68.1,85.7,20.8,False,3.7,0.818,12,12,708,True,655,moderate,poor,True,3.5,0.5861
B01921,P0052,C0232,cleaner,2024-10-06 10:08,Sunday,weekend,10,mid_morning,Kitengela,Syokimau,-1.47149,36.958108,-1.374822,36.890039,13.15,Mombasa Road,1.59,2,31.4,20.7,24.0,4.7,True,5.0,0.889,8,14,280,False,767,poor,moderate,True,5.0,0.9931
B01922,P0061,C0203,technician,2024-11-25 10:27,Monday,weekday,10,mid_morning,Hurlingham,Kilimani,-1.313263,36.795445,-1.292769,36.787728,2.43,Ngong Road,2.08,4,24.0,5.3,4.9,2.9,True,3.8,0.867,9,11,288,False,1097,good,good,True,3.6,0.8979
B01923,P0056,C0157,carpenter,2024-10-02 16:48,Wednesday,weekday,16,evening_rush,Spring Valley,Spring Valley,-1.25633,36.750322,-1.275302,36.747834,2.13,Waiyaki Way,3.77,9,13.3,9.1,8.6,1.8,True,4.5,0.829,15,40,600,True,644,good,good,True,4.5,0.7879
B01924,P0109,C0456,cleaner,2024-08-18 08:55,Sunday,weekend,8,morning_rush,Kileleshwa,Lavington,-1.273273,36.789956,-1.285209,36.767636,2.81,Uhuru Highway,2.53,5,19.8,8.2,8.5,5.3,True,3.7,0.918,19,42,1368,True,740,good,good,True,4.2,0.8624
B01925,P0097,C0293,carpenter,2024-02-24 14:32,Saturday,weekend,14,early_afternoon,Hurlingham,South C,-1.290422,36.794618,-1.322714,36.80236,3.69,Ngong Road,1.37,1,36.5,5.8,6.3,3.8,True,5.0,0.957,16,42,544,True,1011,good,moderate,True,5.0,1.0
B01926,P0041,C0479,electrician,2024-10-19 08:51,Saturday,weekend,8,morning_rush,Eastleigh,CBD,-1.262587,36.837939,-1.281689,36.817117,3.14,Jogoo Road,2.17,4,23.0,8.0,9.3,1.9,True,3.7,0.801,17,24,731,True,969,poor,moderate,False,,0.6111
B01927,P0096,C0131,technician,2024-10-13 14:44,Sunday,weekend,14,early_afternoon,Dagoretti,South C,-1.288134,36.742623,-1.309548,36.799497,6.76,Uhuru Highway,1.35,1,37.0,11.3,14.2,3.7,True,4.6,0.889,17,42,510,True,1253,poor,moderate,True,5.0,1.0
B01928,P0141,C0044,carpenter,2024-07-31 16:37,Wednesday,weekday,16,evening_rush,CBD,Eastleigh,-1.283127,36.824297,-1.280595,36.85551,3.48,Uhuru Highway,4.0,10,12.5,20.0,22.3,3.1,True,4.7,0.952,6,33,240,False,1049,moderate,poor,True,4.8,0.8302
B01929,P0035,C0385,technician,2025-03-16 17:55,Sunday,weekend,17,evening_rush,Eastleigh,Kilimani,-1.266177,36.853074,-1.285862,36.784793,7.9,Jogoo Road,2.38,5,21.0,26.8,34.1,17.8,False,4.3,0.857,3,26,99,True,1339,poor,good,True,4.0,0.6198
B01930,P0022,C0152,electrician,2025-01-13 16:37,Monday,weekday,16,evening_rush,Langata,Spring Valley,-1.337324,36.740716,-1.260572,36.757493,8.74,Ngong Road,4.0,10,12.5,38.3,43.8,5.7,True,4.9,0.913,14,13,350,True,1171,moderate,good,True,5.0,0.799
B01931,P0114,C0266,cleaner,2024-11-27 13:32,Wednesday,weekday,13,midday,Githurai,Westlands,-1.17431,36.888295,-1.272627,36.805451,14.29,Thika Road,2.09,4,23.9,34.7,35.4,5.8,True,3.8,0.766,7,19,357,True,551,poor,good,True,3.3,0.8225
B01932,P0091,C0118,cleaner,2024-04-16 13:55,Tuesday,weekday,13,midday,Syokimau,Roysambu,-1.368545,36.906893,-1.217548,36.878268,17.09,Mombasa Road,2.13,4,23.5,54.8,71.0,17.6,False,4.8,0.949,9,33,459,False,743,moderate,moderate,True,4.9,0.7124
B01933,P0150,C0022,cleaner,2024-09-06 17:06,Friday,weekday,17,evening_rush,Athi River,Kitengela,-1.468362,37.007079,-1.462421,36.971485,4.01,Mombasa Road,4.0,10,12.5,19.2,22.9,5.1,True,5.0,0.827,16,29,896,True,401,poor,poor,False,,0.516
B01934,P0120,C0263,plumber,2025-06-19 18:35,Thursday,weekday,18,evening_rush,Industrial Area,Githurai,-1.305578,36.856668,-1.183339,36.89866,14.37,Mombasa Road,4.0,10,12.5,75.5,69.6,1.5,True,4.4,0.869,14,27,924,True,731,poor,poor,True,4.3,0.787
B01935,P0160,C0173,cleaner,2025-05-18 12:35,Sunday,weekend,12,midday,Embakasi,Rongai,-1.319614,36.900458,-1.402775,36.739584,20.13,Mombasa Road,1.39,1,36.0,30.3,35.0,5.1,True,4.7,0.907,4,29,204,True,370,moderate,poor,False,,0.7498
B01936,P0110,C0231,electrician,2024-10-06 12:28,Sunday,weekend,12,midday,Kasarani,South B,-1.213002,36.900337,-1.314833,36.831959,13.64,Thika Road,1.35,1,37.0,17.9,15.4,6.1,True,3.4,0.852,14,29,1050,True,1119,moderate,moderate,True,3.5,0.9022
B01937,P0120,C0222,plumber,2024-10-29 13:02,Tuesday,weekday,13,midday,Industrial Area,Eastleigh,-1.305578,36.856668,-1.278782,36.846129,3.2,Mombasa Road,2.13,4,23.5,9.0,10.7,4.3,True,4.4,0.869,14,27,924,True,731,poor,poor,True,4.8,0.9133
B01938,P0105,C0189,cleaner,2024-08-20 12:08,Tuesday,weekday,12,midday,Upper Hill,Muthaiga,-1.30826,36.804606,-1.247897,36.833486,7.44,Uhuru Highway,1.88,3,26.6,15.3,16.4,1.7,True,3.2,0.943,10,8,230,True,691,good,good,True,3.3,0.9319
B01939,P0128,C0163,electrician,2024-09-22 17:17,Sunday,weekend,17,evening_rush,Ruiru,Kitengela,-1.143862,36.976006,-1.485599,36.955497,38.07,Thika Road,2.64,5,18.9,129.3,152.5,24.7,False,3.9,0.843,19,39,1501,True,859,poor,poor,True,3.4,0.5145
B01940,P0070,C0196,carpenter,2024-12-03 16:02,Tuesday,weekday,16,evening_rush,Lavington,Kilimani,-1.28849,36.775223,-1.281853,36.777566,0.78,Uhuru Highway,4.0,10,12.5,4.2,5.0,12.8,True,4.0,0.784,12,38,936,True,1077,good,good,False,,0.3803
B01941,P0007,C0092,plumber,2024-11-02 17:29,Saturday,weekend,17,evening_rush,Industrial Area,Githurai,-1.295756,36.837346,-1.192287,36.90567,13.79,Mombasa Road,3.0,7,16.7,45.6,61.5,20.9,False,4.8,0.813,3,17,234,True,1096,poor,poor,True,4.6,0.5473
B01942,P0114,C0120,cleaner,2024-12-23 13:34,Monday,weekday,13,midday,Githurai,Githurai,-1.17431,36.888295,-1.182596,36.903459,1.92,Thika Road,2.09,4,23.9,5.0,6.1,3.6,True,3.8,0.766,7,19,357,True,551,poor,poor,False,,0.5908
B01943,P0068,C0331,electrician,2025-01-19 14:29,Sunday,weekend,14,early_afternoon,Parklands,Langata,-1.28108,36.807397,-1.342853,36.746206,9.67,Forest Road,1.16,1,43.1,15.2,19.5,7.3,True,4.7,0.926,17,10,1122,False,560,good,moderate,True,4.9,1.0
B01944,P0020,C0184,technician,2024-03-11 11:24,Monday,weekday,11,midday,Runda,Kitengela,-1.220161,36.809549,-1.464548,36.970259,32.52,Kiambu Road,1.65,2,30.3,63.4,66.7,4.0,True,4.7,0.833,9,33,594,True,1224,good,poor,True,4.9,0.9512
B01945,P0022,C0151,electrician,2025-04-16 09:39,Wednesday,weekday,9,mid_morning,Langata,Hurlingham,-1.337324,36.740716,-1.306383,36.79672,7.11,Ngong Road,2.08,4,24.0,16.2,15.1,1.9,True,4.9,0.913,14,13,350,True,1171,moderate,good,True,5.0,0.9843
B01946,P0129,C0263,technician,2024-05-17 07:03,Friday,weekday,7,morning_rush,Kasarani,Githurai,-1.212676,36.887025,-1.183339,36.89866,3.51,Thika Road,4.0,10,12.5,17.6,18.4,1.4,True,3.2,0.813,10,25,770,False,973,moderate,poor,True,3.0,0.6998
B01947,P0140,C0330,technician,2024-12-03 16:13,Tuesday,weekday,16,evening_rush,Dagoretti,Kileleshwa,-1.281413,36.751532,-1.28316,36.773274,2.42,Uhuru Highway,4.0,10,12.5,11.8,10.6,1.2,True,4.4,0.846,18,37,1224,True,1113,poor,good,True,3.8,0.778
B01948,P0021,C0403,technician,2025-03-10 11:14,Monday,weekday,11,midday,Kasarani,Embakasi,-1.234208,36.887013,-1.320097,36.901101,9.68,Thika Road,2.09,4,23.9,22.1,25.9,6.1,True,4.3,0.918,11,35,693,True,1319,moderate,moderate,True,4.8,0.921
B01949,P0071,C0475,cleaner,2024-11-05 17:27,Tuesday,weekday,17,evening_rush,Syokimau,Athi River,-1.372822,36.900737,-1.452459,36.984699,12.87,Mombasa Road,4.0,10,12.5,51.5,61.1,9.6,True,4.0,0.902,4,35,212,False,755,moderate,poor,True,4.7,0.716
B01950,P0059,C0051,cleaner,2025-01-06 09:52,Monday,weekday,9,mid_morning,Ruiru,Langata,-1.15681,36.947432,-1.349647,36.744124,31.15,Thika Road,2.31,4,21.6,113.6,112.8,3.6,True,4.4,0.818,7,42,182,True,321,poor,moderate,False,,0.6292
B01951,P0031,C0037,carpenter,2024-01-21 14:00,Sunday,weekend,14,early_afternoon,Gigiri,Kitengela,-1.208399,36.806357,-1.466426,36.955361,33.13,Forest Road,1.16,1,43.1,36.6,45.5,9.2,True,3.1,0.929,2,21,112,False,546,good,poor,True,3.5,0.915
B01952,P0093,C0020,plumber,2025-04-28 09:32,Monday,weekday,9,mid_morning,Roysambu,Industrial Area,-1.2179,36.876935,-1.312364,36.84747,11.0,Thika Road,2.31,4,21.6,31.0,38.7,9.3,True,4.5,0.819,3,37,177,True,646,moderate,poor,False,,0.5872
B01953,P0140,C0103,technician,2024-02-10 07:05,Saturday,weekend,7,morning_rush,Dagoretti,Lavington,-1.281413,36.751532,-1.272169,36.774351,2.74,Uhuru Highway,2.53,5,19.8,6.9,6.8,1.2,True,4.4,0.846,18,37,1224,True,1113,poor,good,True,4.3,0.8956
B01954,P0086,C0101,electrician,2024-10-14 12:38,Monday,weekday,12,midday,Rongai,Embakasi,-1.399737,36.737186,-1.320607,36.896146,19.74,Langata Road,1.75,2,28.6,36.6,38.0,3.7,True,4.3,0.749,12,26,612,True,1339,poor,moderate,True,4.3,0.8837
B01955,P0173,C0169,electrician,2025-01-25 12:03,Saturday,weekend,12,midday,Eastleigh,Langata,-1.283129,36.849829,-1.344115,36.750478,12.96,Jogoo Road,1.13,0,44.2,18.0,15.3,0.8,True,4.4,0.726,7,35,427,True,946,poor,moderate,False,,0.7009
B01956,P0065,C0155,electrician,2024-05-24 14:17,Friday,weekday,14,early_afternoon,Kasarani,Langata,-1.210236,36.897134,-1.340628,36.735996,23.05,Thika Road,2.18,4,22.9,69.5,84.2,15.4,False,5.0,0.784,10,40,200,True,1272,moderate,moderate,False,,0.4043
B01957,P0191,C0418,plumber,2025-03-17 08:46,Monday,weekday,8,morning_rush,Athi River,Kilimani,-1.458754,37.004152,-1.287116,36.787332,30.74,Mombasa Road,4.0,10,12.5,170.9,174.3,4.5,True,3.9,0.908,19,25,570,True,588,poor,good,True,3.6,0.7565
B01958,P0197,C0350,plumber,2025-04-28 15:15,Monday,weekday,15,early_afternoon,Githurai,Hurlingham,-1.184159,36.908215,-1.29414,36.789695,17.98,Thika Road,2.18,4,22.9,55.6,49.6,11.5,True,3.9,0.731,13,8,650,True,1250,poor,good,True,3.3,0.7553
B01959,P0071,C0098,cleaner,2024-11-04 18:35,Monday,weekday,18,evening_rush,Syokimau,Githurai,-1.372822,36.900737,-1.197958,36.899764,19.44,Mombasa Road,4.0,10,12.5,107.1,139.9,34.7,False,4.0,0.902,4,35,212,False,755,moderate,poor,False,,0.1068
B01960,P0181,C0310,carpenter,2025-05-22 09:18,Thursday,weekday,9,mid_morning,Eastleigh,Rongai,-1.285983,36.842261,-1.405758,36.759102,16.21,Jogoo Road,1.89,3,26.5,32.8,44.0,33.3,False,4.1,0.796,2,32,106,True,664,poor,poor,True,3.8,0.4893
B01961,P0036,C0438,electrician,2025-04-16 09:42,Wednesday,weekday,9,mid_morning,Syokimau,Syokimau,-1.369792,36.909296,-1.360263,36.901664,1.36,Mombasa Road,2.25,4,22.2,3.9,3.7,3.9,True,5.0,0.905,9,25,693,False,1058,moderate,moderate,True,4.6,0.955
B01962,P0193,C0367,cleaner,2024-09-12 16:43,Thursday,weekday,16,evening_rush,Industrial Area,Spring Valley,-1.298218,36.849992,-1.273761,36.750099,11.43,Mombasa Road,4.0,10,12.5,38.4,40.0,3.9,True,4.1,0.77,6,25,144,True,807,poor,good,False,,0.4525
B01963,P0190,C0279,technician,2024-11-19 13:56,Tuesday,weekday,13,midday,Ngong,Parklands,-1.349406,36.65827,-1.269101,36.825471,20.62,Ngong Road,1.87,3,26.7,44.9,58.2,13.6,True,3.8,0.809,15,38,465,True,974,poor,good,True,3.7,0.7966
B01964,P0067,C0005,carpenter,2025-02-14 07:19,Friday,weekday,7,morning_rush,Runda,Karen,-1.203143,36.802115,-1.326896,36.715021,16.83,Kiambu Road,3.05,7,16.4,58.9,78.1,26.8,False,3.2,0.784,16,33,384,True,966,good,good,False,,0.1497
B01965,P0198,C0154,cleaner,2025-02-08 08:39,Saturday,weekend,8,morning_rush,Ngong,Lavington,-1.366998,36.657289,-1.277949,36.774784,16.39,Ngong Road,2.34,4,21.4,41.9,45.8,4.3,True,4.7,0.916,6,42,216,True,519,poor,good,True,4.3,0.935
B01966,P0073,C0422,plumber,2024-02-01 15:22,Thursday,weekday,15,early_afternoon,Parklands,Gigiri,-1.265689,36.829151,-1.225999,36.804032,5.22,Forest Road,1.87,3,26.7,10.4,12.3,10.2,True,3.3,0.879,6,40,180,True,1079,good,good,True,3.3,0.8349
B01967,P0089,C0401,electrician,2024-08-11 17:50,Sunday,weekend,17,evening_rush,Hurlingham,Westlands,-1.295309,36.794384,-1.252568,36.809874,5.05,Ngong Road,2.6,5,19.2,13.6,15.4,4.9,True,4.4,0.847,15,21,855,False,1226,good,good,False,,0.6097
B01968,P0104,C0485,cleaner,2025-02-11 09:04,Tuesday,weekday,9,mid_morning,South C,Muthaiga,-1.317485,36.782226,-1.251257,36.835343,9.44,Langata Road,2.03,3,24.6,22.6,21.3,2.7,True,4.8,0.78,15,40,495,True,849,moderate,good,True,4.7,0.9101
B01969,P0104,C0421,cleaner,2025-05-31 10:18,Saturday,weekend,10,mid_morning,South C,Kileleshwa,-1.317485,36.782226,-1.280201,36.768729,4.41,Langata Road,1.32,1,37.9,6.8,9.1,2.8,True,4.8,0.78,15,40,495,True,849,moderate,good,True,4.9,0.9661
B01970,P0149,C0388,technician,2024-02-01 15:54,Thursday,weekday,15,early_afternoon,South B,South B,-1.32145,36.814943,-1.327809,36.822339,1.08,Uhuru Highway,2.1,4,23.8,2.8,2.9,9.8,True,3.7,0.959,3,38,72,True,1667,moderate,moderate,False,,0.6298
B01971,P0168,C0007,carpenter,2024-09-18 07:23,Wednesday,weekday,7,morning_rush,Spring Valley,Gigiri,-1.272247,36.7353,-1.226427,36.812802,10.01,Waiyaki Way,3.46,8,14.5,49.2,64.3,17.1,False,3.6,0.97,19,32,1026,True,535,good,good,True,4.0,0.5607
B01972,P0121,C0335,plumber,2025-03-07 15:27,Friday,weekday,15,early_afternoon,Eastleigh,CBD,-1.269387,36.85348,-1.275722,36.822565,3.51,Jogoo Road,1.94,3,25.8,7.4,8.3,1.8,True,5.0,0.904,19,41,437,True,1381,poor,moderate,True,4.6,0.9968
B01973,P0132,C0390,electrician,2024-01-26 08:39,Friday,weekday,8,morning_rush,South B,Dagoretti,-1.312355,36.821388,-1.297263,36.744125,8.75,Uhuru Highway,3.58,9,14.0,28.6,30.9,5.7,True,5.0,0.865,17,36,1275,True,888,moderate,poor,False,,0.5636
B01974,P0039,C0444,electrician,2024-03-19 07:14,Tuesday,weekday,7,morning_rush,Spring Valley,Muthaiga,-1.278278,36.738872,-1.258748,36.843226,11.8,Waiyaki Way,3.46,8,14.5,44.8,40.2,1.6,True,4.5,0.924,2,10,158,False,1205,good,good,True,4.4,0.8619
B01975,P0102,C0117,plumber,2025-01-11 12:56,Saturday,weekend,12,midday,CBD,Karen,-1.28875,36.816036,-1.330083,36.721055,11.52,Uhuru Highway,1.31,1,38.2,19.6,19.5,1.2,True,4.6,0.858,14,44,294,False,585,moderate,good,False,,0.7592
B01976,P0059,C0371,cleaner,2024-05-30 16:24,Thursday,weekday,16,evening_rush,Ruiru,Kasarani,-1.15681,36.947432,-1.212312,36.892676,8.67,Thika Road,4.0,10,12.5,43.0,46.2,4.6,True,4.4,0.818,7,42,182,True,321,poor,moderate,True,3.9,0.7357
B01977,P0192,C0108,carpenter,2025-05-14 16:26,Wednesday,weekday,16,evening_rush,Ruiru,Karen,-1.139674,36.956392,-1.313554,36.707321,33.77,Thika Road,4.0,10,12.5,168.8,170.9,2.2,True,4.1,0.856,5,15,135,True,760,poor,good,False,,0.5097
B01978,P0122,C0120,plumber,2024-06-06 18:46,Thursday,weekday,18,evening_rush,Roysambu,Githurai,-1.198937,36.868092,-1.182596,36.903459,4.33,Thika Road,4.0,10,12.5,22.1,21.8,2.8,True,4.1,0.848,1,24,34,True,504,moderate,poor,True,3.7,0.7507
B01979,P0133,C0301,plumber,2024-05-14 16:42,Tuesday,weekday,16,evening_rush,Industrial Area,Langata,-1.310118,36.864521,-1.345941,36.751219,13.21,Mombasa Road,4.0,10,12.5,60.7,75.8,16.1,False,3.7,0.792,9,9,423,False,1151,poor,moderate,True,3.1,0.4418
B01980,P0142,C0388,plumber,2025-03-21 17:31,Friday,weekday,17,evening_rush,Kasarani,South B,-1.229622,36.886822,-1.327809,36.822339,13.06,Thika Road,4.0,10,12.5,76.0,75.5,2.0,True,3.3,0.792,9,10,360,True,1064,moderate,moderate,True,3.6,0.6893
B01981,P0120,C0370,plumber,2024-07-21 17:07,Sunday,weekend,17,evening_rush,Industrial Area,Industrial Area,-1.305578,36.856668,-1.311748,36.839705,2.01,Mombasa Road,3.0,7,16.7,7.9,10.1,3.4,True,4.4,0.869,14,27,924,True,731,poor,poor,True,4.5,0.8512
B01982,P0119,C0175,plumber,2025-01-23 16:34,Thursday,weekday,16,evening_rush,Parklands,Muthaiga,-1.278361,36.811882,-1.244738,36.826186,4.06,Forest Road,3.67,9,13.6,16.4,19.3,14.1,True,4.6,0.896,19,19,1026,True,1373,good,good,True,4.0,0.7319
B01983,P0022,C0161,electrician,2025-06-06 12:43,Friday,weekday,12,midday,Langata,Karen,-1.337324,36.740716,-1.318661,36.710683,3.93,Ngong Road,1.87,3,26.7,8.8,9.4,3.9,True,4.9,0.913,14,13,350,True,1171,moderate,good,True,5.0,0.9844
B01984,P0049,C0220,technician,2025-04-16 08:31,Wednesday,weekday,8,morning_rush,Kasarani,Roysambu,-1.213738,36.911241,-1.21902,36.869343,4.69,Thika Road,4.0,10,12.5,21.8,27.5,6.0,True,4.1,0.836,17,7,1343,True,866,moderate,moderate,False,,0.468
B01985,P0198,C0483,cleaner,2025-02-28 17:35,Friday,weekday,17,evening_rush,Ngong,Ruiru,-1.366998,36.657289,-1.152768,36.96224,41.43,Ngong Road,4.0,10,12.5,177.4,174.8,3.6,True,4.7,0.916,6,42,216,True,519,poor,poor,True,4.9,0.808
B01986,P0179,C0214,cleaner,2025-02-25 17:46,Tuesday,weekday,17,evening_rush,Githurai,Westlands,-1.196084,36.901156,-1.260173,36.818928,11.59,Thika Road,4.0,10,12.5,60.5,63.0,2.5,True,5.0,0.821,13,18,702,True,815,poor,good,True,4.8,0.7847
B01987,P0054,C0225,cleaner,2024-06-27 17:48,Thursday,weekday,17,evening_rush,Ruiru,Westlands,-1.144993,36.950231,-1.271401,36.813955,20.67,Thika Road,4.0,10,12.5,104.6,137.0,32.8,False,3.6,0.857,8,44,248,True,336,poor,good,False,,0.0802
B01988,P0116,C0437,technician,2024-02-25 13:58,Sunday,weekend,13,midday,Roysambu,Roysambu,-1.210341,36.87171,-1.199398,36.866782,1.33,Thika Road,1.35,1,37.0,1.3,1.5,0.4,True,4.0,0.871,1,42,48,False,804,moderate,moderate,True,4.4,0.9892
B01989,P0143,C0016,technician,2024-04-07 16:02,Sunday,weekend,16,evening_rush,Spring Valley,Dagoretti,-1.257355,36.737855,-1.303761,36.757864,5.62,Waiyaki Way,2.44,5,20.5,18.9,17.2,0.9,True,3.7,0.841,2,18,154,True,1473,good,poor,False,,0.6178
B01990,P0096,C0072,technician,2024-07-19 14:22,Friday,weekday,14,early_afternoon,Dagoretti,Parklands,-1.288134,36.742623,-1.261309,36.814805,8.56,Uhuru Highway,2.1,4,23.8,28.0,30.9,8.8,True,4.6,0.889,17,42,510,True,1253,poor,good,True,5.0,0.8982
B01991,P0148,C0448,technician,2024-07-17 13:40,Wednesday,weekday,13,midday,Kileleshwa,Runda,-1.273235,36.790198,-1.210032,36.796905,7.07,Uhuru Highway,1.88,3,26.6,15.8,16.8,1.6,True,3.3,0.88,7,23,329,True,1141,good,good,True,3.6,0.9063
B01992,P0033,C0157,carpenter,2025-03-05 08:45,Wednesday,weekday,8,morning_rush,Muthaiga,Spring Valley,-1.254259,36.833037,-1.275302,36.747834,9.76,Forest Road,3.15,7,15.9,40.0,37.0,1.9,True,4.2,0.88,4,10,112,True,622,good,good,True,4.5,0.8472
B01993,P0189,C0005,carpenter,2024-05-04 10:47,Saturday,weekend,10,mid_morning,CBD,Karen,-1.281145,36.806807,-1.326896,36.715021,11.4,Uhuru Highway,1.43,1,35.0,17.4,20.0,10.7,True,4.4,0.928,5,7,390,True,733,moderate,good,True,4.5,0.9454
B01994,P0128,C0415,electrician,2024-07-20 15:24,Saturday,weekend,15,early_afternoon,Ruiru,South B,-1.143862,36.976006,-1.315701,36.816905,26.04,Thika Road,1.34,1,37.3,34.0,30.2,1.6,True,3.9,0.843,19,39,1501,True,859,poor,moderate,True,4.3,0.961
B01995,P0169,C0428,cleaner,2024-06-18 18:26,Tuesday,weekday,18,evening_rush,CBD,Kilimani,-1.279373,36.828665,-1.303171,36.775995,6.43,Uhuru Highway,4.0,10,12.5,31.2,36.5,6.7,True,5.0,0.778,8,26,192,True,648,moderate,good,False,,0.4782
B01996,P0091,C0174,cleaner,2024-02-27 10:36,Tuesday,weekday,10,mid_morning,Syokimau,Westlands,-1.368545,36.906893,-1.265943,36.814024,15.39,Mombasa Road,2.25,4,22.2,44.8,50.8,7.2,True,4.8,0.949,9,33,459,False,743,moderate,good,True,4.9,0.9395
B01997,P0058,C0215,electrician,2024-03-25 16:15,Monday,weekday,16,evening_rush,Muthaiga,Lavington,-1.257845,36.837065,-1.287108,36.763248,8.83,Forest Road,3.67,9,13.6,40.3,37.3,0.9,True,4.5,0.922,15,44,1140,True,755,good,good,True,4.4,0.8499
B01998,P0109,C0352,cleaner,2024-02-07 08:19,Wednesday,weekday,8,morning_rush,Kileleshwa,Gigiri,-1.273273,36.789956,-1.2239,36.80017,5.61,Uhuru Highway,3.58,9,14.0,19.7,24.4,10.9,True,3.7,0.918,19,42,1368,True,740,good,good,True,4.1,0.7318
B01999,P0193,C0207,cleaner,2025-04-16 09:24,Wednesday,weekday,9,mid_morning,Industrial Area,Roysambu,-1.298218,36.849992,-1.216177,36.872167,9.45,Mombasa Road,2.25,4,22.2,29.6,37.4,8.3,True,4.1,0.77,6,25,144,True,807,poor,moderate,True,4.0,0.8058
B02000,P0196,C0399,technician,2024-09-29 10:23,Sunday,weekend,10,mid_morning,Kasarani,Ngong,-1.219995,36.884155,-1.360271,36.655674,29.81,Thika Road,1.44,1,34.7,50.4,60.8,11.5,True,3.4,0.833,3,23,120,False,1053,moderate,poor,True,3.7,0.8405
B02001,P0177,C0276,cleaner,2024-05-09 17:21,Thursday,weekday,17,evening_rush,South C,Kileleshwa,-1.321132,36.802989,-1.284677,36.791488,4.25,Langata Road,3.58,9,14.0,20.4,26.3,12.3,True,3.3,0.785,5,21,270,True,495,moderate,good,True,3.2,0.6336
B02002,P0077,C0167,carpenter,2025-03-04 08:41,Tuesday,weekday,8,morning_rush,Kileleshwa,Industrial Area,-1.283737,36.770673,-1.30478,36.863493,10.58,Uhuru Highway,3.58,9,14.0,44.8,45.0,0.2,True,4.7,0.801,1,23,40,True,622,good,poor,False,,0.5624
B02003,P0151,C0012,cleaner,2025-01-19 14:24,Sunday,weekend,14,early_afternoon,Dagoretti,Dagoretti,-1.302898,36.752931,-1.284733,36.758086,2.1,Uhuru Highway,1.35,1,37.0,3.5,4.4,2.0,True,4.8,0.747,8,12,480,False,887,poor,poor,False,,0.7038
B02004,P0146,C0403,electrician,2024-03-01 08:10,Friday,weekday,8,morning_rush,Embakasi,Embakasi,-1.323622,36.89238,-1.320097,36.901101,1.05,Mombasa Road,4.0,10,12.5,5.9,6.9,9.6,True,5.0,0.807,14,19,476,True,630,moderate,moderate,True,4.4,0.7185
B02005,P0009,C0473,technician,2024-07-12 15:47,Friday,weekday,15,early_afternoon,Westlands,Kitengela,-1.26042,36.818632,-1.468293,36.954207,27.59,Waiyaki Way,1.95,3,25.6,80.4,81.4,3.1,True,4.9,0.954,9,9,531,False,879,good,poor,True,4.5,1.0
B02006,P0036,C0079,electrician,2024-09-08 10:15,Sunday,weekend,10,mid_morning,Syokimau,Ngong,-1.369792,36.909296,-1.357933,36.657991,27.97,Mombasa Road,1.59,2,31.4,43.8,53.4,12.7,True,5.0,0.905,9,25,693,False,1058,moderate,poor,False,,0.6845
B02007,P0085,C0291,carpenter,2024-03-05 10:04,Tuesday,weekday,10,mid_morning,Dagoretti,Gigiri,-1.279595,36.742246,-1.211121,36.80094,10.03,Uhuru Highway,2.25,4,22.2,26.4,28.7,3.0,True,3.9,0.754,16,11,1232,False,495,poor,good,True,3.7,0.832
B02008,P0162,C0410,plumber,2025-02-24 11:55,Monday,weekday,11,midday,Upper Hill,Parklands,-1.283701,36.803014,-1.266272,36.821401,2.82,Uhuru Highway,1.88,3,26.6,6.7,5.9,2.3,True,4.7,0.987,9,20,693,True,819,good,good,True,4.7,1.0
B02009,P0155,C0468,plumber,2024-07-01 17:34,Monday,weekday,17,evening_rush,Parklands,Gigiri,-1.259306,36.829537,-1.221544,36.805428,4.98,Forest Road,3.67,9,13.6,19.1,22.7,9.7,True,4.6,0.866,17,44,476,False,863,good,good,True,4.6,0.7536
B02010,P0156,C0294,electrician,2024-04-03 09:31,Wednesday,weekday,9,mid_morning,Muthaiga,South C,-1.236172,36.844282,-1.309493,36.786886,10.35,Forest Road,1.91,3,26.2,20.9,17.9,1.3,True,4.2,0.819,19,21,475,True,963,good,moderate,True,4.4,0.9209
B02011,P0101,C0196,cleaner,2025-06-20 10:44,Friday,weekday,10,mid_morning,South B,Kilimani,-1.316934,36.821923,-1.281853,36.777566,6.29,Uhuru Highway,2.25,4,22.2,16.4,17.1,2.8,True,4.8,0.773,5,33,180,True,405,moderate,good,True,4.8,0.8882
B02012,P0053,C0486,electrician,2024-01-14 17:56,Sunday,weekend,17,evening_rush,Syokimau,Roysambu,-1.355438,36.894191,-1.219694,36.863585,15.47,Mombasa Road,3.0,7,16.7,62.0,79.5,22.0,False,4.6,0.768,3,32,108,True,841,moderate,moderate,True,4.7,0.5057
B02013,P0101,C0033,cleaner,2024-06-20 09:53,Thursday,weekday,9,mid_morning,South B,Roysambu,-1.316934,36.821923,-1.215812,36.88135,13.04,Uhuru Highway,2.25,4,22.2,34.8,45.1,16.4,False,4.8,0.773,5,33,180,True,405,moderate,moderate,False,,0.3748
B02014,P0137,C0198,technician,2025-05-05 11:45,Monday,weekday,11,midday,South C,Dagoretti,-1.326641,36.801857,-1.294583,36.745058,7.25,Langata Road,1.75,2,28.6,14.9,17.9,5.5,True,4.4,0.817,7,12,462,True,794,moderate,poor,False,,0.6577
B02015,P0049,C0244,technician,2025-06-06 10:47,Friday,weekday,10,mid_morning,Kasarani,Parklands,-1.213738,36.911241,-1.259711,36.833857,10.01,Thika Road,2.31,4,21.6,30.0,33.1,3.2,True,4.1,0.836,17,7,1343,True,866,moderate,good,False,,0.6265
B02016,P0028,C0169,technician,2024-10-22 11:25,Tuesday,weekday,11,midday,Hurlingham,Langata,-1.287818,36.781917,-1.344115,36.750478,7.17,Ngong Road,1.87,3,26.7,18.8,23.9,5.2,True,3.2,0.791,6,37,354,False,1755,good,moderate,True,3.5,0.8276
B02017,P0146,C0493,electrician,2024-06-23 14:28,Sunday,weekend,14,early_afternoon,Embakasi,Parklands,-1.323622,36.89238,-1.254256,36.812647,11.75,Mombasa Road,1.43,1,35.0,19.5,22.1,6.2,True,5.0,0.807,14,19,476,True,630,moderate,good,False,,0.7024
B02018,P0116,C0328,technician,2024-12-03 13:05,Tuesday,weekday,13,midday,Roysambu,Eastleigh,-1.210341,36.87171,-1.284459,36.855163,8.44,Thika Road,2.09,4,23.9,20.8,24.5,8.9,True,4.0,0.871,1,42,48,False,804,moderate,poor,False,,0.6091
B02019,P0078,C0048,plumber,2024-01-01 07:28,Monday,weekday,7,morning_rush,Spring Valley,Kikuyu,-1.275279,36.740173,-1.236406,36.661128,9.79,Waiyaki Way,3.46,8,14.5,42.4,47.3,5.7,True,4.2,0.881,10,6,270,True,1363,good,poor,True,5.0,0.7912
B02020,P0044,C0054,plumber,2024-05-26 13:46,Sunday,weekend,13,midday,Eastleigh,South B,-1.286651,36.848557,-1.32957,36.82559,5.41,Jogoo Road,1.13,0,44.2,9.6,12.4,4.0,True,4.5,0.889,17,28,646,True,806,poor,moderate,False,,0.7608
B02021,P0173,C0284,electrician,2024-10-11 09:56,Friday,weekday,9,mid_morning,Eastleigh,Hurlingham,-1.283129,36.849829,-1.293287,36.807185,4.87,Jogoo Road,1.89,3,26.5,11.6,10.2,1.3,True,4.4,0.726,7,35,427,True,946,poor,good,False,,0.636
B02022,P0046,C0017,cleaner,2024-03-03 14:41,Sunday,weekend,14,early_afternoon,Rongai,Runda,-1.390957,36.7597,-1.221351,36.798198,19.34,Langata Road,1.23,1,40.7,33.8,36.2,5.6,True,3.4,0.843,12,33,360,True,781,poor,good,True,3.0,0.9114
B02023,P0177,C0309,cleaner,2024-05-28 15:48,Tuesday,weekday,15,early_afternoon,South C,Muthaiga,-1.321132,36.802989,-1.246888,36.834549,8.97,Langata Road,1.89,3,26.5,21.8,26.6,5.8,True,3.3,0.785,5,21,270,True,495,moderate,good,True,3.8,0.823
B02024,P0126,C0014,plumber,2025-05-14 17:19,Wednesday,weekday,17,evening_rush,Syokimau,Athi River,-1.384197,36.899152,-1.458903,36.985509,12.69,Mombasa Road,4.0,10,12.5,58.8,51.4,3.3,True,3.8,0.784,1,32,46,True,1101,moderate,poor,True,3.2,0.6995
B02025,P0048,C0102,electrician,2025-03-09 18:18,Sunday,weekend,18,evening_rush,Dagoretti,Eastleigh,-1.28378,36.747291,-1.28078,36.848361,11.24,Uhuru Highway,2.59,5,19.3,43.0,48.6,6.0,True,5.0,0.867,19,34,1311,True,1137,poor,poor,True,5.0,0.8913
B02026,P0018,C0467,plumber,2024-10-21 07:28,Monday,weekday,7,morning_rush,Hurlingham,Langata,-1.292456,36.806022,-1.333998,36.746141,8.1,Ngong Road,3.71,9,13.5,32.0,28.9,4.8,True,4.8,0.913,10,7,590,False,659,good,moderate,True,5.0,0.8247
B02027,P0099,C0146,plumber,2025-04-01 10:01,Tuesday,weekday,10,mid_morning,Roysambu,Gigiri,-1.221829,36.868602,-1.23352,36.818168,5.76,Thika Road,2.31,4,21.6,13.5,13.2,2.6,True,3.1,0.917,11,10,330,True,711,moderate,good,True,2.8,0.872
B02028,P0053,C0120,electrician,2024-06-04 15:04,Tuesday,weekday,15,early_afternoon,Syokimau,Githurai,-1.355438,36.894191,-1.182596,36.903459,19.25,Mombasa Road,2.13,4,23.5,49.9,48.5,1.2,True,4.6,0.768,3,32,108,True,841,moderate,poor,True,5.0,0.8986
B02029,P0075,C0338,carpenter,2025-05-31 15:24,Saturday,weekend,15,early_afternoon,Kikuyu,Gigiri,-1.245138,36.66463,-1.232066,36.811424,16.38,Waiyaki Way,1.28,1,39.1,26.6,30.1,4.1,True,5.0,0.861,9,42,189,True,655,poor,good,True,4.9,1.0
B02030,P0135,C0036,electrician,2024-01-26 16:04,Friday,weekday,16,evening_rush,Muthaiga,Kasarani,-1.24462,36.826256,-1.226354,36.900079,8.45,Forest Road,3.67,9,13.6,38.5,43.9,5.5,True,3.5,0.821,11,10,242,True,1068,good,moderate,False,,0.4611
B02031,P0117,C0030,technician,2025-05-16 09:50,Friday,weekday,9,mid_morning,Dagoretti,Kitengela,-1.304001,36.758584,-1.483851,36.955822,29.68,Uhuru Highway,2.25,4,22.2,87.6,86.7,2.2,True,4.0,0.833,6,23,468,False,860,poor,poor,True,4.5,0.8832
B02032,P0095,C0266,plumber,2024-04-06 08:19,Saturday,weekend,8,morning_rush,Spring Valley,Westlands,-1.277903,36.744602,-1.272627,36.805451,6.79,Waiyaki Way,2.2,4,22.7,19.4,18.8,0.7,True,3.9,0.847,12,33,672,True,967,good,good,True,3.5,0.9017
B02033,P0003,C0088,cleaner,2025-04-17 11:19,Thursday,weekday,11,midday,Kilimani,Kikuyu,-1.304266,36.787504,-1.251358,36.670042,14.32,Uhuru Highway,1.88,3,26.6,34.8,39.4,5.8,True,5.0,0.846,15,25,390,True,501,good,poor,True,4.9,0.9393
B02034,P0084,C0441,technician,2024-07-06 17:40,Saturday,weekend,17,evening_rush,Eastleigh,Eastleigh,-1.261233,36.851061,-1.270033,36.862979,1.65,Jogoo Road,2.38,5,21.0,4.6,6.1,2.6,True,4.9,0.823,15,26,705,True,758,poor,poor,True,4.8,0.9094
B02035,P0106,C0201,carpenter,2024-02-02 08:58,Friday,weekday,8,morning_rush,Syokimau,Upper Hill,-1.36283,36.900425,-1.295557,36.813935,12.18,Mombasa Road,4.0,10,12.5,58.4,77.6,20.8,False,5.0,0.769,17,37,799,True,870,moderate,good,True,4.6,0.4562
B02036,P0041,C0057,electrician,2025-03-12 08:35,Wednesday,weekday,8,morning_rush,Eastleigh,Athi River,-1.262587,36.837939,-1.45826,36.994492,27.86,Jogoo Road,3.43,8,14.6,117.0,111.9,10.7,True,3.7,0.801,17,24,731,True,969,poor,poor,False,,0.4369
B02037,P0034,C0275,electrician,2024-07-14 14:36,Sunday,weekend,14,early_afternoon,Ruiru,Lavington,-1.147348,36.960424,-1.278276,36.774547,25.28,Thika Road,1.34,1,37.3,39.2,46.2,15.4,False,4.7,0.756,12,21,348,True,1449,poor,good,True,4.2,0.6925
B02038,P0108,C0245,cleaner,2024-11-30 14:33,Saturday,weekend,14,early_afternoon,Ruiru,Lavington,-1.133647,36.975468,-1.291629,36.774201,28.45,Thika Road,1.34,1,37.3,54.8,50.9,4.8,True,4.8,0.739,4,44,244,True,407,poor,good,True,5.0,0.9273
B02039,P0191,C0036,plumber,2024-08-05 13:21,Monday,weekday,13,midday,Athi River,Kasarani,-1.458754,37.004152,-1.226354,36.900079,28.31,Mombasa Road,2.13,4,23.5,67.8,83.0,28.2,False,3.9,0.908,19,25,570,True,588,poor,moderate,True,3.5,0.5586
B02040,P0100,C0490,plumber,2024-05-16 08:26,Thursday,weekday,8,morning_rush,South C,South C,-1.32936,36.803922,-1.326793,36.790486,1.52,Langata Road,3.3,8,15.2,5.8,7.5,5.2,True,4.0,0.88,19,21,399,True,1339,moderate,moderate,False,,0.5477
B02041,P0053,C0067,electrician,2024-10-02 10:49,Wednesday,weekday,10,mid_morning,Syokimau,Kasarani,-1.355438,36.894191,-1.217438,36.907365,15.41,Mombasa Road,2.25,4,22.2,37.7,34.1,5.6,True,4.6,0.768,3,32,108,True,841,moderate,moderate,True,4.7,0.8523
B02042,P0053,C0159,electrician,2024-09-02 14:00,Monday,weekday,14,early_afternoon,Syokimau,Githurai,-1.355438,36.894191,-1.186539,36.897307,18.78,Mombasa Road,2.13,4,23.5,53.0,47.5,5.6,True,4.6,0.768,3,32,108,True,841,moderate,poor,False,,0.6119
B02043,P0111,C0419,technician,2024-05-09 13:37,Thursday,weekday,13,midday,Ngong,Upper Hill,-1.371368,36.653568,-1.289975,36.812956,19.9,Ngong Road,1.87,3,26.7,54.2,53.3,3.7,True,3.7,0.776,3,23,129,True,1613,poor,good,False,,0.6076
B02044,P0182,C0341,electrician,2024-07-06 11:49,Saturday,weekend,11,midday,Athi River,Eastleigh,-1.450424,36.986851,-1.265804,36.861585,24.81,Mombasa Road,1.39,1,36.0,39.5,43.4,6.7,True,4.0,0.826,17,35,442,True,676,poor,poor,True,4.4,0.911
B02045,P0122,C0082,plumber,2025-03-22 11:49,Saturday,weekend,11,midday,Roysambu,Westlands,-1.198937,36.868092,-1.271263,36.804051,10.74,Thika Road,1.35,1,37.0,17.4,18.4,1.4,True,4.1,0.848,1,24,34,True,504,moderate,good,True,4.1,0.9743
B02046,P0155,C0295,plumber,2025-05-23 09:32,Friday,weekday,9,mid_morning,Parklands,Langata,-1.259306,36.829537,-1.353649,36.757521,13.2,Forest Road,1.91,3,26.2,30.8,37.8,8.1,True,4.6,0.866,17,44,476,False,863,good,moderate,True,4.5,0.9077
B02047,P0080,C0301,cleaner,2024-05-10 15:50,Friday,weekday,15,early_afternoon,Embakasi,Langata,-1.329891,36.910858,-1.345941,36.751219,17.84,Mombasa Road,2.13,4,23.5,47.3,47.4,0.7,True,3.8,0.88,6,38,408,True,612,moderate,moderate,True,3.7,0.9188
B02048,P0052,C0258,cleaner,2025-05-26 09:11,Monday,weekday,9,mid_morning,Kitengela,Embakasi,-1.47149,36.958108,-1.321308,36.898818,17.95,Mombasa Road,2.25,4,22.2,43.6,40.5,0.9,True,5.0,0.889,8,14,280,False,767,poor,moderate,False,,0.722
B02049,P0184,C0351,plumber,2025-02-25 11:48,Tuesday,weekday,11,midday,Rongai,Gigiri,-1.407716,36.7524,-1.230908,36.803577,20.47,Langata Road,1.75,2,28.6,46.1,40.6,10.7,True,4.7,0.748,2,5,54,False,1313,poor,good,True,4.7,0.8448
B02050,P0118,C0142,cleaner,2024-08-04 14:41,Sunday,weekend,14,early_afternoon,Syokimau,Gigiri,-1.375522,36.898831,-1.212641,36.816808,20.28,Mombasa Road,1.43,1,35.0,32.7,42.2,12.4,True,4.0,0.883,12,22,552,True,781,moderate,good,True,4.9,0.8888
B02051,P0052,C0004,cleaner,2024-02-20 10:03,Tuesday,weekday,10,mid_morning,Kitengela,Syokimau,-1.47149,36.958108,-1.375166,36.889046,13.18,Mombasa Road,2.25,4,22.2,36.3,43.1,9.4,True,5.0,0.889,8,14,280,False,767,poor,moderate,False,,0.6512
B02052,P0037,C0229,cleaner,2024-09-26 13:43,Thursday,weekday,13,midday,Langata,Roysambu,-1.35501,36.742017,-1.20113,36.87904,22.91,Ngong Road,1.87,3,26.7,65.5,73.1,15.0,True,5.0,0.927,5,37,190,True,468,moderate,moderate,False,,0.6539
B02053,P0017,C0423,carpenter,2025-03-05 14:14,Wednesday,weekday,14,early_afternoon,Parklands,South C,-1.265137,36.832357,-1.309305,36.790216,6.79,Forest Road,1.87,3,26.7,17.4,23.3,6.4,True,3.8,0.979,7,16,238,True,1016,good,moderate,True,3.5,0.9416
B02054,P0103,C0310,cleaner,2024-08-09 18:49,Friday,weekday,18,evening_rush,Lavington,Rongai,-1.2836,36.766546,-1.405758,36.759102,13.61,Uhuru Highway,4.0,10,12.5,61.5,69.7,9.1,True,3.3,0.854,4,17,180,True,799,good,poor,True,3.6,0.6612
B02055,P0064,C0270,electrician,2025-04-07 08:34,Monday,weekday,8,morning_rush,Parklands,Spring Valley,-1.263494,36.832383,-1.265969,36.748297,9.35,Forest Road,3.15,7,15.9,33.9,34.6,0.9,True,3.7,0.803,18,6,1224,True,1206,good,good,True,3.6,0.792
B02056,P0085,C0467,carpenter,2024-10-27 12:58,Sunday,weekend,12,midday,Dagoretti,Langata,-1.279595,36.742246,-1.333998,36.746141,6.06,Uhuru Highway,1.31,1,38.2,7.5,7.0,0.8,True,3.9,0.754,16,11,1232,False,495,poor,moderate,False,,0.6755
B02057,P0146,C0451,electrician,2024-10-21 12:03,Monday,weekday,12,midday,Embakasi,Syokimau,-1.323622,36.89238,-1.374186,36.904116,5.77,Mombasa Road,2.13,4,23.5,14.7,17.6,4.1,True,5.0,0.807,14,19,476,True,630,moderate,moderate,False,,0.6639
B02058,P0126,C0236,plumber,2025-03-30 13:21,Sunday,weekend,13,midday,Syokimau,Kasarani,-1.384197,36.899152,-1.226287,36.902066,17.56,Mombasa Road,1.39,1,36.0,23.9,24.5,3.6,True,3.8,0.784,1,32,46,True,1101,moderate,moderate,True,4.2,0.9058
B02059,P0119,C0295,plumber,2024-05-16 17:03,Thursday,weekday,17,evening_rush,Parklands,Langata,-1.278361,36.811882,-1.353649,36.757521,10.32,Forest Road,3.67,9,13.6,34.2,32.3,3.0,True,4.6,0.896,19,19,1026,True,1373,good,moderate,True,5.0,0.8244
B02060,P0011,C0378,plumber,2024-04-20 15:37,Saturday,weekend,15,early_afternoon,Kitengela,Githurai,-1.461571,36.951166,-1.177054,36.9103,31.96,Mombasa Road,1.43,1,35.0,53.2,70.7,23.1,False,3.5,0.741,16,28,768,True,1242,poor,poor,True,3.1,0.5536
B02061,P0024,C0148,cleaner,2024-08-10 09:25,Saturday,weekend,9,mid_morning,Langata,Gigiri,-1.334684,36.751712,-1.224726,36.798467,13.29,Ngong Road,1.4,1,35.7,26.9,25.5,0.4,True,4.2,0.957,7,5,462,False,870,moderate,good,True,4.3,1.0
B02062,P0166,C0452,electrician,2025-05-01 12:02,Thursday,weekday,12,midday,Upper Hill,Syokimau,-1.284545,36.821501,-1.378699,36.900988,13.7,Uhuru Highway,1.88,3,26.6,30.2,28.4,1.7,True,3.9,0.944,14,36,1022,True,745,good,moderate,True,3.6,0.9674
B02063,P0117,C0178,technician,2025-04-24 16:03,Thursday,weekday,16,evening_rush,Dagoretti,Kitengela,-1.304001,36.758584,-1.470182,36.960162,29.04,Uhuru Highway,4.0,10,12.5,134.2,119.9,1.0,True,4.0,0.833,6,23,468,False,860,poor,poor,False,,0.5032
B02064,P0180,C0432,technician,2024-01-29 15:48,Monday,weekday,15,early_afternoon,Upper Hill,Langata,-1.303674,36.816618,-1.349647,36.743528,9.6,Uhuru Highway,2.1,4,23.8,23.6,23.2,0.1,True,4.3,0.987,16,44,544,True,1558,good,moderate,True,4.7,1.0
B02065,P0183,C0406,carpenter,2024-11-15 08:39,Friday,weekday,8,morning_rush,Langata,Kileleshwa,-1.346859,36.745886,-1.27147,36.783183,9.35,Ngong Road,3.71,9,13.5,31.5,30.3,0.5,True,3.4,0.755,14,5,322,True,885,moderate,good,True,3.3,0.7115
B02066,P0077,C0201,carpenter,2025-02-02 14:25,Sunday,weekend,14,early_afternoon,Kileleshwa,Upper Hill,-1.283737,36.770673,-1.295557,36.813935,4.99,Uhuru Highway,1.35,1,37.0,9.1,9.6,1.7,True,4.7,0.801,1,23,40,True,622,good,good,True,4.1,0.9783
B02067,P0157,C0422,cleaner,2024-11-13 16:10,Wednesday,weekday,16,evening_rush,Roysambu,Gigiri,-1.213324,36.857954,-1.225999,36.804032,6.16,Thika Road,4.0,10,12.5,29.0,32.0,12.2,True,3.7,0.948,6,10,216,True,857,moderate,good,True,3.6,0.7023
B02068,P0045,C0213,carpenter,2024-11-12 17:38,Tuesday,weekday,17,evening_rush,Dagoretti,Gigiri,-1.293654,36.741826,-1.21338,36.801119,11.1,Uhuru Highway,4.0,10,12.5,57.3,56.2,1.6,True,4.7,0.781,19,17,1425,True,1141,poor,good,True,4.9,0.7572
B02069,P0064,C0092,electrician,2024-11-22 07:20,Friday,weekday,7,morning_rush,Parklands,Githurai,-1.263494,36.832383,-1.192287,36.90567,11.36,Forest Road,3.15,7,15.9,49.0,55.4,9.5,True,3.7,0.803,18,6,1224,True,1206,good,poor,True,4.3,0.7203
B02070,P0159,C0376,plumber,2024-01-11 16:48,Thursday,weekday,16,evening_rush,Eastleigh,Rongai,-1.276563,36.8629,-1.401487,36.74892,18.8,Jogoo Road,3.57,9,14.0,76.5,94.7,27.3,False,4.0,0.737,17,35,884,True,1202,poor,poor,False,,0.1204
B02071,P0111,C0235,technician,2025-01-24 07:03,Friday,weekday,7,morning_rush,Ngong,Kasarani,-1.371368,36.653568,-1.213502,36.887673,31.39,Ngong Road,3.71,9,13.5,136.3,153.0,17.0,False,3.7,0.776,3,23,129,True,1613,poor,moderate,True,3.2,0.4495
B02072,P0099,C0467,plumber,2025-03-19 17:52,Wednesday,weekday,17,evening_rush,Roysambu,Langata,-1.221829,36.868602,-1.333998,36.746141,18.46,Thika Road,4.0,10,12.5,82.7,91.4,9.2,True,3.1,0.917,11,10,330,True,711,moderate,moderate,True,4.0,0.6818
B02073,P0169,C0094,cleaner,2024-09-13 13:50,Friday,weekday,13,midday,CBD,Dagoretti,-1.279373,36.828665,-1.30353,36.736951,10.54,Uhuru Highway,1.88,3,26.6,28.6,34.3,5.9,True,5.0,0.778,8,26,192,True,648,moderate,poor,True,5.0,0.9044
B02074,P0179,C0292,cleaner,2024-04-30 10:32,Tuesday,weekday,10,mid_morning,Githurai,Embakasi,-1.196084,36.901156,-1.327653,36.895106,14.65,Thika Road,2.31,4,21.6,28.5,37.9,19.2,False,5.0,0.821,13,18,702,True,815,poor,moderate,True,4.4,0.6307
B02075,P0025,C0202,cleaner,2025-01-09 15:25,Thursday,weekday,15,early_afternoon,Langata,Ngong,-1.346931,36.741658,-1.357075,36.664168,8.69,Ngong Road,2.03,3,24.6,22.7,30.5,9.1,True,4.2,0.845,3,5,156,True,558,moderate,poor,True,4.7,0.8593
B02076,P0179,C0485,cleaner,2024-03-28 13:18,Thursday,weekday,13,midday,Githurai,Muthaiga,-1.196084,36.901156,-1.251257,36.835343,9.55,Thika Road,2.09,4,23.9,26.8,25.0,2.7,True,5.0,0.821,13,18,702,True,815,poor,good,True,5.0,0.9358
B02077,P0012,C0123,electrician,2024-04-06 17:32,Saturday,weekend,17,evening_rush,Hurlingham,Kikuyu,-1.295566,36.800621,-1.246299,36.666144,15.92,Ngong Road,2.6,5,19.2,51.7,54.4,4.4,True,3.1,0.784,3,33,111,False,555,good,poor,True,2.8,0.7673
B02078,P0041,C0141,electrician,2025-02-02 10:29,Sunday,weekend,10,mid_morning,Eastleigh,Langata,-1.262587,36.837939,-1.334182,36.745251,13.02,Jogoo Road,1.28,1,39.1,19.0,19.7,7.1,True,3.7,0.801,17,24,731,True,969,poor,moderate,False,,0.6389
B02079,P0161,C0276,cleaner,2024-08-09 07:26,Friday,weekday,7,morning_rush,Dagoretti,Kileleshwa,-1.301444,36.756457,-1.284677,36.791488,4.32,Uhuru Highway,3.58,9,14.0,18.6,24.5,7.2,True,4.0,0.762,12,41,924,True,473,poor,good,False,,0.4496
B02080,P0075,C0342,carpenter,2024-12-05 10:10,Thursday,weekday,10,mid_morning,Kikuyu,Rongai,-1.245138,36.66463,-1.38765,36.746772,18.29,Waiyaki Way,2.13,4,23.5,43.3,42.7,1.9,True,5.0,0.861,9,42,189,True,655,poor,poor,True,5.0,0.9593
B02081,P0018,C0358,plumber,2024-07-31 14:47,Wednesday,weekday,14,early_afternoon,Hurlingham,Embakasi,-1.292456,36.806022,-1.327547,36.912204,12.43,Ngong Road,2.03,3,24.6,32.7,32.2,4.9,True,4.8,0.913,10,7,590,False,659,good,moderate,True,4.0,0.9583
B02082,P0186,C0370,cleaner,2024-05-03 10:29,Friday,weekday,10,mid_morning,Parklands,Industrial Area,-1.259849,36.809984,-1.311748,36.839705,6.65,Forest Road,1.91,3,26.2,15.4,15.1,11.5,True,4.7,0.915,7,22,273,True,678,good,poor,True,5.0,0.9089
B02083,P0056,C0466,carpenter,2024-04-24 11:42,Wednesday,weekday,11,midday,Spring Valley,Dagoretti,-1.25633,36.750322,-1.289227,36.74283,3.75,Waiyaki Way,1.88,3,26.6,7.8,7.1,7.3,True,4.5,0.829,15,40,600,True,644,good,poor,False,,0.6433
B02084,P0127,C0211,technician,2024-04-09 10:34,Tuesday,weekday,10,mid_morning,Lavington,Karen,-1.28395,36.781169,-1.31517,36.711486,8.49,Uhuru Highway,2.25,4,22.2,21.2,23.5,4.5,True,4.0,0.82,19,24,969,True,1214,good,good,True,4.3,0.8575
B02085,P0196,C0284,technician,2024-03-16 15:21,Saturday,weekend,15,early_afternoon,Kasarani,Hurlingham,-1.219995,36.884155,-1.293287,36.807185,11.82,Thika Road,1.34,1,37.3,19.7,20.9,4.7,True,3.4,0.833,3,23,120,False,1053,moderate,good,False,,0.6551
B02086,P0032,C0189,cleaner,2024-11-08 18:06,Friday,weekday,18,evening_rush,Gigiri,Muthaiga,-1.218323,36.820818,-1.247897,36.833486,3.58,Forest Road,3.67,9,13.6,16.8,16.1,2.6,True,4.8,0.979,15,10,690,False,551,good,good,True,4.8,0.8792
B02087,P0020,C0387,technician,2024-04-03 12:37,Wednesday,weekday,12,midday,Runda,Lavington,-1.220161,36.809549,-1.277546,36.771504,7.66,Kiambu Road,1.65,2,30.3,11.8,13.4,2.5,True,4.7,0.833,9,33,594,True,1224,good,good,True,4.9,0.9637
B02088,P0027,C0259,technician,2024-08-19 11:35,Monday,weekday,11,midday,Muthaiga,Kileleshwa,-1.257454,36.847519,-1.281774,36.782208,7.75,Forest Road,1.7,2,29.4,18.8,19.8,3.7,True,4.8,0.786,13,40,780,True,771,good,good,True,4.9,0.9312
B02089,P0197,C0400,plumber,2024-12-25 09:05,Wednesday,weekday,9,mid_morning,Githurai,Embakasi,-1.184159,36.908215,-1.313378,36.911137,14.37,Thika Road,2.31,4,21.6,39.8,41.8,5.4,True,3.9,0.731,13,8,650,True,1250,poor,moderate,False,,0.5457
B02090,P0084,C0210,technician,2024-08-25 12:52,Sunday,weekend,12,midday,Eastleigh,Karen,-1.261233,36.851061,-1.330928,36.708139,17.68,Jogoo Road,1.13,0,44.2,24.1,30.6,6.7,True,4.9,0.823,15,26,705,True,758,poor,good,True,4.5,0.9753
B02091,P0116,C0085,technician,2024-03-15 15:11,Friday,weekday,15,early_afternoon,Roysambu,Athi River,-1.210341,36.87171,-1.457421,36.983527,30.16,Thika Road,2.18,4,22.9,75.5,93.9,20.0,False,4.0,0.871,1,42,48,False,804,moderate,poor,True,3.5,0.6094
B02092,P0065,C0107,electrician,2024-02-10 17:32,Saturday,weekend,17,evening_rush,Kasarani,Upper Hill,-1.210236,36.897134,-1.292346,36.804925,13.73,Thika Road,2.64,5,18.9,36.5,40.7,6.5,True,5.0,0.784,10,40,200,True,1272,moderate,good,True,5.0,0.8416
B02093,P0130,C0023,electrician,2024-02-11 09:40,Sunday,weekend,9,mid_morning,Muthaiga,Eastleigh,-1.261506,36.849263,-1.274036,36.84715,1.41,Forest Road,1.21,1,41.3,2.1,2.6,2.9,True,4.8,0.972,2,26,126,True,1371,good,poor,True,4.1,1.0
B02094,P0119,C0014,plumber,2025-02-08 16:41,Saturday,weekend,16,evening_rush,Parklands,Athi River,-1.278361,36.811882,-1.458903,36.985509,27.85,Forest Road,2.22,4,22.5,75.4,84.4,13.1,True,4.6,0.896,19,19,1026,True,1373,good,poor,True,4.8,0.8562
B02095,P0019,C0328,plumber,2025-03-16 09:03,Sunday,weekend,9,mid_morning,Rongai,Eastleigh,-1.389773,36.75041,-1.284459,36.855163,16.51,Langata Road,1.32,1,37.9,25.7,33.5,14.0,True,4.5,0.728,3,34,171,True,1342,poor,poor,False,,0.5817
B02096,P0178,C0346,electrician,2025-01-04 14:10,Saturday,weekend,14,early_afternoon,Eastleigh,Eastleigh,-1.282287,36.844486,-1.270576,36.847555,1.35,Jogoo Road,1.18,1,42.4,1.7,1.5,10.1,True,5.0,0.888,5,35,145,True,859,poor,poor,False,,0.7304
B02097,P0192,C0237,carpenter,2024-02-24 12:35,Saturday,weekend,12,midday,Ruiru,Industrial Area,-1.139674,36.956392,-1.314266,36.842845,23.16,Thika Road,1.35,1,37.0,36.1,40.4,4.3,True,4.1,0.856,5,15,135,True,760,poor,poor,True,3.7,0.9542
B02098,P0098,C0176,technician,2024-08-21 16:32,Wednesday,weekday,16,evening_rush,Karen,Karen,-1.310218,36.721517,-1.30978,36.70083,2.3,Ngong Road,4.0,10,12.5,12.4,12.9,0.9,True,3.8,0.834,9,16,522,True,1091,good,good,True,3.6,0.7445
B02099,P0191,C0205,plumber,2025-01-13 09:45,Monday,weekday,9,mid_morning,Athi River,Westlands,-1.458754,37.004152,-1.271916,36.809584,29.99,Mombasa Road,2.25,4,22.2,74.1,98.2,26.6,False,3.9,0.908,19,25,570,True,588,poor,good,True,3.6,0.5623
B02100,P0050,C0204,plumber,2024-04-04 12:55,Thursday,weekday,12,midday,Muthaiga,South B,-1.237436,36.842383,-1.322307,36.829114,9.55,Forest Road,1.7,2,29.4,20.4,19.3,0.9,True,3.2,0.803,16,6,1232,True,1107,good,moderate,False,,0.633
B02101,P0010,C0006,electrician,2024-09-26 14:43,Thursday,weekday,14,early_afternoon,Kasarani,Ruiru,-1.2307,36.90588,-1.140704,36.955523,11.43,Thika Road,2.18,4,22.9,30.1,39.5,12.5,True,4.1,0.887,15,43,840,True,1367,moderate,poor,True,4.1,0.8349
B02102,P0065,C0059,electrician,2024-12-18 18:04,Wednesday,weekday,18,evening_rush,Kasarani,Parklands,-1.210236,36.897134,-1.268938,36.814627,11.26,Thika Road,4.0,10,12.5,56.6,62.3,8.6,True,5.0,0.784,10,40,200,True,1272,moderate,good,True,4.2,0.7153
B02103,P0182,C0470,electrician,2024-09-09 09:03,Monday,weekday,9,mid_morning,Athi River,Karen,-1.450424,36.986851,-1.309329,36.712243,34.32,Mombasa Road,2.25,4,22.2,103.4,113.5,22.8,False,4.0,0.826,17,35,442,True,676,poor,good,True,3.8,0.558
B02104,P0035,C0168,technician,2025-05-16 17:03,Friday,weekday,17,evening_rush,Eastleigh,Hurlingham,-1.266177,36.853074,-1.296918,36.801224,6.7,Jogoo Road,3.57,9,14.0,29.2,30.9,2.8,True,4.3,0.857,3,26,99,True,1339,poor,good,False,,0.5496
B02105,P0172,C0384,electrician,2024-12-07 17:24,Saturday,weekend,17,evening_rush,Westlands,Upper Hill,-1.259894,36.796652,-1.302366,36.809782,4.94,Waiyaki Way,2.44,5,20.5,12.7,11.5,1.7,True,5.0,0.841,14,27,1106,True,839,good,good,True,4.9,0.9261
B02106,P0119,C0249,plumber,2024-05-03 13:13,Friday,weekday,13,midday,Parklands,Hurlingham,-1.278361,36.811882,-1.309621,36.796608,3.87,Forest Road,1.7,2,29.4,7.8,7.4,1.3,True,4.6,0.896,19,19,1026,True,1373,good,good,True,5.0,0.9962
B02107,P0119,C0035,plumber,2024-03-10 13:07,Sunday,weekend,13,midday,Parklands,Industrial Area,-1.278361,36.811882,-1.314323,36.851664,5.96,Forest Road,1.04,0,48.1,7.5,9.9,8.7,True,4.6,0.896,19,19,1026,True,1373,good,poor,False,,0.7373
B02108,P0022,C0281,electrician,2024-05-09 12:36,Thursday,weekday,12,midday,Langata,Industrial Area,-1.337324,36.740716,-1.303594,36.84318,11.99,Ngong Road,1.87,3,26.7,30.7,36.4,12.8,True,4.9,0.913,14,13,350,True,1171,moderate,poor,True,5.0,0.9102
B02109,P0169,C0125,cleaner,2025-06-18 12:17,Wednesday,weekday,12,midday,CBD,South C,-1.279373,36.828665,-1.325642,36.796147,6.29,Uhuru Highway,1.88,3,26.6,13.8,17.9,4.6,True,5.0,0.778,8,26,192,True,648,moderate,moderate,True,5.0,0.9153
B02110,P0183,C0487,carpenter,2025-05-16 13:16,Friday,weekday,13,midday,Langata,Dagoretti,-1.346859,36.745886,-1.292475,36.736769,6.13,Ngong Road,1.87,3,26.7,14.7,18.4,7.8,True,3.4,0.755,14,5,322,True,885,moderate,poor,False,,0.5479
B02111,P0113,C0072,carpenter,2024-06-16 16:49,Sunday,weekend,16,evening_rush,Eastleigh,Parklands,-1.285759,36.862408,-1.261309,36.814805,5.95,Jogoo Road,2.38,5,21.0,17.5,20.1,5.8,True,4.9,0.731,9,21,279,True,540,poor,good,True,5.0,0.8368
B02112,P0121,C0421,plumber,2025-05-11 18:26,Sunday,weekend,18,evening_rush,Eastleigh,Kileleshwa,-1.269387,36.85348,-1.280201,36.768729,9.5,Jogoo Road,2.38,5,21.0,26.2,32.2,10.5,True,5.0,0.904,19,41,437,True,1381,poor,good,True,4.9,0.8891
B02113,P0072,C0431,plumber,2024-10-23 10:39,Wednesday,weekday,10,mid_morning,Langata,Syokimau,-1.355719,36.761446,-1.374091,36.902344,15.8,Ngong Road,2.08,4,24.0,50.5,43.0,1.2,True,4.7,0.77,1,21,45,True,1300,moderate,moderate,True,4.9,0.9086
B02114,P0042,C0088,electrician,2025-01-05 08:13,Sunday,weekend,8,morning_rush,Runda,Kikuyu,-1.206172,36.812074,-1.251358,36.670042,16.57,Kiambu Road,2.02,3,24.8,39.2,45.0,12.1,True,3.6,0.884,5,28,395,True,513,good,poor,True,3.6,0.8246
B02115,P0005,C0311,technician,2024-02-14 16:35,Wednesday,weekday,16,evening_rush,Kileleshwa,Embakasi,-1.285845,36.78543,-1.311799,36.902558,13.34,Uhuru Highway,4.0,10,12.5,78.2,100.4,26.6,False,3.9,0.885,4,43,156,True,616,good,moderate,True,3.9,0.4108
B02116,P0026,C0091,plumber,2025-06-17 08:36,Tuesday,weekday,8,morning_rush,Kasarani,Dagoretti,-1.234607,36.913473,-1.300012,36.737259,20.9,Thika Road,4.0,10,12.5,103.5,132.7,29.7,False,4.6,0.959,10,6,750,True,1116,moderate,poor,False,,0.207
B02117,P0076,C0064,plumber,2024-03-04 08:52,Monday,weekday,8,morning_rush,Syokimau,Upper Hill,-1.380514,36.905837,-1.300002,36.81996,13.09,Mombasa Road,4.0,10,12.5,56.9,59.7,7.2,True,4.4,0.791,8,23,400,False,839,moderate,good,True,4.3,0.7005
B02118,P0137,C0380,technician,2024-11-19 16:25,Tuesday,weekday,16,evening_rush,South C,Ruiru,-1.326641,36.801857,-1.155398,36.951828,25.31,Langata Road,3.58,9,14.0,103.5,131.8,33.0,False,4.4,0.817,7,12,462,True,794,moderate,poor,True,4.2,0.3821
B02119,P0101,C0087,cleaner,2024-04-17 13:07,Wednesday,weekday,13,midday,South B,South C,-1.316934,36.821923,-1.316733,36.795152,2.98,Uhuru Highway,1.88,3,26.6,6.9,9.2,3.2,True,4.8,0.773,5,33,180,True,405,moderate,moderate,True,5.0,0.9144
B02120,P0020,C0344,technician,2024-12-25 07:18,Wednesday,weekday,7,morning_rush,Runda,Lavington,-1.220161,36.809549,-1.289021,36.782777,8.21,Kiambu Road,3.05,7,16.4,30.2,38.8,9.6,True,4.7,0.833,9,33,594,True,1224,good,good,False,,0.5425
B02121,P0196,C0006,technician,2024-10-20 17:39,Sunday,weekend,17,evening_rush,Kasarani,Ruiru,-1.219995,36.884155,-1.140704,36.955523,11.86,Thika Road,2.64,5,18.9,38.4,49.9,12.1,True,3.4,0.833,3,23,120,False,1053,moderate,poor,False,,0.4895
B02122,P0174,C0140,cleaner,2024-11-01 13:12,Friday,weekday,13,midday,Rongai,South B,-1.385961,36.747354,-1.311235,36.81256,11.03,Langata Road,1.75,2,28.6,22.3,29.3,7.4,True,3.9,0.87,15,26,705,True,624,poor,moderate,True,3.7,0.8933
B02123,P0040,C0226,plumber,2024-12-03 08:01,Tuesday,weekday,8,morning_rush,Kileleshwa,Githurai,-1.285552,36.778547,-1.180414,36.893251,17.3,Uhuru Highway,3.58,9,14.0,82.3,88.0,12.7,True,3.5,0.988,10,38,450,True,1000,good,poor,True,2.9,0.7418
B02124,P0092,C0092,electrician,2024-04-10 07:51,Wednesday,weekday,7,morning_rush,Parklands,Githurai,-1.278448,36.826925,-1.192287,36.90567,12.98,Forest Road,3.15,7,15.9,47.0,57.1,16.6,False,5.0,0.852,10,30,310,True,1196,good,poor,False,,0.3507
B02125,P0056,C0366,carpenter,2025-04-12 12:50,Saturday,weekend,12,midday,Spring Valley,South B,-1.25633,36.750322,-1.313924,36.812209,9.4,Waiyaki Way,1.23,1,40.7,14.2,17.1,4.1,True,4.5,0.829,15,40,600,True,644,good,moderate,True,4.8,0.9719
B02126,P0009,C0458,technician,2025-05-15 12:50,Thursday,weekday,12,midday,Westlands,Upper Hill,-1.26042,36.818632,-1.30933,36.811945,5.49,Waiyaki Way,1.88,3,26.6,13.6,18.3,7.8,True,4.9,0.954,9,9,531,False,879,good,good,True,5.0,0.9716
B02127,P0173,C0273,electrician,2024-09-19 14:04,Thursday,weekday,14,early_afternoon,Eastleigh,Athi River,-1.283129,36.849829,-1.466518,37.004193,26.65,Jogoo Road,1.94,3,25.8,59.9,57.7,3.4,True,4.4,0.726,7,35,427,True,946,poor,poor,True,3.8,0.8645
B02128,P0056,C0227,carpenter,2025-06-01 15:15,Sunday,weekend,15,early_afternoon,Spring Valley,Runda,-1.25633,36.750322,-1.210371,36.79639,7.23,Waiyaki Way,1.28,1,39.1,9.7,10.2,1.0,True,4.5,0.829,15,40,600,True,644,good,good,False,,0.7438
B02129,P0179,C0025,cleaner,2024-12-06 09:05,Friday,weekday,9,mid_morning,Githurai,Industrial Area,-1.196084,36.901156,-1.310076,36.858005,13.55,Thika Road,2.31,4,21.6,35.5,37.6,4.2,True,5.0,0.821,13,18,702,True,815,poor,poor,True,4.8,0.9057
B02130,P0163,C0416,technician,2024-10-17 11:34,Thursday,weekday,11,midday,Karen,Kilimani,-1.311594,36.705806,-1.286401,36.770543,7.72,Ngong Road,1.87,3,26.7,17.9,16.2,2.6,True,5.0,0.86,8,36,400,True,1660,good,good,True,5.0,0.9737
B02131,P0134,C0329,plumber,2024-04-22 15:21,Monday,weekday,15,early_afternoon,Syokimau,Athi River,-1.356084,36.892391,-1.452349,36.993493,15.52,Mombasa Road,2.13,4,23.5,42.8,43.8,1.3,True,3.5,0.955,12,13,852,True,696,moderate,poor,False,,0.6863
B02132,P0170,C0367,carpenter,2025-05-24 10:05,Saturday,weekend,10,mid_morning,South B,Spring Valley,-1.325679,36.811506,-1.273761,36.750099,8.94,Uhuru Highway,1.43,1,35.0,18.7,22.5,6.8,True,4.1,0.823,13,22,572,True,736,moderate,good,True,4.2,0.9104
B02133,P0169,C0460,cleaner,2024-03-14 09:44,Thursday,weekday,9,mid_morning,CBD,Kasarani,-1.279373,36.828665,-1.226926,36.906219,10.41,Uhuru Highway,2.25,4,22.2,28.4,28.5,1.9,True,5.0,0.778,8,26,192,True,648,moderate,moderate,True,5.0,0.9082
B02134,P0027,C0200,technician,2024-09-28 13:13,Saturday,weekend,13,midday,Muthaiga,Industrial Area,-1.257454,36.847519,-1.318817,36.853396,6.85,Forest Road,1.04,0,48.1,9.3,9.6,5.9,True,4.8,0.786,13,40,780,True,771,good,poor,False,,0.7156
B02135,P0177,C0158,cleaner,2024-01-05 10:12,Friday,weekday,10,mid_morning,South C,Lavington,-1.321132,36.802989,-1.282612,36.768053,5.78,Langata Road,2.03,3,24.6,13.1,13.2,3.0,True,3.3,0.785,5,21,270,True,495,moderate,good,True,3.5,0.8351
B02136,P0114,C0027,cleaner,2025-06-18 08:32,Wednesday,weekday,8,morning_rush,Githurai,Hurlingham,-1.17431,36.888295,-1.286438,36.801682,15.75,Thika Road,4.0,10,12.5,79.5,99.7,23.8,False,3.8,0.766,7,19,357,True,551,poor,good,True,3.2,0.3697
B02137,P0154,C0003,plumber,2025-03-02 15:56,Sunday,weekend,15,early_afternoon,Kitengela,Roysambu,-1.476899,36.960583,-1.209563,36.883337,30.94,Mombasa Road,1.43,1,35.0,54.8,55.9,1.8,True,3.6,0.867,14,11,952,True,712,poor,moderate,True,3.4,0.9491
B02138,P0013,C0396,electrician,2024-03-17 15:27,Sunday,weekend,15,early_afternoon,Kitengela,Langata,-1.481718,36.963337,-1.337904,36.738034,29.71,Mombasa Road,1.43,1,35.0,55.9,69.4,20.0,False,3.9,0.889,8,40,512,True,1036,poor,moderate,True,3.8,0.6734
B02139,P0097,C0393,carpenter,2025-06-08 10:46,Sunday,weekend,10,mid_morning,Hurlingham,Hurlingham,-1.290422,36.794618,-1.302007,36.802446,1.55,Ngong Road,1.4,1,35.7,3.1,3.8,4.3,True,5.0,0.957,16,42,544,True,1011,good,good,True,4.8,1.0
B02140,P0052,C0476,cleaner,2024-01-09 15:35,Tuesday,weekday,15,early_afternoon,Kitengela,Industrial Area,-1.47149,36.958108,-1.303291,36.857799,21.77,Mombasa Road,2.13,4,23.5,58.7,61.1,2.7,True,5.0,0.889,8,14,280,False,767,poor,poor,False,,0.7166
B02141,P0064,C0192,electrician,2025-05-16 12:44,Friday,weekday,12,midday,Parklands,Parklands,-1.263494,36.832383,-1.25749,36.816885,1.85,Forest Road,1.7,2,29.4,3.4,3.6,2.7,True,3.7,0.803,18,6,1224,True,1206,good,good,True,3.9,0.893
B02142,P0062,C0103,electrician,2025-03-26 14:27,Wednesday,weekday,14,early_afternoon,Runda,Lavington,-1.210904,36.813098,-1.272169,36.774351,8.06,Kiambu Road,1.64,2,30.5,18.8,21.2,4.0,True,4.1,0.957,10,36,530,True,1029,good,good,True,3.8,0.984
B02143,P0024,C0009,cleaner,2024-03-16 08:30,Saturday,weekend,8,morning_rush,Langata,Eastleigh,-1.334684,36.751712,-1.281668,36.861202,13.52,Ngong Road,2.34,4,21.4,38.5,38.4,5.0,True,4.2,0.957,7,5,462,False,870,moderate,poor,False,,0.6746
B02144,P0108,C0015,cleaner,2024-05-01 08:56,Wednesday,weekday,8,morning_rush,Ruiru,Syokimau,-1.133647,36.975468,-1.369602,36.89257,27.81,Thika Road,4.0,10,12.5,114.2,144.1,31.6,False,4.8,0.739,4,44,244,True,407,poor,moderate,False,,0.0912
B02145,P0004,C0173,cleaner,2025-03-28 08:41,Friday,weekday,8,morning_rush,Eastleigh,Rongai,-1.271819,36.862837,-1.402775,36.739584,19.99,Jogoo Road,3.43,8,14.6,71.4,90.5,22.3,False,4.8,0.736,8,7,280,True,391,poor,poor,False,,0.2128
B02146,P0050,C0349,plumber,2024-01-08 07:02,Monday,weekday,7,morning_rush,Muthaiga,Runda,-1.237436,36.842383,-1.211469,36.810779,4.55,Forest Road,3.15,7,15.9,16.8,16.0,3.7,True,3.2,0.803,16,6,1232,True,1107,good,good,True,3.4,0.7437
B02147,P0172,C0033,electrician,2024-03-26 11:29,Tuesday,weekday,11,midday,Westlands,Roysambu,-1.259894,36.796652,-1.215812,36.88135,10.62,Waiyaki Way,1.88,3,26.6,21.1,26.1,5.7,True,5.0,0.841,14,27,1106,True,839,good,moderate,True,4.2,0.9376
B02148,P0057,C0491,electrician,2024-05-07 16:54,Tuesday,weekday,16,evening_rush,Langata,Upper Hill,-1.343355,36.756359,-1.297242,36.824461,9.14,Ngong Road,4.0,10,12.5,32.7,28.0,4.8,True,3.7,0.818,12,12,708,True,655,moderate,good,False,,0.449
B02149,P0025,C0409,cleaner,2024-01-28 11:02,Sunday,weekend,11,midday,Langata,Kasarani,-1.346931,36.741658,-1.223112,36.909691,23.21,Ngong Road,1.27,1,39.4,42.9,50.1,8.4,True,4.2,0.845,3,5,156,True,558,moderate,moderate,True,4.1,0.9259
B02150,P0171,C0086,plumber,2025-02-26 11:51,Wednesday,weekday,11,midday,Kilimani,Dagoretti,-1.29787,36.771599,-1.280435,36.740615,3.95,Uhuru Highway,1.88,3,26.6,9.9,8.6,2.2,True,4.9,0.924,15,30,510,True,1293,good,poor,True,4.6,1.0
B02151,P0186,C0086,cleaner,2024-01-16 15:02,Tuesday,weekday,15,early_afternoon,Parklands,Dagoretti,-1.259849,36.809984,-1.280435,36.740615,8.04,Forest Road,1.87,3,26.7,16.6,21.7,5.4,True,4.7,0.915,7,22,273,True,678,good,poor,True,5.0,0.9629
B02152,P0012,C0213,electrician,2025-01-15 13:40,Wednesday,weekday,13,midday,Hurlingham,Gigiri,-1.295566,36.800621,-1.21338,36.801119,9.14,Ngong Road,1.87,3,26.7,19.2,19.3,1.4,True,3.1,0.784,3,33,111,False,555,good,good,True,3.5,0.8507
B02153,P0132,C0056,electrician,2024-04-20 15:33,Saturday,weekend,15,early_afternoon,South B,Hurlingham,-1.312355,36.821388,-1.28927,36.786475,4.65,Uhuru Highway,1.35,1,37.0,7.7,8.8,2.2,True,5.0,0.865,17,36,1275,True,888,moderate,good,True,5.0,1.0
B02154,P0084,C0166,technician,2025-01-08 11:43,Wednesday,weekday,11,midday,Eastleigh,Roysambu,-1.261233,36.851061,-1.212794,36.86089,5.5,Jogoo Road,1.71,2,29.2,12.0,14.3,2.6,True,4.9,0.823,15,26,705,True,758,poor,moderate,True,5.0,0.963
B02155,P0144,C0321,technician,2024-08-24 11:54,Saturday,weekend,11,midday,Upper Hill,Parklands,-1.311202,36.814634,-1.259242,36.811447,5.79,Uhuru Highway,1.31,1,38.2,8.8,8.9,7.1,True,4.2,0.845,7,15,301,False,1260,good,good,False,,0.6835
B02156,P0049,C0320,technician,2024-05-08 10:51,Wednesday,weekday,10,mid_morning,Kasarani,Upper Hill,-1.213738,36.911241,-1.289668,36.817658,13.4,Thika Road,2.31,4,21.6,33.5,44.3,11.9,True,4.1,0.836,17,7,1343,True,866,moderate,good,True,4.7,0.804
B02157,P0054,C0479,cleaner,2024-02-24 12:20,Saturday,weekend,12,midday,Ruiru,CBD,-1.144993,36.950231,-1.281689,36.817117,21.21,Thika Road,1.35,1,37.0,35.4,45.4,12.4,True,3.6,0.857,8,44,248,True,336,poor,moderate,True,3.5,0.8622
B02158,P0139,C0203,technician,2025-03-20 11:28,Thursday,weekday,11,midday,Parklands,Kilimani,-1.251758,36.82097,-1.292769,36.787728,5.87,Forest Road,1.7,2,29.4,11.4,11.2,1.4,True,4.2,0.905,10,14,480,True,1333,good,good,True,4.8,0.9798
B02159,P0110,C0062,electrician,2025-06-11 15:37,Wednesday,weekday,15,early_afternoon,Kasarani,Muthaiga,-1.213002,36.900337,-1.2463,36.846389,7.05,Thika Road,2.18,4,22.9,16.6,18.2,5.7,True,3.4,0.852,14,29,1050,True,1119,moderate,good,True,2.7,0.8391
B02160,P0060,C0110,electrician,2024-03-10 10:57,Sunday,weekend,10,mid_morning,Gigiri,Karen,-1.235984,36.813546,-1.327152,36.701674,16.04,Forest Road,1.21,1,41.3,18.2,18.0,1.7,True,3.1,0.846,5,25,175,True,547,good,good,True,2.6,0.932
B02161,P0028,C0183,technician,2024-08-12 07:25,Monday,weekday,7,morning_rush,Hurlingham,Kitengela,-1.287818,36.781917,-1.48146,36.969861,30.0,Ngong Road,3.71,9,13.5,141.9,189.5,48.4,False,3.2,0.791,6,37,354,False,1755,good,poor,False,,0.0
B02162,P0083,C0089,carpenter,2025-01-08 16:39,Wednesday,weekday,16,evening_rush,Roysambu,Gigiri,-1.197099,36.88354,-1.224519,36.812154,8.5,Thika Road,4.0,10,12.5,47.1,50.3,4.9,True,4.6,0.861,3,33,213,False,529,moderate,good,True,4.8,0.7647
B02163,P0004,C0206,cleaner,2024-11-19 13:34,Tuesday,weekday,13,midday,Eastleigh,Parklands,-1.271819,36.862837,-1.26046,36.815631,5.4,Jogoo Road,1.71,2,29.2,13.1,11.6,5.7,True,4.8,0.736,8,7,280,True,391,poor,good,False,,0.6387
B02164,P0168,C0162,carpenter,2024-05-30 18:25,Thursday,weekday,18,evening_rush,Spring Valley,Kikuyu,-1.272247,36.7353,-1.2376,36.657045,9.51,Waiyaki Way,3.77,9,13.3,49.4,49.5,2.3,True,3.6,0.97,19,32,1026,True,535,good,poor,True,3.2,0.8092
B02165,P0004,C0200,cleaner,2024-05-20 11:01,Monday,weekday,11,midday,Eastleigh,Industrial Area,-1.271819,36.862837,-1.318817,36.853396,5.33,Jogoo Road,1.71,2,29.2,9.4,10.9,4.4,True,4.8,0.736,8,7,280,True,391,poor,poor,False,,0.6495
B02166,P0055,C0235,carpenter,2025-02-06 14:18,Thursday,weekday,14,early_afternoon,CBD,Kasarani,-1.285689,36.830976,-1.213502,36.887673,10.21,Uhuru Highway,2.1,4,23.8,27.1,33.5,8.2,True,3.3,0.754,2,17,82,True,674,moderate,moderate,True,3.7,0.7707
B02167,P0057,C0034,electrician,2025-02-01 07:24,Saturday,weekend,7,morning_rush,Langata,Kilimani,-1.343355,36.756359,-1.296233,36.78016,5.87,Ngong Road,2.34,4,21.4,13.0,11.8,1.6,True,3.7,0.818,12,12,708,True,655,moderate,good,True,3.2,0.8585
B02168,P0169,C0418,cleaner,2024-01-11 07:25,Thursday,weekday,7,morning_rush,CBD,Kilimani,-1.279373,36.828665,-1.287116,36.787332,4.67,Uhuru Highway,3.58,9,14.0,19.5,20.2,4.2,True,5.0,0.778,8,26,192,True,648,moderate,good,True,5.0,0.7826
B02169,P0072,C0333,plumber,2024-11-16 11:08,Saturday,weekend,11,midday,Langata,Syokimau,-1.355719,36.761446,-1.372567,36.892667,14.71,Ngong Road,1.27,1,39.4,25.3,33.7,10.0,True,4.7,0.77,1,21,45,True,1300,moderate,moderate,False,,0.6501
B02170,P0160,C0189,cleaner,2024-12-28 13:28,Saturday,weekend,13,midday,Embakasi,Muthaiga,-1.319614,36.900458,-1.247897,36.833486,10.91,Mombasa Road,1.39,1,36.0,16.4,21.6,8.3,True,4.7,0.907,4,29,204,True,370,moderate,good,False,,0.7231
B02171,P0012,C0035,electrician,2024-12-31 08:12,Tuesday,weekday,8,morning_rush,Hurlingham,Industrial Area,-1.295566,36.800621,-1.314323,36.851664,6.05,Ngong Road,3.71,9,13.5,23.5,27.1,7.0,True,3.1,0.784,3,33,111,False,555,good,poor,True,2.7,0.6569
B02172,P0056,C0211,carpenter,2024-06-17 16:31,Monday,weekday,16,evening_rush,Spring Valley,Karen,-1.25633,36.750322,-1.31517,36.711486,7.84,Waiyaki Way,3.77,9,13.3,44.1,42.6,1.1,True,4.5,0.829,15,40,600,True,644,good,good,True,4.8,0.7937
B02173,P0078,C0393,plumber,2025-03-25 16:14,Tuesday,weekday,16,evening_rush,Spring Valley,Hurlingham,-1.275279,36.740173,-1.302007,36.802446,7.53,Waiyaki Way,3.77,9,13.3,29.6,38.6,10.0,True,4.2,0.881,10,6,270,True,1363,good,good,True,3.9,0.7306
B02174,P0154,C0256,plumber,2024-09-15 08:56,Sunday,weekend,8,morning_rush,Kitengela,Kilimani,-1.476899,36.960583,-1.288664,36.783696,28.72,Mombasa Road,2.67,6,18.7,113.9,138.0,25.5,False,3.6,0.867,14,11,952,True,712,poor,good,True,4.2,0.5024
B02175,P0027,C0365,technician,2024-01-29 14:41,Monday,weekday,14,early_afternoon,Muthaiga,Spring Valley,-1.257454,36.847519,-1.272178,36.752758,10.66,Forest Road,1.87,3,26.7,24.6,21.1,0.5,True,4.8,0.786,13,40,780,True,771,good,good,True,5.0,0.9442
B02176,P0138,C0406,cleaner,2025-03-09 16:09,Sunday,weekend,16,evening_rush,Ruiru,Kileleshwa,-1.130056,36.960788,-1.27147,36.783183,25.24,Thika Road,2.64,5,18.9,83.4,72.2,1.4,True,4.8,0.815,4,9,276,True,318,poor,good,True,4.7,0.8896
B02177,P0146,C0088,electrician,2024-02-25 08:42,Sunday,weekend,8,morning_rush,Embakasi,Kikuyu,-1.323622,36.89238,-1.251358,36.670042,25.99,Mombasa Road,2.67,6,18.7,94.9,105.3,12.5,True,5.0,0.807,14,19,476,True,630,moderate,poor,True,4.5,0.8007
B02178,P0065,C0492,electrician,2025-05-21 13:32,Wednesday,weekday,13,midday,Kasarani,Gigiri,-1.210236,36.897134,-1.226879,36.806903,10.2,Thika Road,2.09,4,23.9,28.6,33.1,5.0,True,5.0,0.784,10,40,200,True,1272,moderate,good,True,5.0,0.8981
B02179,P0025,C0308,cleaner,2024-11-14 09:02,Thursday,weekday,9,mid_morning,Langata,Rongai,-1.346931,36.741658,-1.391075,36.743029,4.91,Ngong Road,2.08,4,24.0,10.1,9.1,1.3,True,4.2,0.845,3,5,156,True,558,moderate,poor,True,4.6,0.9203
B02180,P0084,C0324,technician,2025-06-22 12:56,Sunday,weekend,12,midday,Eastleigh,Kikuyu,-1.261233,36.851061,-1.245147,36.659313,21.39,Jogoo Road,1.13,0,44.2,31.3,32.0,1.3,True,4.9,0.823,15,26,705,True,758,poor,poor,True,5.0,1.0
B02181,P0179,C0199,cleaner,2024-02-06 16:48,Tuesday,weekday,16,evening_rush,Githurai,Kasarani,-1.196084,36.901156,-1.223001,36.90584,3.04,Thika Road,4.0,10,12.5,15.7,19.2,7.5,True,5.0,0.821,13,18,702,True,815,poor,moderate,True,4.9,0.743
B02182,P0174,C0474,cleaner,2025-05-04 10:34,Sunday,weekend,10,mid_morning,Rongai,Eastleigh,-1.385961,36.747354,-1.272682,36.839659,16.25,Langata Road,1.32,1,37.9,27.6,29.9,3.2,True,3.9,0.87,15,26,705,True,624,poor,poor,True,3.8,0.9627
B02183,P0198,C0356,cleaner,2024-07-27 08:33,Saturday,weekend,8,morning_rush,Ngong,Embakasi,-1.366998,36.657289,-1.313435,36.908533,28.56,Ngong Road,2.34,4,21.4,77.5,83.0,8.0,True,4.7,0.916,6,42,216,True,519,poor,moderate,True,4.8,0.9041
B02184,P0035,C0171,technician,2025-04-07 14:25,Monday,weekday,14,early_afternoon,Eastleigh,Kilimani,-1.266177,36.853074,-1.303476,36.788169,8.32,Jogoo Road,1.94,3,25.8,20.1,22.8,3.1,True,4.3,0.857,3,26,99,True,1339,poor,good,False,,0.6775
B02185,P0045,C0326,carpenter,2024-05-09 14:17,Thursday,weekday,14,early_afternoon,Dagoretti,Gigiri,-1.293654,36.741826,-1.21139,36.806664,11.65,Uhuru Highway,2.1,4,23.8,26.4,31.5,10.4,True,4.7,0.781,19,17,1425,True,1141,poor,good,True,4.1,0.8358
B02186,P0195,C0453,plumber,2024-07-18 09:49,Thursday,weekday,9,mid_morning,Kilimani,Westlands,-1.295888,36.78464,-1.254517,36.817783,5.89,Uhuru Highway,2.25,4,22.2,15.3,15.2,1.7,True,4.3,0.89,9,15,252,False,883,good,good,False,,0.6808
B02187,P0177,C0163,cleaner,2024-10-30 17:35,Wednesday,weekday,17,evening_rush,South C,Kitengela,-1.321132,36.802989,-1.485599,36.955497,24.94,Langata Road,3.58,9,14.0,115.4,103.4,1.5,True,3.3,0.785,5,21,270,True,495,moderate,poor,True,3.1,0.7236
B02188,P0171,C0247,plumber,2024-06-26 11:08,Wednesday,weekday,11,midday,Kilimani,Ruiru,-1.29787,36.771599,-1.152489,36.953178,25.86,Uhuru Highway,1.88,3,26.6,45.0,40.9,5.2,True,4.9,0.924,15,30,510,True,1293,good,poor,True,4.9,0.9783
B02189,P0018,C0172,plumber,2025-03-04 10:44,Tuesday,weekday,10,mid_morning,Hurlingham,Dagoretti,-1.292456,36.806022,-1.299429,36.735693,7.86,Ngong Road,2.08,4,24.0,22.9,26.0,5.8,True,4.8,0.913,10,7,590,False,659,good,poor,True,4.1,0.9468
B02190,P0005,C0312,technician,2024-08-04 11:48,Sunday,weekend,11,midday,Kileleshwa,Githurai,-1.285845,36.78543,-1.181304,36.890328,16.47,Uhuru Highway,1.31,1,38.2,27.8,37.0,11.9,True,3.9,0.885,4,43,156,True,616,good,poor,True,4.1,0.8985
B02191,P0150,C0230,cleaner,2025-02-14 08:08,Friday,weekday,8,morning_rush,Athi River,Kasarani,-1.468362,37.007079,-1.218038,36.90268,30.16,Mombasa Road,4.0,10,12.5,143.7,161.4,20.3,False,5.0,0.827,16,29,896,True,401,poor,moderate,False,,0.2393
B02192,P0098,C0262,technician,2025-05-13 10:03,Tuesday,weekday,10,mid_morning,Karen,Rongai,-1.310218,36.721517,-1.4031,36.753793,10.93,Ngong Road,2.08,4,24.0,28.5,37.9,12.8,True,3.8,0.834,9,16,522,True,1091,good,poor,False,,0.5489
B02193,P0164,C0380,technician,2024-12-08 16:04,Sunday,weekend,16,evening_rush,South C,Ruiru,-1.318632,36.781856,-1.155398,36.951828,26.2,Langata Road,2.41,5,20.7,71.6,71.8,7.1,True,4.3,0.755,5,23,280,True,984,moderate,poor,True,4.9,0.8055
B02194,P0060,C0258,electrician,2024-06-26 15:14,Wednesday,weekday,15,early_afternoon,Gigiri,Embakasi,-1.235984,36.813546,-1.321308,36.898818,13.41,Forest Road,1.87,3,26.7,36.8,41.2,6.9,True,3.1,0.846,5,25,175,True,547,good,moderate,True,3.1,0.8359
B02195,P0151,C0361,cleaner,2025-01-17 16:38,Friday,weekday,16,evening_rush,Dagoretti,Ngong,-1.302898,36.752931,-1.36838,36.664565,12.23,Uhuru Highway,4.0,10,12.5,63.8,75.7,14.9,True,4.8,0.747,8,12,480,False,887,poor,poor,False,,0.3843
B02196,P0004,C0120,cleaner,2024-06-23 15:00,Sunday,weekend,15,early_afternoon,Eastleigh,Githurai,-1.271819,36.862837,-1.182596,36.903459,10.9,Jogoo Road,1.18,1,42.4,18.9,22.0,3.9,True,4.8,0.736,8,7,280,True,391,poor,poor,False,,0.6961
B02197,P0006,C0316,technician,2025-04-03 15:30,Thursday,weekday,15,early_afternoon,Parklands,Langata,-1.25903,36.810832,-1.340185,36.758356,10.75,Forest Road,1.87,3,26.7,28.1,28.2,0.1,True,4.4,0.902,19,21,513,True,630,good,moderate,True,5.0,0.9856
B02198,P0195,C0460,plumber,2024-08-09 14:52,Friday,weekday,14,early_afternoon,Kilimani,Kasarani,-1.295888,36.78464,-1.226926,36.906219,15.54,Uhuru Highway,2.1,4,23.8,42.6,46.6,8.1,True,4.3,0.89,9,15,252,False,883,good,moderate,True,4.1,0.8895
B02199,P0032,C0159,cleaner,2024-05-24 14:00,Friday,weekday,14,early_afternoon,Gigiri,Githurai,-1.218323,36.820818,-1.186539,36.897307,9.21,Forest Road,1.87,3,26.7,20.3,23.8,3.8,True,4.8,0.979,15,10,690,False,551,good,poor,True,5.0,1.0
B02200,P0061,C0378,technician,2024-11-06 09:23,Wednesday,weekday,9,mid_morning,Hurlingham,Githurai,-1.313263,36.795445,-1.177054,36.9103,19.81,Ngong Road,2.08,4,24.0,43.2,58.3,18.5,False,3.8,0.867,9,11,288,False,1097,good,poor,True,3.3,0.6179
B02201,P0110,C0388,electrician,2025-02-20 07:36,Thursday,weekday,7,morning_rush,Kasarani,South B,-1.213002,36.900337,-1.327809,36.822339,15.43,Thika Road,4.0,10,12.5,74.6,75.6,2.4,True,3.4,0.852,14,29,1050,True,1119,moderate,moderate,True,2.5,0.721
B02202,P0063,C0318,cleaner,2024-02-21 08:15,Wednesday,weekday,8,morning_rush,Roysambu,Muthaiga,-1.223879,36.861046,-1.242584,36.834582,3.6,Thika Road,4.0,10,12.5,18.0,18.2,1.8,True,4.0,0.76,7,24,231,True,726,moderate,good,False,,0.46
B02203,P0021,C0031,technician,2024-02-08 17:27,Thursday,weekday,17,evening_rush,Kasarani,Karen,-1.234208,36.887013,-1.330681,36.709457,22.47,Thika Road,4.0,10,12.5,103.6,122.6,22.1,False,4.3,0.918,11,35,693,True,1319,moderate,good,False,,0.2348
B02204,P0036,C0192,electrician,2024-05-21 15:31,Tuesday,weekday,15,early_afternoon,Syokimau,Parklands,-1.369792,36.909296,-1.25749,36.816885,16.17,Mombasa Road,2.13,4,23.5,36.6,48.2,15.4,False,5.0,0.905,9,25,693,False,1058,moderate,good,True,4.7,0.7188
B02205,P0128,C0152,electrician,2025-01-21 16:10,Tuesday,weekday,16,evening_rush,Ruiru,Spring Valley,-1.143862,36.976006,-1.260572,36.757493,27.54,Thika Road,4.0,10,12.5,119.4,102.1,10.0,True,3.9,0.843,19,39,1501,True,859,poor,good,True,4.0,0.6782
B02206,P0052,C0078,cleaner,2024-10-25 09:30,Friday,weekday,9,mid_morning,Kitengela,Parklands,-1.47149,36.958108,-1.260044,36.821219,28.01,Mombasa Road,2.25,4,22.2,73.9,84.5,13.4,True,5.0,0.889,8,14,280,False,767,poor,good,True,4.9,0.8678
B02207,P0097,C0105,carpenter,2025-03-16 09:18,Sunday,weekend,9,mid_morning,Hurlingham,Kileleshwa,-1.290422,36.794618,-1.283186,36.768307,3.03,Ngong Road,1.4,1,35.7,4.1,4.0,0.3,True,5.0,0.957,16,42,544,True,1011,good,good,True,5.0,1.0
B02208,P0165,C0020,cleaner,2024-04-09 16:40,Tuesday,weekday,16,evening_rush,Ngong,Industrial Area,-1.345402,36.669582,-1.312364,36.84747,20.11,Ngong Road,4.0,10,12.5,99.2,124.4,25.7,False,5.0,0.908,7,20,490,False,515,poor,poor,True,4.6,0.4848
B02209,P0061,C0473,technician,2025-03-02 08:45,Sunday,weekend,8,morning_rush,Hurlingham,Kitengela,-1.313263,36.795445,-1.468293,36.954207,24.67,Ngong Road,2.34,4,21.4,73.8,85.2,12.0,True,3.8,0.867,9,11,288,False,1097,good,poor,True,3.7,0.8013
B02210,P0186,C0307,cleaner,2025-01-15 08:01,Wednesday,weekday,8,morning_rush,Parklands,Upper Hill,-1.259849,36.809984,-1.306452,36.81785,5.26,Forest Road,3.15,7,15.9,21.1,26.2,8.6,True,4.7,0.915,7,22,273,True,678,good,good,True,4.7,0.8338
B02211,P0114,C0379,cleaner,2024-04-12 14:41,Friday,weekday,14,early_afternoon,Githurai,South B,-1.17431,36.888295,-1.308222,36.819901,16.72,Thika Road,2.18,4,22.9,50.8,52.3,5.3,True,3.8,0.766,7,19,357,True,551,poor,moderate,True,4.6,0.8194
B02212,P0085,C0069,carpenter,2025-03-20 13:03,Thursday,weekday,13,midday,Dagoretti,Embakasi,-1.279595,36.742246,-1.310843,36.889174,16.7,Uhuru Highway,1.88,3,26.6,33.0,36.3,4.8,True,3.9,0.754,16,11,1232,False,495,poor,moderate,True,4.3,0.8466
B02213,P0072,C0163,plumber,2024-12-25 13:51,Wednesday,weekday,13,midday,Langata,Kitengela,-1.355719,36.761446,-1.485599,36.955497,25.96,Ngong Road,1.87,3,26.7,56.0,55.4,4.6,True,4.7,0.77,1,21,45,True,1300,moderate,poor,True,4.7,0.8971
B02214,P0165,C0403,cleaner,2025-05-24 14:51,Saturday,weekend,14,early_afternoon,Ngong,Embakasi,-1.345402,36.669582,-1.320097,36.901101,25.89,Ngong Road,1.37,1,36.5,39.9,46.7,8.0,True,5.0,0.908,7,20,490,False,515,poor,moderate,True,5.0,0.9927
B02215,P0195,C0021,plumber,2024-03-25 12:39,Monday,weekday,12,midday,Kilimani,Kasarani,-1.295888,36.78464,-1.234195,36.891351,13.7,Uhuru Highway,1.88,3,26.6,24.6,21.9,10.4,True,4.3,0.89,9,15,252,False,883,good,moderate,True,3.9,0.8879
B02216,P0134,C0406,plumber,2025-05-02 10:37,Friday,weekday,10,mid_morning,Syokimau,Kileleshwa,-1.356084,36.892391,-1.27147,36.783183,15.36,Mombasa Road,2.25,4,22.2,39.5,42.9,7.5,True,3.5,0.955,12,13,852,True,696,moderate,good,True,3.6,0.875
B02217,P0107,C0332,electrician,2024-06-25 14:38,Tuesday,weekday,14,early_afternoon,Rongai,Athi River,-1.411221,36.737889,-1.445913,36.990574,28.35,Langata Road,1.89,3,26.5,60.8,68.5,9.7,True,3.8,0.756,11,30,715,True,708,poor,poor,True,3.9,0.801
B02218,P0074,C0385,cleaner,2024-07-17 08:39,Wednesday,weekday,8,morning_rush,Hurlingham,Kilimani,-1.307168,36.802508,-1.285862,36.784793,3.08,Ngong Road,3.71,9,13.5,12.7,12.3,2.9,True,5.0,0.97,14,9,644,True,816,good,good,True,5.0,0.879
B02219,P0007,C0118,plumber,2024-08-19 12:08,Monday,weekday,12,midday,Industrial Area,Roysambu,-1.295756,36.837346,-1.217548,36.878268,9.81,Mombasa Road,2.13,4,23.5,23.0,26.4,11.6,True,4.8,0.813,3,17,234,True,1096,poor,moderate,True,5.0,0.8444
B02220,P0188,C0170,electrician,2024-01-23 09:14,Tuesday,weekday,9,mid_morning,CBD,Kilimani,-1.269194,36.829377,-1.283485,36.771035,6.68,Uhuru Highway,2.25,4,22.2,19.9,24.9,11.9,True,4.1,0.944,18,5,918,True,1018,moderate,good,True,4.8,0.8628
B02221,P0088,C0125,cleaner,2024-03-27 15:38,Wednesday,weekday,15,early_afternoon,Athi River,South C,-1.466229,36.98317,-1.325642,36.796147,26.01,Mombasa Road,2.13,4,23.5,55.8,61.1,10.1,True,4.4,0.919,18,5,1170,True,826,poor,moderate,True,4.2,0.8899
B02222,P0053,C0277,electrician,2025-01-15 17:50,Wednesday,weekday,17,evening_rush,Syokimau,Industrial Area,-1.355438,36.894191,-1.305546,36.849682,7.43,Mombasa Road,4.0,10,12.5,31.6,26.9,1.3,True,4.6,0.768,3,32,108,True,841,moderate,poor,True,4.3,0.7482
B02223,P0014,C0465,electrician,2025-05-13 08:41,Tuesday,weekday,8,morning_rush,Embakasi,Industrial Area,-1.309393,36.91238,-1.313583,36.857632,6.1,Mombasa Road,4.0,10,12.5,29.8,32.0,6.3,True,3.4,0.925,19,9,836,True,551,moderate,poor,True,3.1,0.725
B02224,P0171,C0128,plumber,2025-02-15 11:33,Saturday,weekend,11,midday,Kilimani,CBD,-1.29787,36.771599,-1.278015,36.820597,5.88,Uhuru Highway,1.31,1,38.2,7.4,7.6,5.4,True,4.9,0.924,15,30,510,True,1293,good,moderate,True,4.7,1.0
B02225,P0176,C0357,electrician,2024-07-06 07:54,Saturday,weekend,7,morning_rush,Lavington,CBD,-1.274096,36.757864,-1.276654,36.814237,6.27,Uhuru Highway,2.53,5,19.8,18.4,20.1,2.6,True,4.5,0.8,19,13,855,False,1087,good,moderate,True,3.9,0.8659
B02226,P0185,C0114,electrician,2024-02-23 13:32,Friday,weekday,13,midday,Githurai,Muthaiga,-1.195468,36.886679,-1.238033,36.839566,7.06,Thika Road,2.09,4,23.9,15.6,15.6,2.6,True,4.1,0.814,3,27,189,True,800,poor,good,True,4.4,0.8881
B02227,P0156,C0447,electrician,2024-01-10 16:47,Wednesday,weekday,16,evening_rush,Muthaiga,Kileleshwa,-1.236172,36.844282,-1.284381,36.783912,8.59,Forest Road,3.67,9,13.6,47.1,51.2,8.2,True,4.2,0.819,19,21,475,True,963,good,good,False,,0.4726
B02228,P0098,C0267,technician,2025-01-03 13:34,Friday,weekday,13,midday,Karen,Rongai,-1.310218,36.721517,-1.388463,36.736469,8.86,Ngong Road,1.87,3,26.7,18.5,17.1,1.3,True,3.8,0.834,9,16,522,True,1091,good,poor,False,,0.6616
B02229,P0083,C0094,carpenter,2024-11-16 10:27,Saturday,weekend,10,mid_morning,Roysambu,Dagoretti,-1.197099,36.88354,-1.30353,36.736951,20.14,Thika Road,1.44,1,34.7,30.7,28.9,0.2,True,4.6,0.861,3,33,213,False,529,moderate,poor,True,4.8,1.0
B02230,P0114,C0323,cleaner,2024-11-09 15:36,Saturday,weekend,15,early_afternoon,Githurai,Athi River,-1.17431,36.888295,-1.452273,36.98172,32.61,Thika Road,1.34,1,37.3,46.1,58.9,13.5,True,3.8,0.766,7,19,357,True,551,poor,poor,True,3.8,0.8183
B02231,P0002,C0034,technician,2024-01-04 18:19,Thursday,weekday,18,evening_rush,Langata,Kilimani,-1.330429,36.75935,-1.296233,36.78016,4.45,Ngong Road,4.0,10,12.5,16.9,15.9,2.4,True,4.4,0.947,13,12,481,False,958,moderate,good,True,3.7,0.8185
B02232,P0126,C0036,plumber,2024-05-30 09:31,Thursday,weekday,9,mid_morning,Syokimau,Kasarani,-1.384197,36.899152,-1.226354,36.900079,17.55,Mombasa Road,2.25,4,22.2,49.3,50.6,4.7,True,3.8,0.784,1,32,46,True,1101,moderate,moderate,True,4.0,0.8278
B02233,P0050,C0027,plumber,2024-02-02 07:45,Friday,weekday,7,morning_rush,Muthaiga,Hurlingham,-1.237436,36.842383,-1.286438,36.801682,7.08,Forest Road,3.15,7,15.9,24.0,29.5,9.1,True,3.2,0.803,16,6,1232,True,1107,good,good,True,3.6,0.6987
B02234,P0163,C0073,technician,2025-03-30 13:32,Sunday,weekend,13,midday,Karen,Kitengela,-1.311594,36.705806,-1.464887,36.967541,33.72,Ngong Road,1.27,1,39.4,37.9,34.1,2.7,True,5.0,0.86,8,36,400,True,1660,good,poor,True,5.0,1.0
B02235,P0053,C0065,electrician,2025-05-05 14:02,Monday,weekday,14,early_afternoon,Syokimau,Spring Valley,-1.355438,36.894191,-1.264599,36.737827,20.1,Mombasa Road,2.13,4,23.5,54.4,51.5,0.7,True,4.6,0.768,3,32,108,True,841,moderate,good,True,4.5,0.9028
B02236,P0024,C0089,cleaner,2025-03-29 14:57,Saturday,weekend,14,early_afternoon,Langata,Gigiri,-1.334684,36.751712,-1.224519,36.812154,13.97,Ngong Road,1.37,1,36.5,22.9,28.6,19.9,False,4.2,0.957,7,5,462,False,870,moderate,good,True,3.6,0.7281
B02237,P0152,C0282,plumber,2024-08-21 15:01,Wednesday,weekday,15,early_afternoon,Kilimani,Hurlingham,-1.299509,36.788374,-1.294136,36.79415,0.88,Uhuru Highway,2.1,4,23.8,2.2,1.9,2.2,True,3.9,0.983,19,27,1292,False,504,good,good,True,4.1,0.9652
B02238,P0053,C0121,electrician,2024-02-07 11:04,Wednesday,weekday,11,midday,Syokimau,Kitengela,-1.355438,36.894191,-1.466323,36.96644,14.71,Mombasa Road,2.13,4,23.5,35.0,37.5,7.0,True,4.6,0.768,3,32,108,True,841,moderate,poor,True,5.0,0.8503
B02239,P0130,C0041,electrician,2024-03-07 08:07,Thursday,weekday,8,morning_rush,Muthaiga,Kitengela,-1.261506,36.849263,-1.46389,36.951964,25.23,Forest Road,3.15,7,15.9,112.4,131.6,25.7,False,4.8,0.972,2,26,126,True,1371,good,poor,True,3.8,0.5748
B02240,P0110,C0372,electrician,2024-06-08 13:57,Saturday,weekend,13,midday,Kasarani,Parklands,-1.213002,36.900337,-1.274029,36.811285,12.0,Thika Road,1.35,1,37.0,15.3,19.1,5.0,True,3.4,0.852,14,29,1050,True,1119,moderate,good,False,,0.6613
B02241,P0120,C0160,plumber,2025-06-02 17:58,Monday,weekday,17,evening_rush,Industrial Area,Roysambu,-1.305578,36.856668,-1.21815,36.867572,9.8,Mombasa Road,4.0,10,12.5,48.2,44.0,1.1,True,4.4,0.869,14,27,924,True,731,poor,moderate,True,4.7,0.7903
B02242,P0043,C0370,electrician,2025-04-06 08:48,Sunday,weekend,8,morning_rush,Eastleigh,Industrial Area,-1.275323,36.859659,-1.311748,36.839705,4.62,Jogoo Road,2.17,4,23.0,12.0,14.5,5.9,True,4.8,0.787,8,34,480,True,1039,poor,poor,False,,0.6257
B02243,P0051,C0126,technician,2024-08-04 13:06,Sunday,weekend,13,midday,Eastleigh,Kilimani,-1.269481,36.837488,-1.290382,36.769278,7.93,Jogoo Road,1.13,0,44.2,9.3,10.1,4.4,True,3.2,0.841,8,14,544,False,1742,poor,good,True,4.0,0.9184
B02244,P0109,C0091,cleaner,2024-01-30 11:53,Tuesday,weekday,11,midday,Kileleshwa,Dagoretti,-1.273273,36.789956,-1.300012,36.737259,6.57,Uhuru Highway,1.88,3,26.6,16.2,19.6,8.0,True,3.7,0.918,19,42,1368,True,740,good,poor,True,3.3,0.8919
B02245,P0156,C0128,electrician,2024-11-12 15:31,Tuesday,weekday,15,early_afternoon,Muthaiga,CBD,-1.236172,36.844282,-1.278015,36.820597,5.35,Forest Road,1.87,3,26.7,13.0,16.2,5.6,True,4.2,0.819,19,21,475,True,963,good,moderate,True,4.1,0.8882
B02246,P0078,C0147,plumber,2024-02-05 15:35,Monday,weekday,15,early_afternoon,Spring Valley,Westlands,-1.275279,36.740173,-1.262822,36.811016,8.0,Waiyaki Way,1.95,3,25.6,20.4,23.3,7.7,True,4.2,0.881,10,6,270,True,1363,good,good,True,4.1,0.8953
B02247,P0148,C0230,technician,2025-04-30 16:01,Wednesday,weekday,16,evening_rush,Kileleshwa,Kasarani,-1.273235,36.790198,-1.218038,36.90268,13.93,Uhuru Highway,4.0,10,12.5,57.0,49.9,0.2,True,3.3,0.88,7,23,329,True,1141,good,moderate,False,,0.4983
B02248,P0163,C0104,technician,2024-08-03 13:04,Saturday,weekend,13,midday,Karen,Athi River,-1.311594,36.705806,-1.450447,37.001944,36.36,Ngong Road,1.27,1,39.4,49.3,66.3,31.6,False,5.0,0.86,8,36,400,True,1660,good,poor,True,4.4,0.6301
B02249,P0070,C0442,carpenter,2024-02-13 11:43,Tuesday,weekday,11,midday,Lavington,Kikuyu,-1.28849,36.775223,-1.242629,36.672446,12.51,Uhuru Highway,1.88,3,26.6,28.8,30.7,4.7,True,4.0,0.784,12,38,936,True,1077,good,poor,False,,0.6174
B02250,P0124,C0041,technician,2025-01-02 17:40,Thursday,weekday,17,evening_rush,CBD,Kitengela,-1.268836,36.820416,-1.46389,36.951964,26.16,Uhuru Highway,4.0,10,12.5,142.8,135.3,2.9,True,4.3,0.771,4,19,216,True,1178,moderate,poor,True,4.3,0.7213
B02251,P0093,C0204,plumber,2024-04-15 11:12,Monday,weekday,11,midday,Roysambu,South B,-1.2179,36.876935,-1.322307,36.829114,12.77,Thika Road,2.09,4,23.9,36.4,41.8,19.3,False,4.5,0.819,3,37,177,True,646,moderate,moderate,True,4.7,0.6215
B02252,P0097,C0086,carpenter,2025-04-16 08:21,Wednesday,weekday,8,morning_rush,Hurlingham,Dagoretti,-1.290422,36.794618,-1.280435,36.740615,6.11,Ngong Road,3.71,9,13.5,27.3,36.8,13.3,True,5.0,0.957,16,42,544,True,1011,good,poor,False,,0.5359
B02253,P0121,C0226,plumber,2025-04-13 10:23,Sunday,weekend,10,mid_morning,Eastleigh,Githurai,-1.269387,36.85348,-1.180414,36.893251,10.84,Jogoo Road,1.28,1,39.1,17.0,21.5,9.9,True,5.0,0.904,19,41,437,True,1381,poor,poor,False,,0.7321
B02254,P0109,C0259,cleaner,2024-11-05 13:23,Tuesday,weekday,13,midday,Kileleshwa,Kileleshwa,-1.273273,36.789956,-1.281774,36.782208,1.28,Uhuru Highway,1.88,3,26.6,2.9,3.1,5.7,True,3.7,0.918,19,42,1368,True,740,good,good,False,,0.6611
B02255,P0157,C0377,cleaner,2025-03-01 14:04,Saturday,weekend,14,early_afternoon,Roysambu,Kikuyu,-1.213324,36.857954,-1.256697,36.672563,21.17,Thika Road,1.34,1,37.3,30.2,25.8,10.0,True,3.7,0.948,6,10,216,True,857,moderate,poor,True,3.9,0.9335
B02256,P0111,C0390,technician,2025-02-26 08:03,Wednesday,weekday,8,morning_rush,Ngong,Dagoretti,-1.371368,36.653568,-1.297263,36.744125,13.01,Ngong Road,3.71,9,13.5,52.6,57.4,8.7,True,3.7,0.776,3,23,129,True,1613,poor,poor,True,3.9,0.6687
B02257,P0040,C0420,plumber,2025-02-19 13:09,Wednesday,weekday,13,midday,Kileleshwa,Spring Valley,-1.285552,36.778547,-1.263445,36.740953,4.85,Uhuru Highway,1.88,3,26.6,9.7,8.9,0.5,True,3.5,0.988,10,38,450,True,1000,good,good,True,3.3,0.9794
B02258,P0124,C0011,technician,2024-03-31 09:40,Sunday,weekend,9,mid_morning,CBD,Athi River,-1.268836,36.820416,-1.461377,36.999531,29.24,Uhuru Highway,1.43,1,35.0,47.6,43.3,1.6,True,4.3,0.771,4,19,216,True,1178,moderate,poor,True,3.8,0.9378
B02259,P0196,C0196,technician,2024-03-21 07:05,Thursday,weekday,7,morning_rush,Kasarani,Kilimani,-1.219995,36.884155,-1.281853,36.777566,13.7,Thika Road,4.0,10,12.5,71.6,77.9,6.5,True,3.4,0.833,3,23,120,False,1053,moderate,good,True,3.4,0.6773
B02260,P0110,C0438,electrician,2024-01-01 08:50,Monday,weekday,8,morning_rush,Kasarani,Syokimau,-1.213002,36.900337,-1.360263,36.901664,16.38,Thika Road,4.0,10,12.5,83.1,95.6,16.8,False,3.4,0.852,14,29,1050,True,1119,moderate,moderate,True,3.2,0.451
B02261,P0022,C0389,electrician,2024-10-22 12:41,Tuesday,weekday,12,midday,Langata,Embakasi,-1.337324,36.740716,-1.327758,36.891481,16.79,Ngong Road,1.87,3,26.7,38.9,45.1,6.3,True,4.9,0.913,14,13,350,True,1171,moderate,moderate,True,5.0,0.9644
B02262,P0077,C0305,carpenter,2024-09-03 10:06,Tuesday,weekday,10,mid_morning,Kileleshwa,Embakasi,-1.283737,36.770673,-1.329312,36.90285,15.54,Uhuru Highway,2.25,4,22.2,40.4,52.9,13.9,True,4.7,0.801,1,23,40,True,622,good,moderate,False,,0.5547
B02263,P0138,C0079,cleaner,2024-10-28 14:52,Monday,weekday,14,early_afternoon,Ruiru,Ngong,-1.130056,36.960788,-1.357933,36.657991,42.13,Thika Road,2.18,4,22.9,117.1,133.9,18.3,False,4.8,0.815,4,9,276,True,318,poor,poor,False,,0.3856
B02264,P0142,C0373,plumber,2024-02-20 12:33,Tuesday,weekday,12,midday,Kasarani,South C,-1.229622,36.886822,-1.313052,36.803938,13.08,Thika Road,2.09,4,23.9,35.4,33.3,0.8,True,3.3,0.792,9,10,360,True,1064,moderate,moderate,True,2.8,0.8521
B02265,P0045,C0132,carpenter,2024-11-29 14:35,Friday,weekday,14,early_afternoon,Dagoretti,Syokimau,-1.293654,36.741826,-1.368185,36.893622,18.8,Uhuru Highway,2.1,4,23.8,41.3,45.6,4.8,True,4.7,0.781,19,17,1425,True,1141,poor,moderate,False,,0.6325
B02266,P0098,C0238,technician,2024-10-05 07:33,Saturday,weekend,7,morning_rush,Karen,Ngong,-1.310218,36.721517,-1.36592,36.665507,8.78,Ngong Road,2.34,4,21.4,25.8,31.8,8.9,True,3.8,0.834,9,16,522,True,1091,good,poor,True,3.3,0.8106
B02267,P0079,C0233,cleaner,2025-03-25 14:36,Tuesday,weekday,14,early_afternoon,Kikuyu,Kilimani,-1.261245,36.651334,-1.293414,36.784308,15.21,Waiyaki Way,1.95,3,25.6,40.4,46.3,10.2,True,4.6,0.899,3,9,111,True,889,poor,good,True,4.4,0.9035
B02268,P0073,C0193,plumber,2024-05-16 15:07,Thursday,weekday,15,early_afternoon,Parklands,Athi River,-1.265689,36.829151,-1.449594,37.00077,27.97,Forest Road,1.87,3,26.7,59.6,75.7,18.5,False,3.3,0.879,6,40,180,True,1079,good,poor,True,2.7,0.6157
B02269,P0144,C0311,technician,2024-08-29 13:53,Thursday,weekday,13,midday,Upper Hill,Embakasi,-1.311202,36.814634,-1.311799,36.902558,9.77,Uhuru Highway,1.88,3,26.6,21.6,25.0,4.7,True,4.2,0.845,7,15,301,False,1260,good,moderate,False,,0.6579
B02270,P0124,C0037,technician,2024-08-16 13:35,Friday,weekday,13,midday,CBD,Kitengela,-1.268836,36.820416,-1.466426,36.955361,26.6,Uhuru Highway,1.88,3,26.6,69.4,70.8,2.7,True,4.3,0.771,4,19,216,True,1178,moderate,poor,True,4.6,0.8926
B02271,P0086,C0070,electrician,2024-11-07 12:53,Thursday,weekday,12,midday,Rongai,Spring Valley,-1.399737,36.737186,-1.27041,36.756248,14.54,Langata Road,1.75,2,28.6,30.6,36.7,9.3,True,4.3,0.749,12,26,612,True,1339,poor,good,True,4.4,0.837
B02272,P0184,C0241,plumber,2025-06-20 12:57,Friday,weekday,12,midday,Rongai,Kikuyu,-1.407716,36.7524,-1.240339,36.652003,21.7,Langata Road,1.75,2,28.6,41.8,55.1,17.8,False,4.7,0.748,2,5,54,False,1313,poor,poor,False,,0.3857
B02273,P0051,C0080,technician,2024-09-24 12:28,Tuesday,weekday,12,midday,Eastleigh,Syokimau,-1.269481,36.837488,-1.372052,36.902656,13.51,Jogoo Road,1.71,2,29.2,32.1,33.3,2.4,True,3.2,0.841,8,14,544,False,1742,poor,moderate,False,,0.6387
B02274,P0049,C0003,technician,2025-01-31 15:18,Friday,weekday,15,early_afternoon,Kasarani,Roysambu,-1.213738,36.911241,-1.209563,36.883337,3.14,Thika Road,2.18,4,22.9,9.7,10.0,3.2,True,4.1,0.836,17,7,1343,True,866,moderate,moderate,True,4.3,0.8869
B02275,P0004,C0442,cleaner,2024-05-03 12:57,Friday,weekday,12,midday,Eastleigh,Kikuyu,-1.271819,36.862837,-1.242629,36.672446,21.41,Jogoo Road,1.71,2,29.2,48.7,42.8,5.0,True,4.8,0.736,8,7,280,True,391,poor,poor,False,,0.6445
B02276,P0129,C0374,technician,2025-04-01 12:31,Tuesday,weekday,12,midday,Kasarani,Kitengela,-1.212676,36.887025,-1.47928,36.953881,30.56,Thika Road,2.09,4,23.9,61.0,52.8,1.0,True,3.2,0.813,10,25,770,False,973,moderate,poor,False,,0.606
B02277,P0186,C0192,cleaner,2024-09-10 11:29,Tuesday,weekday,11,midday,Parklands,Parklands,-1.259849,36.809984,-1.25749,36.816885,0.81,Forest Road,1.7,2,29.4,1.5,1.4,0.6,True,4.7,0.915,7,22,273,True,678,good,good,True,4.9,1.0
B02278,P0126,C0208,plumber,2024-12-01 16:12,Sunday,weekend,16,evening_rush,Syokimau,Githurai,-1.384197,36.899152,-1.190049,36.909318,21.62,Mombasa Road,3.0,7,16.7,56.9,58.7,10.1,True,3.8,0.784,1,32,46,True,1101,moderate,poor,True,3.5,0.7228
B02279,P0107,C0482,electrician,2024-04-20 08:20,Saturday,weekend,8,morning_rush,Rongai,Westlands,-1.411221,36.737889,-1.253546,36.813729,19.45,Langata Road,2.3,4,21.7,51.3,60.8,10.9,True,3.8,0.756,11,30,715,True,708,poor,good,False,,0.5082
B02280,P0102,C0497,plumber,2024-12-31 09:15,Tuesday,weekday,9,mid_morning,CBD,Embakasi,-1.28875,36.816036,-1.319356,36.905366,10.5,Uhuru Highway,2.25,4,22.2,27.5,25.1,6.0,True,4.6,0.858,14,44,294,False,585,moderate,moderate,False,,0.644
B02281,P0191,C0192,plumber,2025-06-15 10:37,Sunday,weekend,10,mid_morning,Athi River,Parklands,-1.458754,37.004152,-1.25749,36.816885,30.56,Mombasa Road,1.59,2,31.4,61.1,64.5,5.3,True,3.9,0.908,19,25,570,True,588,poor,good,True,3.8,0.9426
B02282,P0099,C0251,plumber,2024-05-21 10:40,Tuesday,weekday,10,mid_morning,Roysambu,Kitengela,-1.221829,36.868602,-1.479293,36.965499,30.59,Thika Road,2.31,4,21.6,104.9,133.0,28.1,False,3.1,0.917,11,10,330,True,711,moderate,poor,True,3.1,0.5095
B02283,P0079,C0329,cleaner,2025-03-03 10:03,Monday,weekday,10,mid_morning,Kikuyu,Athi River,-1.261245,36.651334,-1.452349,36.993493,43.57,Waiyaki Way,2.13,4,23.5,122.5,157.9,39.3,False,4.6,0.899,3,9,111,True,889,poor,poor,True,4.5,0.4966
B02284,P0151,C0037,cleaner,2025-02-28 08:43,Friday,weekday,8,morning_rush,Dagoretti,Kitengela,-1.302898,36.752931,-1.466426,36.955361,28.93,Uhuru Highway,3.58,9,14.0,138.9,127.2,4.6,True,4.8,0.747,8,12,480,False,887,poor,poor,True,4.7,0.7538
B02285,P0105,C0454,cleaner,2024-07-15 14:32,Monday,weekday,14,early_afternoon,Upper Hill,Parklands,-1.30826,36.804606,-1.264699,36.823282,5.27,Uhuru Highway,2.1,4,23.8,10.3,11.3,1.6,True,3.2,0.943,10,8,230,True,691,good,good,True,3.4,0.9152
B02286,P0010,C0472,electrician,2025-03-04 08:47,Tuesday,weekday,8,morning_rush,Kasarani,Westlands,-1.2307,36.90588,-1.2588,36.813594,10.72,Thika Road,4.0,10,12.5,58.5,74.4,19.1,False,4.1,0.887,15,43,840,True,1367,moderate,good,True,4.0,0.4843
B02287,P0032,C0198,cleaner,2025-01-11 15:12,Saturday,weekend,15,early_afternoon,Gigiri,Dagoretti,-1.218323,36.820818,-1.294583,36.745058,11.95,Forest Road,1.16,1,43.1,16.8,16.9,1.9,True,4.8,0.979,15,10,690,False,551,good,poor,True,5.0,1.0
B02288,P0145,C0084,technician,2025-01-24 08:48,Friday,weekday,8,morning_rush,Runda,Dagoretti,-1.220009,36.806625,-1.282038,36.736382,10.42,Kiambu Road,3.05,7,16.4,31.6,36.2,6.6,True,4.8,0.874,5,22,330,True,1007,good,poor,True,3.9,0.843
B02289,P0050,C0391,plumber,2025-02-11 16:16,Tuesday,weekday,16,evening_rush,Muthaiga,Roysambu,-1.237436,36.842383,-1.200742,36.873411,5.34,Forest Road,3.67,9,13.6,25.4,31.6,14.8,True,3.2,0.803,16,6,1232,True,1107,good,moderate,True,2.9,0.6096
B02290,P0112,C0491,carpenter,2025-01-02 13:51,Thursday,weekday,13,midday,Rongai,Upper Hill,-1.407345,36.750173,-1.297242,36.824461,14.77,Langata Road,1.75,2,28.6,36.0,47.5,13.0,True,4.9,0.809,17,40,1190,True,779,poor,good,False,,0.6162
B02291,P0066,C0395,technician,2024-08-05 14:10,Monday,weekday,14,early_afternoon,Athi River,Hurlingham,-1.457679,36.988129,-1.303798,36.794935,27.46,Mombasa Road,2.13,4,23.5,87.2,106.8,22.7,False,5.0,0.777,12,37,768,True,1320,poor,good,False,,0.3439
B02292,P0193,C0370,cleaner,2025-02-04 14:44,Tuesday,weekday,14,early_afternoon,Industrial Area,Industrial Area,-1.298218,36.849992,-1.311748,36.839705,1.89,Mombasa Road,2.13,4,23.5,4.5,3.8,4.3,True,4.1,0.77,6,25,144,True,807,poor,poor,False,,0.5988
B02293,P0090,C0261,plumber,2024-07-29 17:42,Monday,weekday,17,evening_rush,Ngong,Githurai,-1.348911,36.676954,-1.190074,36.898652,30.32,Ngong Road,4.0,10,12.5,119.5,160.1,44.0,False,4.3,0.888,19,32,475,True,536,poor,poor,True,3.6,0.2873
B02294,P0182,C0251,electrician,2025-02-13 17:45,Thursday,weekday,17,evening_rush,Athi River,Kitengela,-1.450424,36.986851,-1.479293,36.965499,3.99,Mombasa Road,4.0,10,12.5,15.8,16.1,2.0,True,4.0,0.826,17,35,442,True,676,poor,poor,False,,0.4913
B02295,P0163,C0353,technician,2025-01-11 11:00,Saturday,weekend,11,midday,Karen,Rongai,-1.311594,36.705806,-1.397798,36.738693,10.26,Ngong Road,1.27,1,39.4,17.5,20.0,2.9,True,5.0,0.86,8,36,400,True,1660,good,poor,True,4.6,1.0
B02296,P0095,C0357,plumber,2024-11-21 08:58,Thursday,weekday,8,morning_rush,Spring Valley,CBD,-1.277903,36.744602,-1.276654,36.814237,7.74,Waiyaki Way,3.46,8,14.5,31.7,35.9,7.2,True,3.9,0.847,12,33,672,True,967,good,moderate,True,4.1,0.7467
B02297,P0015,C0334,carpenter,2025-01-21 14:33,Tuesday,weekday,14,early_afternoon,Spring Valley,Ruiru,-1.252873,36.746484,-1.146137,36.94959,25.51,Waiyaki Way,1.95,3,25.6,62.4,72.5,12.8,True,5.0,0.944,19,30,1083,True,658,good,poor,True,4.8,0.9243
B02298,P0099,C0475,plumber,2024-05-08 15:13,Wednesday,weekday,15,early_afternoon,Roysambu,Athi River,-1.221829,36.868602,-1.452459,36.984699,28.71,Thika Road,2.18,4,22.9,55.6,47.9,2.5,True,3.1,0.917,11,10,330,True,711,moderate,poor,True,2.6,0.8833
B02299,P0109,C0377,cleaner,2024-11-19 12:02,Tuesday,weekday,12,midday,Kileleshwa,Kikuyu,-1.273273,36.789956,-1.256697,36.672563,13.18,Uhuru Highway,1.88,3,26.6,33.3,34.8,1.7,True,3.7,0.918,19,42,1368,True,740,good,poor,False,,0.6944
B02300,P0064,C0125,electrician,2024-05-18 10:26,Saturday,weekend,10,mid_morning,Parklands,South C,-1.263494,36.832383,-1.325642,36.796147,8.0,Forest Road,1.21,1,41.3,12.6,12.1,3.6,True,3.7,0.803,18,6,1224,True,1206,good,moderate,True,3.8,0.9247
B02301,P0123,C0018,technician,2024-10-05 10:15,Saturday,weekend,10,mid_morning,South C,Kitengela,-1.304593,36.805869,-1.479626,36.949987,25.21,Langata Road,1.32,1,37.9,36.7,48.7,12.5,True,4.0,0.913,17,10,901,False,888,moderate,poor,True,3.8,0.9117
B02302,P0093,C0324,plumber,2024-02-23 07:37,Friday,weekday,7,morning_rush,Roysambu,Kikuyu,-1.2179,36.876935,-1.245147,36.659313,24.38,Thika Road,4.0,10,12.5,145.9,140.6,0.3,True,4.5,0.819,3,37,177,True,646,moderate,poor,False,,0.527
B02303,P0181,C0347,carpenter,2024-02-11 07:35,Sunday,weekend,7,morning_rush,Eastleigh,Upper Hill,-1.285983,36.842261,-1.305819,36.825705,2.87,Jogoo Road,2.17,4,23.0,8.2,9.4,2.1,True,4.1,0.796,2,32,106,True,664,poor,good,True,4.1,0.8769
B02304,P0008,C0358,electrician,2024-08-06 10:01,Tuesday,weekday,10,mid_morning,Kasarani,Embakasi,-1.209809,36.907631,-1.327547,36.912204,13.1,Thika Road,2.31,4,21.6,44.4,53.1,9.5,True,4.4,0.779,12,34,636,True,919,moderate,moderate,False,,0.5605
B02305,P0171,C0331,plumber,2024-05-08 08:12,Wednesday,weekday,8,morning_rush,Kilimani,Langata,-1.29787,36.771599,-1.342853,36.746206,5.74,Uhuru Highway,3.58,9,14.0,31.2,35.8,5.0,True,4.9,0.924,15,30,510,True,1293,good,moderate,False,,0.5939
B02306,P0038,C0134,cleaner,2024-01-21 10:43,Sunday,weekend,10,mid_morning,Kitengela,CBD,-1.478252,36.974953,-1.287174,36.81591,27.64,Mombasa Road,1.59,2,31.4,51.1,53.6,12.1,True,3.1,0.788,15,39,930,False,443,poor,moderate,True,3.3,0.786
B02307,P0155,C0234,plumber,2024-05-22 16:52,Wednesday,weekday,16,evening_rush,Parklands,Eastleigh,-1.259306,36.829537,-1.263016,36.843483,1.6,Forest Road,3.67,9,13.6,8.6,8.7,0.3,True,4.6,0.866,17,44,476,False,863,good,poor,False,,0.5819
B02308,P0175,C0076,plumber,2025-05-12 14:19,Monday,weekday,14,early_afternoon,Githurai,Lavington,-1.187395,36.89935,-1.292151,36.777384,17.88,Thika Road,2.18,4,22.9,55.6,70.1,18.2,False,5.0,0.725,19,21,969,True,1101,poor,good,True,5.0,0.6014
B02309,P0066,C0127,technician,2025-01-02 08:45,Thursday,weekday,8,morning_rush,Athi River,Kileleshwa,-1.457679,36.988129,-1.272809,36.782145,30.77,Mombasa Road,4.0,10,12.5,137.7,158.6,23.3,False,5.0,0.777,12,37,768,True,1320,poor,good,False,,0.1893
B02310,P0155,C0297,plumber,2024-09-30 12:28,Monday,weekday,12,midday,Parklands,Ngong,-1.259306,36.829537,-1.362449,36.672136,20.92,Forest Road,1.7,2,29.4,49.1,65.3,16.3,False,4.6,0.866,17,44,476,False,863,good,poor,True,4.4,0.7062
B02311,P0170,C0431,carpenter,2024-11-09 09:04,Saturday,weekend,9,mid_morning,South B,Syokimau,-1.325679,36.811506,-1.374091,36.902344,11.44,Uhuru Highway,1.43,1,35.0,22.9,26.8,12.4,True,4.1,0.823,13,22,572,True,736,moderate,moderate,True,3.8,0.8638
B02312,P0042,C0007,electrician,2025-06-22 08:24,Sunday,weekend,8,morning_rush,Runda,Gigiri,-1.206172,36.812074,-1.226427,36.812802,2.25,Kiambu Road,2.02,3,24.8,5.2,6.7,9.1,True,3.6,0.884,5,28,395,True,513,good,good,True,3.8,0.8496
B02313,P0030,C0395,technician,2025-03-04 11:24,Tuesday,weekday,11,midday,Dagoretti,Hurlingham,-1.288754,36.734235,-1.303798,36.794935,6.95,Uhuru Highway,1.88,3,26.6,15.5,16.6,4.1,True,4.9,0.751,12,34,816,False,1451,poor,good,False,,0.6509
B02314,P0024,C0330,cleaner,2025-04-12 16:43,Saturday,weekend,16,evening_rush,Langata,Kileleshwa,-1.334684,36.751712,-1.28316,36.773274,6.21,Ngong Road,2.6,5,19.2,23.6,20.5,6.6,True,4.2,0.957,7,5,462,False,870,moderate,good,True,3.4,0.8905
B02315,P0183,C0470,carpenter,2025-03-13 07:20,Thursday,weekday,7,morning_rush,Langata,Karen,-1.346859,36.745886,-1.309329,36.712243,5.6,Ngong Road,3.71,9,13.5,25.6,31.8,6.5,True,3.4,0.755,14,5,322,True,885,moderate,good,True,3.9,0.6615
B02316,P0099,C0204,plumber,2024-05-04 14:45,Saturday,weekend,14,early_afternoon,Roysambu,South B,-1.221829,36.868602,-1.322307,36.829114,12.0,Thika Road,1.34,1,37.3,16.5,21.2,5.5,True,3.1,0.917,11,10,330,True,711,moderate,moderate,True,3.1,0.9255
B02317,P0181,C0301,carpenter,2024-05-05 14:17,Sunday,weekend,14,early_afternoon,Eastleigh,Langata,-1.285983,36.842261,-1.345941,36.751219,12.12,Jogoo Road,1.18,1,42.4,15.6,19.1,12.7,True,4.1,0.796,2,32,106,True,664,poor,moderate,True,5.0,0.8678
B02318,P0021,C0266,technician,2024-11-22 11:56,Friday,weekday,11,midday,Kasarani,Westlands,-1.234208,36.887013,-1.272627,36.805451,10.02,Thika Road,2.09,4,23.9,25.9,32.1,6.5,True,4.3,0.918,11,35,693,True,1319,moderate,good,True,4.5,0.9176
B02319,P0049,C0449,technician,2025-05-26 15:09,Monday,weekday,15,early_afternoon,Kasarani,Hurlingham,-1.213738,36.911241,-1.30473,36.798081,16.14,Thika Road,2.18,4,22.9,41.4,48.8,9.7,True,4.1,0.836,17,7,1343,True,866,moderate,good,True,4.3,0.8328
B02320,P0109,C0085,cleaner,2024-01-22 10:27,Monday,weekday,10,mid_morning,Kileleshwa,Athi River,-1.273273,36.789956,-1.457421,36.983527,29.7,Uhuru Highway,2.25,4,22.2,59.5,64.1,6.0,True,3.7,0.918,19,42,1368,True,740,good,poor,True,3.8,0.879
B02321,P0110,C0130,electrician,2024-03-11 08:04,Monday,weekday,8,morning_rush,Kasarani,South C,-1.213002,36.900337,-1.328071,36.789756,17.74,Thika Road,4.0,10,12.5,90.4,106.4,17.4,False,3.4,0.852,14,29,1050,True,1119,moderate,moderate,True,3.4,0.446
B02322,P0178,C0155,electrician,2025-04-05 13:14,Saturday,weekend,13,midday,Eastleigh,Langata,-1.282287,36.844486,-1.340628,36.735996,13.69,Jogoo Road,1.13,0,44.2,15.0,14.1,3.5,True,5.0,0.888,5,35,145,True,859,poor,moderate,True,4.7,1.0
B02323,P0129,C0496,technician,2025-04-03 08:02,Thursday,weekday,8,morning_rush,Kasarani,Rongai,-1.212676,36.887025,-1.398841,36.75782,25.2,Thika Road,4.0,10,12.5,122.3,119.7,5.8,True,3.2,0.813,10,25,770,False,973,moderate,poor,True,3.5,0.6632
B02324,P0137,C0338,technician,2024-08-23 11:16,Friday,weekday,11,midday,South C,Gigiri,-1.326641,36.801857,-1.232066,36.811424,10.57,Langata Road,1.75,2,28.6,18.0,22.7,9.7,True,4.4,0.817,7,12,462,True,794,moderate,good,True,5.0,0.8727
B02325,P0098,C0301,technician,2025-04-07 08:51,Monday,weekday,8,morning_rush,Karen,Langata,-1.310218,36.721517,-1.345941,36.751219,5.17,Ngong Road,3.71,9,13.5,23.2,24.1,4.2,True,3.8,0.834,9,16,522,True,1091,good,moderate,True,3.6,0.7402
B02326,P0079,C0376,cleaner,2025-03-08 13:15,Saturday,weekend,13,midday,Kikuyu,Rongai,-1.261245,36.651334,-1.401487,36.74892,19.0,Waiyaki Way,1.23,1,40.7,29.2,35.9,11.7,True,4.6,0.899,3,9,111,True,889,poor,poor,True,5.0,0.9486
B02327,P0106,C0386,carpenter,2024-01-20 09:53,Saturday,weekend,9,mid_morning,Syokimau,Upper Hill,-1.36283,36.900425,-1.290912,36.819452,12.04,Mombasa Road,1.59,2,31.4,22.4,22.8,2.0,True,5.0,0.769,17,37,799,True,870,moderate,good,False,,0.7056
B02328,P0187,C0446,technician,2024-01-16 13:58,Tuesday,weekday,13,midday,Westlands,Muthaiga,-1.2733,36.817332,-1.248018,36.829241,3.11,Waiyaki Way,1.88,3,26.6,7.0,9.3,9.3,True,4.3,0.789,17,39,816,True,794,good,good,True,4.6,0.8466
B02329,P0023,C0056,plumber,2024-05-22 15:49,Wednesday,weekday,15,early_afternoon,Runda,Hurlingham,-1.20871,36.820684,-1.28927,36.786475,9.73,Kiambu Road,1.64,2,30.5,17.8,23.1,12.0,True,3.8,0.977,7,10,539,True,894,good,good,True,3.4,0.9123
B02330,P0163,C0294,technician,2024-04-06 10:00,Saturday,weekend,10,mid_morning,Karen,South C,-1.311594,36.705806,-1.309493,36.786886,9.02,Ngong Road,1.4,1,35.7,11.7,12.6,1.2,True,5.0,0.86,8,36,400,True,1660,good,moderate,False,,0.773
B02331,P0199,C0409,electrician,2024-02-21 17:24,Wednesday,weekday,17,evening_rush,Muthaiga,Kasarani,-1.249154,36.824128,-1.223112,36.909691,9.94,Forest Road,3.67,9,13.6,52.4,62.4,12.4,True,2.9,0.957,2,25,158,False,823,good,moderate,True,3.0,0.6916
B02332,P0089,C0417,electrician,2024-05-11 12:24,Saturday,weekend,12,midday,Hurlingham,Hurlingham,-1.295309,36.794384,-1.302831,36.783499,1.47,Ngong Road,1.27,1,39.4,2.5,3.2,3.3,True,4.4,0.847,15,21,855,False,1226,good,good,True,5.0,0.9794
B02333,P0037,C0138,cleaner,2024-02-10 12:37,Saturday,weekend,12,midday,Langata,CBD,-1.35501,36.742017,-1.289664,36.807738,10.3,Ngong Road,1.27,1,39.4,13.8,18.6,16.8,False,5.0,0.927,5,37,190,True,468,moderate,moderate,True,5.0,0.7869
B02334,P0192,C0108,carpenter,2025-03-01 14:55,Saturday,weekend,14,early_afternoon,Ruiru,Karen,-1.139674,36.956392,-1.313554,36.707321,33.77,Thika Road,1.34,1,37.3,53.4,69.6,17.7,False,4.1,0.856,5,15,135,True,760,poor,good,True,4.0,0.6933
B02335,P0192,C0204,carpenter,2024-12-25 10:48,Wednesday,weekday,10,mid_morning,Ruiru,South B,-1.139674,36.956392,-1.322307,36.829114,24.75,Thika Road,2.31,4,21.6,81.7,71.9,1.9,True,4.1,0.856,5,15,135,True,760,poor,moderate,False,,0.6474
B02336,P0179,C0158,cleaner,2025-06-04 16:38,Wednesday,weekday,16,evening_rush,Githurai,Lavington,-1.196084,36.901156,-1.282612,36.768053,17.65,Thika Road,4.0,10,12.5,72.7,82.9,20.5,False,5.0,0.821,13,18,702,True,815,poor,good,True,4.9,0.4847
B02337,P0002,C0087,technician,2025-05-09 14:13,Friday,weekday,14,early_afternoon,Langata,South C,-1.330429,36.75935,-1.316733,36.795152,4.26,Ngong Road,2.03,3,24.6,11.9,14.0,7.0,True,4.4,0.947,13,12,481,False,958,moderate,moderate,True,4.7,0.9378
B02338,P0126,C0001,plumber,2024-11-22 16:46,Friday,weekday,16,evening_rush,Syokimau,Spring Valley,-1.384197,36.899152,-1.263491,36.756229,20.8,Mombasa Road,4.0,10,12.5,99.9,85.3,0.5,True,3.8,0.784,1,32,46,True,1101,moderate,good,True,4.2,0.7228
B02339,P0025,C0036,cleaner,2024-05-08 09:32,Wednesday,weekday,9,mid_morning,Langata,Kasarani,-1.346931,36.741658,-1.226354,36.900079,22.13,Ngong Road,2.08,4,24.0,56.7,61.9,13.7,True,4.2,0.845,3,5,156,True,558,moderate,moderate,True,3.9,0.8169
B02340,P0199,C0357,electrician,2025-06-05 15:47,Thursday,weekday,15,early_afternoon,Muthaiga,CBD,-1.249154,36.824128,-1.276654,36.814237,3.25,Forest Road,1.87,3,26.7,7.1,7.0,2.2,True,2.9,0.957,2,25,158,False,823,good,moderate,True,3.5,0.9206
B02341,P0107,C0269,electrician,2024-12-02 17:52,Monday,weekday,17,evening_rush,Rongai,South B,-1.411221,36.737889,-1.327656,36.815103,12.65,Langata Road,3.58,9,14.0,51.5,51.2,0.4,True,3.8,0.756,11,30,715,True,708,poor,moderate,True,3.7,0.7433
B02342,P0107,C0336,electrician,2025-04-06 15:11,Sunday,weekend,15,early_afternoon,Rongai,Parklands,-1.411221,36.737889,-1.256437,36.818,19.38,Langata Road,1.23,1,40.7,26.1,24.4,1.8,True,3.8,0.756,11,30,715,True,708,poor,good,True,3.7,0.9196
B02343,P0074,C0376,cleaner,2025-02-01 13:07,Saturday,weekend,13,midday,Hurlingham,Rongai,-1.307168,36.802508,-1.401487,36.74892,12.06,Ngong Road,1.27,1,39.4,21.8,19.2,1.2,True,5.0,0.97,14,9,644,True,816,good,poor,True,5.0,1.0
B02344,P0111,C0088,technician,2024-02-14 09:26,Wednesday,weekday,9,mid_morning,Ngong,Kikuyu,-1.371368,36.653568,-1.251358,36.670042,13.47,Ngong Road,2.08,4,24.0,33.4,41.8,8.7,True,3.7,0.776,3,23,129,True,1613,poor,poor,False,,0.5491
B02345,P0046,C0192,cleaner,2024-01-08 15:36,Monday,weekday,15,early_afternoon,Rongai,Parklands,-1.390957,36.7597,-1.25749,36.816885,16.15,Langata Road,1.89,3,26.5,30.1,27.2,5.2,True,3.4,0.843,12,33,360,True,781,poor,good,True,3.5,0.862
B02346,P0048,C0361,electrician,2024-01-04 17:35,Thursday,weekday,17,evening_rush,Dagoretti,Ngong,-1.28378,36.747291,-1.36838,36.664565,13.16,Uhuru Highway,4.0,10,12.5,78.1,96.3,23.6,False,5.0,0.867,19,34,1311,True,1137,poor,poor,True,4.5,0.4818
B02347,P0035,C0102,technician,2025-04-12 08:11,Saturday,weekend,8,morning_rush,Eastleigh,Eastleigh,-1.266177,36.853074,-1.28078,36.848361,1.71,Jogoo Road,2.17,4,23.0,4.5,3.9,1.9,True,4.3,0.857,3,26,99,True,1339,poor,poor,False,,0.6691
B02348,P0125,C0094,carpenter,2025-02-04 11:52,Tuesday,weekday,11,midday,CBD,Dagoretti,-1.289186,36.82843,-1.30353,36.736951,10.29,Uhuru Highway,1.88,3,26.6,22.2,22.2,9.1,True,4.2,0.775,18,40,810,False,627,moderate,poor,False,,0.5863
B02349,P0129,C0486,technician,2024-04-17 10:53,Wednesday,weekday,10,mid_morning,Kasarani,Roysambu,-1.212676,36.887025,-1.219694,36.863585,2.72,Thika Road,2.31,4,21.6,6.9,6.0,2.0,True,3.2,0.813,10,25,770,False,973,moderate,moderate,True,2.5,0.83
B02350,P0029,C0231,electrician,2024-06-20 12:33,Thursday,weekday,12,midday,Industrial Area,South B,-1.308364,36.858956,-1.314833,36.831959,3.09,Mombasa Road,2.13,4,23.5,8.4,9.2,3.5,True,5.0,0.886,16,32,1120,True,946,poor,moderate,True,5.0,0.9584
B02351,P0146,C0417,electrician,2024-05-14 13:45,Tuesday,weekday,13,midday,Embakasi,Hurlingham,-1.323622,36.89238,-1.302831,36.783499,12.32,Mombasa Road,2.13,4,23.5,26.9,35.7,14.8,True,5.0,0.807,14,19,476,True,630,moderate,good,False,,0.5748
B02352,P0055,C0096,carpenter,2024-02-06 09:53,Tuesday,weekday,9,mid_morning,CBD,Kilimani,-1.285689,36.830976,-1.285007,36.779834,5.69,Uhuru Highway,2.25,4,22.2,14.5,15.9,1.6,True,3.3,0.754,2,17,82,True,674,moderate,good,True,3.4,0.8137
B02353,P0052,C0031,cleaner,2024-03-23 16:10,Saturday,weekend,16,evening_rush,Kitengela,Karen,-1.47149,36.958108,-1.330681,36.709457,31.77,Mombasa Road,3.0,7,16.7,134.2,161.7,29.7,False,5.0,0.889,8,14,280,False,767,poor,good,True,5.0,0.522
B02354,P0192,C0094,carpenter,2024-08-09 08:28,Friday,weekday,8,morning_rush,Ruiru,Dagoretti,-1.139674,36.956392,-1.30353,36.736951,30.45,Thika Road,4.0,10,12.5,144.1,173.4,32.6,False,4.1,0.856,5,15,135,True,760,poor,poor,True,4.5,0.3563
B02355,P0195,C0099,plumber,2024-01-02 12:14,Tuesday,weekday,12,midday,Kilimani,Dagoretti,-1.295888,36.78464,-1.288135,36.752045,3.72,Uhuru Highway,1.88,3,26.6,8.6,10.9,3.4,True,4.3,0.89,9,15,252,False,883,good,poor,True,3.2,0.9463
B02356,P0067,C0462,carpenter,2024-03-30 15:17,Saturday,weekend,15,early_afternoon,Runda,South B,-1.203143,36.802115,-1.306719,36.828675,11.89,Kiambu Road,1.11,0,45.0,13.9,13.5,1.0,True,3.2,0.784,16,33,384,True,966,good,moderate,False,,0.6699
B02357,P0105,C0226,cleaner,2024-05-22 14:13,Wednesday,weekday,14,early_afternoon,Upper Hill,Githurai,-1.30826,36.804606,-1.180414,36.893251,17.3,Uhuru Highway,2.1,4,23.8,40.8,43.5,2.7,True,3.2,0.943,10,8,230,True,691,good,poor,True,3.0,0.906
B02358,P0161,C0468,cleaner,2025-04-17 13:11,Thursday,weekday,13,midday,Dagoretti,Gigiri,-1.301444,36.756457,-1.221544,36.805428,10.42,Uhuru Highway,1.88,3,26.6,23.3,27.7,6.1,True,4.0,0.762,12,41,924,True,473,poor,good,False,,0.5948
B02359,P0160,C0056,cleaner,2025-05-05 11:21,Monday,weekday,11,midday,Embakasi,Hurlingham,-1.319614,36.900458,-1.28927,36.786475,13.11,Mombasa Road,2.13,4,23.5,35.9,46.4,11.3,True,4.7,0.907,4,29,204,True,370,moderate,good,True,4.4,0.8889
B02360,P0163,C0086,technician,2024-03-02 10:28,Saturday,weekend,10,mid_morning,Karen,Dagoretti,-1.311594,36.705806,-1.280435,36.740615,5.19,Ngong Road,1.4,1,35.7,8.3,10.1,2.2,True,5.0,0.86,8,36,400,True,1660,good,poor,False,,0.7647
B02361,P0021,C0151,technician,2025-05-20 10:27,Tuesday,weekday,10,mid_morning,Kasarani,Hurlingham,-1.234208,36.887013,-1.306383,36.79672,12.85,Thika Road,2.31,4,21.6,32.9,39.9,7.3,True,4.3,0.918,11,35,693,True,1319,moderate,good,True,4.8,0.8934
B02362,P0022,C0194,electrician,2025-05-01 14:09,Thursday,weekday,14,early_afternoon,Langata,CBD,-1.337324,36.740716,-1.274988,36.829034,12.02,Ngong Road,2.03,3,24.6,31.4,40.6,13.5,True,4.9,0.913,14,13,350,True,1171,moderate,moderate,True,4.7,0.8916
B02363,P0032,C0142,cleaner,2024-06-03 08:06,Monday,weekday,8,morning_rush,Gigiri,Gigiri,-1.218323,36.820818,-1.212641,36.816808,0.77,Forest Road,3.15,7,15.9,2.5,2.3,0.8,True,4.8,0.979,15,10,690,False,551,good,good,True,4.6,0.9358
B02364,P0017,C0176,carpenter,2024-09-13 15:18,Friday,weekday,15,early_afternoon,Parklands,Karen,-1.265137,36.832357,-1.30978,36.70083,15.44,Forest Road,1.87,3,26.7,35.5,35.2,13.9,True,3.8,0.979,7,16,238,True,1016,good,good,False,,0.6291
B02365,P0008,C0300,electrician,2024-09-28 08:36,Saturday,weekend,8,morning_rush,Kasarani,Langata,-1.209809,36.907631,-1.350397,36.749372,23.54,Thika Road,2.55,5,19.6,62.1,74.2,12.3,True,4.4,0.779,12,34,636,True,919,moderate,moderate,True,4.7,0.768
B02366,P0061,C0245,technician,2024-12-03 11:30,Tuesday,weekday,11,midday,Hurlingham,Lavington,-1.313263,36.795445,-1.291629,36.774201,3.37,Ngong Road,1.87,3,26.7,5.6,4.8,4.8,True,3.8,0.867,9,11,288,False,1097,good,good,True,4.4,0.8989
B02367,P0125,C0345,carpenter,2025-03-27 10:38,Thursday,weekday,10,mid_morning,CBD,Kileleshwa,-1.289186,36.82843,-1.263775,36.78636,5.46,Uhuru Highway,2.25,4,22.2,15.4,20.5,7.7,True,4.2,0.775,18,40,810,False,627,moderate,good,True,4.0,0.8183
B02368,P0195,C0052,plumber,2025-03-23 10:28,Sunday,weekend,10,mid_morning,Kilimani,Roysambu,-1.295888,36.78464,-1.212312,36.864461,12.85,Uhuru Highway,1.43,1,35.0,17.0,19.3,2.4,True,4.3,0.89,9,15,252,False,883,good,moderate,False,,0.7406
B02369,P0003,C0032,cleaner,2024-07-26 15:32,Friday,weekday,15,early_afternoon,Kilimani,CBD,-1.304266,36.787504,-1.285874,36.815402,3.71,Uhuru Highway,2.1,4,23.8,8.1,8.1,3.9,True,5.0,0.846,15,25,390,True,501,good,moderate,True,4.6,0.9375
B02370,P0069,C0385,plumber,2024-11-28 11:17,Thursday,weekday,11,midday,Embakasi,Kilimani,-1.326504,36.886816,-1.285862,36.784793,12.21,Mombasa Road,2.13,4,23.5,31.1,38.9,8.5,True,4.5,0.938,11,8,869,True,873,moderate,good,True,3.9,0.9178
B02371,P0002,C0341,technician,2024-05-31 14:26,Friday,weekday,14,early_afternoon,Langata,Eastleigh,-1.330429,36.75935,-1.265804,36.861585,13.45,Ngong Road,2.03,3,24.6,37.1,36.6,2.2,True,4.4,0.947,13,12,481,False,958,moderate,poor,False,,0.7278
B02372,P0150,C0405,cleaner,2024-12-12 15:01,Thursday,weekday,15,early_afternoon,Athi River,Embakasi,-1.468362,37.007079,-1.325085,36.890562,20.53,Mombasa Road,2.13,4,23.5,54.1,57.1,3.7,True,5.0,0.827,16,29,896,True,401,poor,moderate,False,,0.6773
B02373,P0011,C0050,plumber,2024-04-23 10:03,Tuesday,weekday,10,mid_morning,Kitengela,Embakasi,-1.461571,36.951166,-1.328964,36.910611,15.42,Mombasa Road,2.25,4,22.2,44.6,55.1,15.5,False,3.5,0.741,16,28,768,True,1242,poor,moderate,True,3.9,0.5513
B02374,P0055,C0268,carpenter,2025-01-13 12:22,Monday,weekday,12,midday,CBD,Kilimani,-1.285689,36.830976,-1.293114,36.768586,6.98,Uhuru Highway,1.88,3,26.6,11.4,11.5,8.0,True,3.3,0.754,2,17,82,True,674,moderate,good,False,,0.5399
B02375,P0002,C0193,technician,2025-04-28 09:21,Monday,weekday,9,mid_morning,Langata,Athi River,-1.330429,36.75935,-1.449594,37.00077,29.93,Ngong Road,2.08,4,24.0,72.4,84.3,11.9,True,4.4,0.947,13,12,481,False,958,moderate,poor,True,3.9,0.8929
B02376,P0155,C0267,plumber,2024-02-08 10:25,Thursday,weekday,10,mid_morning,Parklands,Rongai,-1.259306,36.829537,-1.388463,36.736469,17.7,Forest Road,1.91,3,26.2,37.2,47.4,15.3,False,4.6,0.866,17,44,476,False,863,good,poor,True,4.4,0.6977
B02377,P0195,C0137,plumber,2024-02-22 08:29,Thursday,weekday,8,morning_rush,Kilimani,Hurlingham,-1.295888,36.78464,-1.301339,36.805859,2.44,Uhuru Highway,3.58,9,14.0,10.9,14.2,9.6,True,4.3,0.89,9,15,252,False,883,good,good,True,4.4,0.7586
B02378,P0125,C0243,carpenter,2024-07-07 14:00,Sunday,weekend,14,early_afternoon,CBD,Eastleigh,-1.289186,36.82843,-1.271758,36.848079,2.92,Uhuru Highway,1.35,1,37.0,4.5,5.8,1.8,True,4.2,0.775,18,40,810,False,627,moderate,poor,True,4.4,0.9395
B02379,P0194,C0173,plumber,2025-05-20 14:58,Tuesday,weekday,14,early_afternoon,Ruiru,Rongai,-1.158479,36.954798,-1.402775,36.739584,36.2,Thika Road,2.18,4,22.9,91.2,104.9,15.6,False,4.8,0.813,19,40,779,True,627,poor,poor,True,5.0,0.6571
B02380,P0155,C0220,plumber,2024-05-08 15:37,Wednesday,weekday,15,early_afternoon,Parklands,Roysambu,-1.259306,36.829537,-1.21902,36.869343,6.3,Forest Road,1.87,3,26.7,14.9,13.6,1.5,True,4.6,0.866,17,44,476,False,863,good,moderate,True,5.0,0.9659
B02381,P0087,C0190,electrician,2024-03-24 14:42,Sunday,weekend,14,early_afternoon,Kitengela,Athi River,-1.465391,36.952559,-1.462077,37.00135,5.44,Mombasa Road,1.43,1,35.0,8.3,7.8,1.9,True,4.0,0.782,16,7,1200,True,1294,poor,poor,True,4.1,0.9258
B02382,P0175,C0456,plumber,2024-02-17 17:06,Saturday,weekend,17,evening_rush,Githurai,Lavington,-1.187395,36.89935,-1.285209,36.767636,18.24,Thika Road,2.64,5,18.9,52.0,45.8,2.8,True,5.0,0.725,19,21,969,True,1101,poor,good,False,,0.593
B02383,P0088,C0162,cleaner,2025-05-14 13:09,Wednesday,weekday,13,midday,Athi River,Kikuyu,-1.466229,36.98317,-1.2376,36.657045,44.28,Mombasa Road,2.13,4,23.5,125.0,129.7,6.1,True,4.4,0.919,18,5,1170,True,826,poor,poor,True,5.0,0.9233
B02384,P0062,C0482,electrician,2025-06-12 14:46,Thursday,weekday,14,early_afternoon,Runda,Westlands,-1.210904,36.813098,-1.253546,36.813729,4.74,Kiambu Road,1.64,2,30.5,8.2,10.1,7.2,True,4.1,0.957,10,36,530,True,1029,good,good,True,4.1,0.9573
B02385,P0093,C0341,plumber,2024-06-12 10:13,Wednesday,weekday,10,mid_morning,Roysambu,Eastleigh,-1.2179,36.876935,-1.265804,36.861585,5.59,Thika Road,2.31,4,21.6,14.0,18.8,13.5,True,4.5,0.819,3,37,177,True,646,moderate,poor,True,5.0,0.8022
B02386,P0103,C0194,cleaner,2024-05-25 16:12,Saturday,weekend,16,evening_rush,Lavington,CBD,-1.2836,36.766546,-1.274988,36.829034,7.01,Uhuru Highway,2.59,5,19.3,26.3,31.8,10.0,True,3.3,0.854,4,17,180,True,799,good,moderate,True,3.2,0.7665
B02387,P0157,C0030,cleaner,2024-12-08 16:37,Sunday,weekend,16,evening_rush,Roysambu,Kitengela,-1.213324,36.857954,-1.483851,36.955822,31.99,Thika Road,2.64,5,18.9,117.2,141.7,28.7,False,3.7,0.948,6,10,216,True,857,moderate,poor,True,3.5,0.5236
B02388,P0092,C0448,electrician,2024-04-09 07:15,Tuesday,weekday,7,morning_rush,Parklands,Runda,-1.278448,36.826925,-1.210032,36.796905,8.31,Forest Road,3.15,7,15.9,31.4,41.9,17.2,False,5.0,0.852,10,30,310,True,1196,good,good,True,4.7,0.5957
B02389,P0085,C0413,carpenter,2024-10-01 13:16,Tuesday,weekday,13,midday,Dagoretti,South C,-1.279595,36.742246,-1.329888,36.797591,8.31,Uhuru Highway,1.88,3,26.6,15.4,19.2,4.3,True,3.9,0.754,16,11,1232,False,495,poor,moderate,False,,0.6008
B02390,P0026,C0002,plumber,2024-07-29 15:50,Monday,weekday,15,early_afternoon,Kasarani,Muthaiga,-1.234607,36.913473,-1.253692,36.843731,8.04,Thika Road,2.18,4,22.9,21.5,19.8,9.1,True,4.6,0.959,10,6,750,True,1116,moderate,good,True,4.5,0.9243
B02391,P0117,C0446,technician,2025-05-29 07:12,Thursday,weekday,7,morning_rush,Dagoretti,Muthaiga,-1.304001,36.758584,-1.248018,36.829241,10.02,Uhuru Highway,3.58,9,14.0,47.9,43.1,3.1,True,4.0,0.833,6,23,468,False,860,poor,good,True,3.8,0.7693
B02392,P0179,C0206,cleaner,2024-09-20 08:13,Friday,weekday,8,morning_rush,Githurai,Parklands,-1.196084,36.901156,-1.26046,36.815631,11.9,Thika Road,4.0,10,12.5,57.4,72.7,16.3,False,5.0,0.821,13,18,702,True,815,poor,good,True,4.0,0.5197
B02393,P0186,C0428,cleaner,2024-10-21 14:55,Monday,weekday,14,early_afternoon,Parklands,Kilimani,-1.259849,36.809984,-1.303171,36.775995,6.12,Forest Road,1.87,3,26.7,14.8,14.7,1.9,True,4.7,0.915,7,22,273,True,678,good,good,True,4.2,0.9921
B02394,P0036,C0014,electrician,2024-10-11 09:45,Friday,weekday,9,mid_morning,Syokimau,Athi River,-1.369792,36.909296,-1.458903,36.985509,13.04,Mombasa Road,2.25,4,22.2,28.5,33.0,6.4,True,5.0,0.905,9,25,693,False,1058,moderate,poor,True,5.0,0.9342
B02395,P0155,C0063,plumber,2024-10-19 07:58,Saturday,weekend,7,morning_rush,Parklands,Githurai,-1.259306,36.829537,-1.177365,36.907348,12.56,Forest Road,2.21,4,22.6,22.6,28.5,8.2,True,4.6,0.866,17,44,476,False,863,good,poor,True,4.5,0.8829
B02396,P0136,C0144,carpenter,2024-08-20 17:38,Tuesday,weekday,17,evening_rush,Ngong,Ngong,-1.343029,36.658549,-1.356434,36.651013,1.71,Ngong Road,4.0,10,12.5,9.5,8.4,11.2,True,4.4,0.783,16,42,912,False,725,poor,poor,True,4.7,0.6632
B02397,P0180,C0385,technician,2024-01-23 07:13,Tuesday,weekday,7,morning_rush,Upper Hill,Kilimani,-1.303674,36.816618,-1.285862,36.784793,4.05,Uhuru Highway,3.58,9,14.0,14.5,16.4,4.6,True,4.3,0.987,16,44,544,True,1558,good,good,True,3.3,0.8488
B02398,P0064,C0189,electrician,2024-12-01 13:04,Sunday,weekend,13,midday,Parklands,Muthaiga,-1.263494,36.832383,-1.247897,36.833486,1.74,Forest Road,1.04,0,48.1,2.2,2.6,1.2,True,3.7,0.803,18,6,1224,True,1206,good,good,True,3.7,0.9583
B02399,P0116,C0317,technician,2024-02-19 18:22,Monday,weekday,18,evening_rush,Roysambu,Kileleshwa,-1.210341,36.87171,-1.278972,36.773732,13.3,Thika Road,4.0,10,12.5,69.9,71.2,1.4,True,4.0,0.871,1,42,48,False,804,moderate,good,True,3.7,0.7688
B02400,P0176,C0338,electrician,2025-01-05 07:02,Sunday,weekend,7,morning_rush,Lavington,Gigiri,-1.274096,36.757864,-1.232066,36.811424,7.57,Uhuru Highway,2.53,5,19.8,23.3,29.4,6.7,True,4.5,0.8,19,13,855,False,1087,good,good,True,3.9,0.8318
B02401,P0122,C0264,plumber,2024-06-30 15:06,Sunday,weekend,15,early_afternoon,Roysambu,South C,-1.198937,36.868092,-1.31951,36.793146,15.78,Thika Road,1.34,1,37.3,22.8,21.8,0.1,True,4.1,0.848,1,24,34,True,504,moderate,moderate,True,3.8,0.986
B02402,P0106,C0339,carpenter,2025-05-29 09:02,Thursday,weekday,9,mid_morning,Syokimau,Ngong,-1.36283,36.900425,-1.350137,36.657791,27.01,Mombasa Road,2.25,4,22.2,84.7,81.5,2.3,True,5.0,0.769,17,37,799,True,870,moderate,poor,True,5.0,0.9003
B02403,P0049,C0002,technician,2025-06-10 14:49,Tuesday,weekday,14,early_afternoon,Kasarani,Muthaiga,-1.213738,36.911241,-1.253692,36.843731,8.72,Thika Road,2.18,4,22.9,20.7,26.3,6.2,True,4.1,0.836,17,7,1343,True,866,moderate,good,False,,0.6119
B02404,P0164,C0491,technician,2024-04-29 11:09,Monday,weekday,11,midday,South C,Upper Hill,-1.318632,36.781856,-1.297242,36.824461,5.3,Langata Road,1.75,2,28.6,10.2,12.3,3.9,True,4.3,0.755,5,23,280,True,984,moderate,good,False,,0.635
B02405,P0083,C0009,carpenter,2025-01-17 12:39,Friday,weekday,12,midday,Roysambu,Eastleigh,-1.197099,36.88354,-1.281668,36.861202,9.73,Thika Road,2.09,4,23.9,23.8,27.9,5.5,True,4.6,0.861,3,33,213,False,529,moderate,poor,True,4.7,0.9125
B02406,P0163,C0185,technician,2025-01-05 13:33,Sunday,weekend,13,midday,Karen,Karen,-1.311594,36.705806,-1.32622,36.721064,2.35,Ngong Road,1.27,1,39.4,3.8,3.3,3.2,True,5.0,0.86,8,36,400,True,1660,good,good,True,4.5,1.0
B02407,P0012,C0497,electrician,2024-08-23 16:07,Friday,weekday,16,evening_rush,Hurlingham,Embakasi,-1.295566,36.800621,-1.319356,36.905366,11.94,Ngong Road,4.0,10,12.5,48.6,57.6,9.5,True,3.1,0.784,3,33,111,False,555,good,moderate,True,2.9,0.6128
B02408,P0189,C0167,carpenter,2024-10-12 10:46,Saturday,weekend,10,mid_morning,CBD,Industrial Area,-1.281145,36.806807,-1.30478,36.863493,6.83,Uhuru Highway,1.43,1,35.0,12.0,14.0,3.7,True,4.4,0.928,5,7,390,True,733,moderate,poor,True,4.8,1.0
B02409,P0174,C0228,cleaner,2024-11-18 12:30,Monday,weekday,12,midday,Rongai,Kasarani,-1.385961,36.747354,-1.217424,36.906597,25.78,Langata Road,1.75,2,28.6,62.2,68.6,6.5,True,3.9,0.87,15,26,705,True,624,poor,moderate,False,,0.6508
B02410,P0060,C0311,electrician,2025-04-09 12:26,Wednesday,weekday,12,midday,Gigiri,Embakasi,-1.235984,36.813546,-1.311799,36.902558,13.0,Forest Road,1.7,2,29.4,30.3,35.1,17.6,False,3.1,0.846,5,25,175,True,547,good,moderate,True,3.3,0.6103
B02411,P0125,C0205,carpenter,2024-08-03 07:15,Saturday,weekend,7,morning_rush,CBD,Westlands,-1.289186,36.82843,-1.271916,36.809584,2.84,Uhuru Highway,2.53,5,19.8,7.5,7.7,2.3,True,4.2,0.775,18,40,810,False,627,moderate,good,True,4.1,0.8409
B02412,P0190,C0314,technician,2025-04-06 09:57,Sunday,weekend,9,mid_morning,Ngong,Gigiri,-1.349406,36.65827,-1.21678,36.80263,21.8,Ngong Road,1.4,1,35.7,36.6,36.0,2.0,True,3.8,0.809,15,38,465,True,974,poor,good,True,3.6,0.9308
B02413,P0021,C0179,technician,2024-09-28 11:57,Saturday,weekend,11,midday,Kasarani,Upper Hill,-1.234208,36.887013,-1.309542,36.80666,12.25,Thika Road,1.35,1,37.0,23.2,29.9,8.1,True,4.3,0.918,11,35,693,True,1319,moderate,good,True,5.0,0.9635
B02414,P0110,C0481,electrician,2024-03-19 11:49,Tuesday,weekday,11,midday,Kasarani,South C,-1.213002,36.900337,-1.313526,36.806911,15.26,Thika Road,2.09,4,23.9,31.1,28.7,1.5,True,3.4,0.852,14,29,1050,True,1119,moderate,moderate,True,3.2,0.8813
B02415,P0122,C0338,plumber,2024-11-23 14:13,Saturday,weekend,14,early_afternoon,Roysambu,Gigiri,-1.198937,36.868092,-1.232066,36.811424,7.3,Thika Road,1.34,1,37.3,10.1,12.9,2.9,True,4.1,0.848,1,24,34,True,504,moderate,good,True,4.2,0.9626
B02416,P0180,C0464,technician,2025-03-19 14:38,Wednesday,weekday,14,early_afternoon,Upper Hill,Industrial Area,-1.303674,36.816618,-1.309673,36.858549,4.71,Uhuru Highway,2.1,4,23.8,13.1,11.4,0.0,True,4.3,0.987,16,44,544,True,1558,good,poor,False,,0.7555
B02417,P0026,C0376,plumber,2025-06-15 12:38,Sunday,weekend,12,midday,Kasarani,Rongai,-1.234607,36.913473,-1.401487,36.74892,26.06,Thika Road,1.35,1,37.0,35.4,42.1,9.0,True,4.6,0.959,10,6,750,True,1116,moderate,poor,False,,0.7415
B02418,P0099,C0151,plumber,2024-12-02 09:25,Monday,weekday,9,mid_morning,Roysambu,Hurlingham,-1.221829,36.868602,-1.306383,36.79672,12.34,Thika Road,2.31,4,21.6,42.6,43.2,1.1,True,3.1,0.917,11,10,330,True,711,moderate,good,True,2.4,0.8845
B02419,P0156,C0100,electrician,2025-06-20 14:37,Friday,weekday,14,early_afternoon,Muthaiga,Runda,-1.236172,36.844282,-1.212254,36.804398,5.17,Forest Road,1.87,3,26.7,12.4,14.9,4.4,True,4.2,0.819,19,21,475,True,963,good,good,True,3.7,0.8982
B02420,P0183,C0074,carpenter,2024-01-23 18:21,Tuesday,weekday,18,evening_rush,Langata,Westlands,-1.346859,36.745886,-1.268585,36.81893,11.9,Ngong Road,4.0,10,12.5,62.3,58.0,0.6,True,3.4,0.755,14,5,322,True,885,moderate,good,False,,0.4375
B02421,P0134,C0449,plumber,2024-10-28 15:29,Monday,weekday,15,early_afternoon,Syokimau,Hurlingham,-1.356084,36.892391,-1.30473,36.798081,11.94,Mombasa Road,2.13,4,23.5,27.9,23.9,0.7,True,3.5,0.955,12,13,852,True,696,moderate,good,False,,0.6913
B02422,P0147,C0402,technician,2025-02-07 16:50,Friday,weekday,16,evening_rush,Roysambu,Hurlingham,-1.198042,36.880644,-1.293262,36.800099,13.87,Thika Road,4.0,10,12.5,51.7,53.1,2.2,True,5.0,0.932,15,30,855,False,1336,moderate,good,True,5.0,0.8427
B02423,P0184,C0259,plumber,2024-06-05 17:16,Wednesday,weekday,17,evening_rush,Rongai,Kileleshwa,-1.407716,36.7524,-1.281774,36.782208,14.39,Langata Road,3.58,9,14.0,66.4,72.2,7.3,True,4.7,0.748,2,5,54,False,1313,poor,good,True,4.7,0.7268
B02424,P0009,C0066,technician,2025-01-03 17:53,Friday,weekday,17,evening_rush,Westlands,Kitengela,-1.26042,36.818632,-1.483162,36.967236,29.77,Waiyaki Way,3.77,9,13.3,114.7,120.8,7.0,True,4.9,0.954,9,9,531,False,879,good,poor,True,5.0,0.8271
B02425,P0128,C0408,electrician,2024-07-17 11:21,Wednesday,weekday,11,midday,Ruiru,South B,-1.143862,36.976006,-1.313209,36.823797,25.32,Thika Road,2.09,4,23.9,73.3,74.6,4.2,True,3.9,0.843,19,39,1501,True,859,poor,moderate,True,3.9,0.8793
B02426,P0023,C0155,plumber,2024-03-21 17:03,Thursday,weekday,17,evening_rush,Runda,Langata,-1.20871,36.820684,-1.340628,36.735996,17.43,Kiambu Road,3.27,8,15.3,61.4,53.4,0.5,True,3.8,0.977,7,10,539,True,894,good,moderate,True,3.9,0.8777
B02427,P0173,C0281,electrician,2024-05-09 16:10,Thursday,weekday,16,evening_rush,Eastleigh,Industrial Area,-1.283129,36.849829,-1.303594,36.84318,2.39,Jogoo Road,3.57,9,14.0,8.0,7.7,0.0,True,4.4,0.726,7,35,427,True,946,poor,poor,False,,0.5124
B02428,P0120,C0087,plumber,2024-05-18 13:44,Saturday,weekend,13,midday,Industrial Area,South C,-1.305578,36.856668,-1.316733,36.795152,6.95,Mombasa Road,1.39,1,36.0,11.3,9.7,4.6,True,4.4,0.869,14,27,924,True,731,poor,moderate,True,4.1,0.97
B02429,P0115,C0489,technician,2024-09-25 15:20,Wednesday,weekday,15,early_afternoon,Ngong,Westlands,-1.355618,36.6771,-1.256512,36.801079,17.65,Ngong Road,2.03,3,24.6,38.7,33.8,1.6,True,3.2,0.736,15,12,390,False,724,poor,good,True,3.3,0.8173
B02430,P0030,C0247,technician,2024-12-08 16:40,Sunday,weekend,16,evening_rush,Dagoretti,Ruiru,-1.288754,36.734235,-1.152489,36.953178,28.67,Uhuru Highway,2.59,5,19.3,95.2,120.4,26.3,False,4.9,0.751,12,34,816,False,1451,poor,poor,True,5.0,0.5091
B02431,P0170,C0277,carpenter,2025-04-01 16:21,Tuesday,weekday,16,evening_rush,South B,Industrial Area,-1.325679,36.811506,-1.305546,36.849682,4.8,Uhuru Highway,4.0,10,12.5,24.6,26.0,5.9,True,4.1,0.823,13,22,572,True,736,moderate,poor,True,4.2,0.7123
B02432,P0062,C0125,electrician,2024-07-18 07:28,Thursday,weekday,7,morning_rush,Runda,South C,-1.210904,36.813098,-1.325642,36.796147,12.9,Kiambu Road,3.05,7,16.4,49.9,52.0,7.2,True,4.1,0.957,10,36,530,True,1029,good,moderate,True,4.2,0.8445
B02433,P0055,C0088,carpenter,2024-04-05 11:43,Friday,weekday,11,midday,CBD,Kikuyu,-1.285689,36.830976,-1.251358,36.670042,18.29,Uhuru Highway,1.88,3,26.6,43.4,51.5,9.9,True,3.3,0.754,2,17,82,True,674,moderate,poor,False,,0.5241
B02434,P0193,C0484,cleaner,2024-10-19 15:20,Saturday,weekend,15,early_afternoon,Industrial Area,Hurlingham,-1.298218,36.849992,-1.297799,36.804038,5.11,Mombasa Road,1.43,1,35.0,8.6,7.8,0.6,True,4.1,0.77,6,25,144,True,807,poor,good,False,,0.6856
B02435,P0169,C0359,cleaner,2024-03-16 12:48,Saturday,weekend,12,midday,CBD,Hurlingham,-1.279373,36.828665,-1.290452,36.798548,3.57,Uhuru Highway,1.31,1,38.2,6.8,6.9,2.1,True,5.0,0.778,8,26,192,True,648,moderate,good,True,4.2,0.9817
B02436,P0023,C0055,plumber,2025-01-03 13:12,Friday,weekday,13,midday,Runda,Kitengela,-1.20871,36.820684,-1.483943,36.971996,34.92,Kiambu Road,1.65,2,30.3,66.7,59.0,1.3,True,3.8,0.977,7,10,539,True,894,good,poor,True,4.1,1.0
B02437,P0112,C0367,carpenter,2025-01-16 08:04,Thursday,weekday,8,morning_rush,Rongai,Spring Valley,-1.407345,36.750173,-1.273761,36.750099,14.85,Langata Road,3.3,8,15.2,67.8,78.6,16.4,False,4.9,0.809,17,40,1190,True,779,poor,good,True,4.2,0.5638
B02438,P0008,C0083,electrician,2025-05-07 10:37,Wednesday,weekday,10,mid_morning,Kasarani,Westlands,-1.209809,36.907631,-1.271411,36.813938,12.47,Thika Road,2.31,4,21.6,38.2,45.6,7.7,True,4.4,0.779,12,34,636,True,919,moderate,good,True,4.4,0.8255
B02439,P0084,C0463,technician,2024-12-10 11:48,Tuesday,weekday,11,midday,Eastleigh,Ruiru,-1.261233,36.851061,-1.135245,36.949691,17.79,Jogoo Road,1.71,2,29.2,31.2,39.4,14.7,True,4.9,0.823,15,26,705,True,758,poor,poor,False,,0.6122
B02440,P0099,C0393,plumber,2025-06-17 15:46,Tuesday,weekday,15,early_afternoon,Roysambu,Hurlingham,-1.221829,36.868602,-1.302007,36.802446,11.56,Thika Road,2.18,4,22.9,35.4,45.7,11.8,True,3.1,0.917,11,10,330,True,711,moderate,good,True,2.9,0.8058
B02441,P0072,C0113,plumber,2024-07-27 10:12,Saturday,weekend,10,mid_morning,Langata,Hurlingham,-1.355719,36.761446,-1.296959,36.790338,7.28,Ngong Road,1.4,1,35.7,14.7,18.6,6.9,True,4.7,0.77,1,21,45,True,1300,moderate,good,True,4.1,0.9155
B02442,P0185,C0132,electrician,2024-08-07 14:58,Wednesday,weekday,14,early_afternoon,Githurai,Syokimau,-1.195468,36.886679,-1.368185,36.893622,19.22,Thika Road,2.18,4,22.9,63.8,81.7,18.7,False,4.1,0.814,3,27,189,True,800,poor,moderate,True,3.6,0.5968
B02443,P0171,C0244,plumber,2024-09-02 08:47,Monday,weekday,8,morning_rush,Kilimani,Parklands,-1.29787,36.771599,-1.259711,36.833857,8.12,Uhuru Highway,3.58,9,14.0,40.6,35.6,2.7,True,4.9,0.924,15,30,510,True,1293,good,good,True,5.0,0.8631
B02444,P0172,C0064,electrician,2024-12-06 12:49,Friday,weekday,12,midday,Westlands,Upper Hill,-1.259894,36.796652,-1.300002,36.81996,5.16,Waiyaki Way,1.88,3,26.6,13.6,13.7,0.6,True,5.0,0.841,14,27,1106,True,839,good,good,False,,0.7301
B02445,P0171,C0070,plumber,2024-09-17 08:36,Tuesday,weekday,8,morning_rush,Kilimani,Spring Valley,-1.29787,36.771599,-1.27041,36.756248,3.5,Uhuru Highway,3.58,9,14.0,16.7,15.9,5.4,True,4.9,0.924,15,30,510,True,1293,good,good,True,4.4,0.8406
B02446,P0137,C0325,technician,2025-02-09 10:18,Sunday,weekend,10,mid_morning,South C,Roysambu,-1.326641,36.801857,-1.203947,36.870637,15.64,Langata Road,1.32,1,37.9,26.1,34.5,8.6,True,4.4,0.817,7,12,462,True,794,moderate,moderate,True,3.9,0.9162
B02447,P0186,C0252,cleaner,2025-04-03 11:26,Thursday,weekday,11,midday,Parklands,Langata,-1.259849,36.809984,-1.334259,36.759138,10.02,Forest Road,1.7,2,29.4,16.7,14.3,2.8,True,4.7,0.915,7,22,273,True,678,good,moderate,True,4.7,0.9982
B02448,P0024,C0408,cleaner,2025-02-09 10:11,Sunday,weekend,10,mid_morning,Langata,South B,-1.334684,36.751712,-1.313209,36.823797,8.36,Ngong Road,1.4,1,35.7,12.8,16.2,3.7,True,4.2,0.957,7,5,462,False,870,moderate,moderate,True,3.8,1.0
B02449,P0178,C0171,electrician,2024-04-09 07:20,Tuesday,weekday,7,morning_rush,Eastleigh,Kilimani,-1.282287,36.844486,-1.303476,36.788169,6.69,Jogoo Road,3.43,8,14.6,31.5,39.9,11.2,True,5.0,0.888,5,35,145,True,859,poor,good,True,5.0,0.7913
B02450,P0058,C0478,electrician,2024-12-08 16:17,Sunday,weekend,16,evening_rush,Muthaiga,Ruiru,-1.257845,36.837065,-1.156885,36.964677,18.09,Forest Road,2.22,4,22.5,48.0,42.8,0.1,True,4.5,0.922,15,44,1140,True,755,good,poor,True,5.0,0.9726
B02451,P0148,C0393,technician,2024-12-06 17:23,Friday,weekday,17,evening_rush,Kileleshwa,Hurlingham,-1.273235,36.790198,-1.302007,36.802446,3.48,Uhuru Highway,4.0,10,12.5,17.2,22.8,9.8,True,3.3,0.88,7,23,329,True,1141,good,good,True,4.1,0.6683
B02452,P0154,C0034,plumber,2025-06-23 15:36,Monday,weekday,15,early_afternoon,Kitengela,Kilimani,-1.476899,36.960583,-1.296233,36.78016,28.39,Mombasa Road,2.13,4,23.5,76.3,74.2,6.1,True,3.6,0.867,14,11,952,True,712,poor,good,False,,0.6073
B02453,P0165,C0176,cleaner,2024-11-16 07:42,Saturday,weekend,7,morning_rush,Ngong,Karen,-1.345402,36.669582,-1.30978,36.70083,5.27,Ngong Road,2.34,4,21.4,11.2,11.6,16.3,False,5.0,0.908,7,20,490,False,515,poor,good,True,4.7,0.696
B02454,P0097,C0467,carpenter,2024-05-23 13:02,Thursday,weekday,13,midday,Hurlingham,Langata,-1.290422,36.794618,-1.333998,36.746141,7.25,Ngong Road,1.87,3,26.7,17.1,16.9,3.9,True,5.0,0.957,16,42,544,True,1011,good,moderate,True,5.0,1.0
B02455,P0184,C0381,plumber,2024-10-10 17:19,Thursday,weekday,17,evening_rush,Rongai,Parklands,-1.407716,36.7524,-1.269759,36.82673,17.42,Langata Road,3.58,9,14.0,61.8,71.2,16.2,False,4.7,0.748,2,5,54,False,1313,poor,good,True,4.4,0.5026
B02456,P0189,C0372,carpenter,2025-03-18 09:38,Tuesday,weekday,9,mid_morning,CBD,Parklands,-1.281145,36.806807,-1.274029,36.811285,0.93,Uhuru Highway,2.25,4,22.2,2.5,2.3,3.3,True,4.4,0.928,5,7,390,True,733,moderate,good,True,4.6,0.9415
B02457,P0098,C0335,technician,2024-08-11 13:43,Sunday,weekend,13,midday,Karen,CBD,-1.310218,36.721517,-1.275722,36.822565,11.87,Ngong Road,1.27,1,39.4,17.9,22.3,8.5,True,3.8,0.834,9,16,522,True,1091,good,moderate,True,4.2,0.8996
B02458,P0165,C0402,cleaner,2024-02-03 17:46,Saturday,weekend,17,evening_rush,Ngong,Hurlingham,-1.345402,36.669582,-1.293262,36.800099,15.62,Ngong Road,2.6,5,19.2,43.9,42.7,0.3,True,5.0,0.908,7,20,490,False,515,poor,good,True,5.0,0.9585
B02459,P0144,C0495,technician,2024-11-23 11:54,Saturday,weekend,11,midday,Upper Hill,Karen,-1.311202,36.814634,-1.319239,36.705719,12.14,Uhuru Highway,1.31,1,38.2,18.4,16.5,1.6,True,4.2,0.845,7,15,301,False,1260,good,good,True,4.4,0.9794
B02460,P0112,C0414,carpenter,2024-01-30 16:53,Tuesday,weekday,16,evening_rush,Rongai,Kitengela,-1.407345,36.750173,-1.463799,36.971686,25.41,Langata Road,3.58,9,14.0,126.7,165.0,40.4,False,4.9,0.809,17,40,1190,True,779,poor,poor,False,,0.0914
B02461,P0060,C0115,electrician,2024-01-11 16:18,Thursday,weekday,16,evening_rush,Gigiri,Dagoretti,-1.235984,36.813546,-1.294094,36.748499,9.7,Forest Road,3.67,9,13.6,40.5,54.0,17.3,False,3.1,0.846,5,25,175,True,547,good,poor,True,2.9,0.4552
B02462,P0067,C0060,carpenter,2024-03-06 09:05,Wednesday,weekday,9,mid_morning,Runda,Hurlingham,-1.203143,36.802115,-1.295253,36.792516,10.3,Kiambu Road,1.79,3,27.9,20.3,20.2,6.2,True,3.2,0.784,16,33,384,True,966,good,good,True,3.0,0.8221
B02463,P0075,C0045,carpenter,2024-09-05 12:33,Thursday,weekday,12,midday,Kikuyu,Roysambu,-1.245138,36.66463,-1.199811,36.881373,24.62,Waiyaki Way,1.88,3,26.6,62.2,57.0,3.3,True,5.0,0.861,9,42,189,True,655,poor,moderate,True,4.6,0.9676
B02464,P0029,C0046,electrician,2024-11-30 17:41,Saturday,weekend,17,evening_rush,Industrial Area,Spring Valley,-1.308364,36.858956,-1.267842,36.749703,12.95,Mombasa Road,3.0,7,16.7,46.3,51.5,7.6,True,5.0,0.886,16,32,1120,True,946,poor,good,True,5.0,0.8547
B02465,P0088,C0380,cleaner,2024-01-17 14:06,Wednesday,weekday,14,early_afternoon,Athi River,Ruiru,-1.466229,36.98317,-1.155398,36.951828,34.74,Mombasa Road,2.13,4,23.5,94.3,126.0,32.7,False,4.4,0.919,18,5,1170,True,826,poor,poor,True,4.6,0.5516
B02466,P0152,C0480,plumber,2025-05-24 14:25,Saturday,weekend,14,early_afternoon,Kilimani,Gigiri,-1.299509,36.788374,-1.218447,36.802274,9.15,Uhuru Highway,1.35,1,37.0,11.4,11.4,5.7,True,3.9,0.983,19,27,1292,False,504,good,good,True,4.5,0.996
B02467,P0049,C0382,technician,2024-01-20 14:17,Saturday,weekend,14,early_afternoon,Kasarani,Roysambu,-1.213738,36.911241,-1.208135,36.863414,5.35,Thika Road,1.34,1,37.3,8.7,7.9,3.2,True,4.1,0.836,17,7,1343,True,866,moderate,moderate,True,4.4,0.9541
B02468,P0030,C0294,technician,2024-07-30 16:03,Tuesday,weekday,16,evening_rush,Dagoretti,South C,-1.288754,36.734235,-1.309493,36.786886,6.29,Uhuru Highway,4.0,10,12.5,33.0,43.4,12.6,True,4.9,0.751,12,34,816,False,1451,poor,moderate,True,4.8,0.6605
B02469,P0095,C0066,plumber,2025-05-04 09:49,Sunday,weekend,9,mid_morning,Spring Valley,Kitengela,-1.277903,36.744602,-1.483162,36.967236,33.67,Waiyaki Way,1.37,1,36.5,57.5,71.8,19.7,False,3.9,0.847,12,33,672,True,967,good,poor,True,3.7,0.6597
B02470,P0081,C0489,plumber,2025-03-14 10:50,Friday,weekday,10,mid_morning,Upper Hill,Westlands,-1.307096,36.828446,-1.256512,36.801079,6.39,Uhuru Highway,2.25,4,22.2,17.3,22.4,8.7,True,4.8,0.858,8,38,440,True,599,good,good,True,4.2,0.8815
B02471,P0098,C0296,technician,2025-04-19 15:04,Saturday,weekend,15,early_afternoon,Karen,Kitengela,-1.310218,36.721517,-1.478127,36.952969,31.79,Ngong Road,1.37,1,36.5,54.2,70.0,17.5,False,3.8,0.834,9,16,522,True,1091,good,poor,True,3.8,0.6666
B02472,P0189,C0001,carpenter,2024-07-22 09:28,Monday,weekday,9,mid_morning,CBD,Spring Valley,-1.281145,36.806807,-1.263491,36.756229,5.96,Uhuru Highway,2.25,4,22.2,15.7,15.0,2.3,True,4.4,0.928,5,7,390,True,733,moderate,good,True,4.5,0.9498
B02473,P0080,C0032,cleaner,2024-08-10 12:47,Saturday,weekend,12,midday,Embakasi,CBD,-1.329891,36.910858,-1.285874,36.815402,11.69,Mombasa Road,1.39,1,36.0,16.9,15.7,5.7,True,3.8,0.88,6,38,408,True,612,moderate,moderate,True,3.9,0.9363
B02474,P0152,C0275,plumber,2024-02-08 15:33,Thursday,weekday,15,early_afternoon,Kilimani,Lavington,-1.299509,36.788374,-1.278276,36.774547,2.82,Uhuru Highway,2.1,4,23.8,7.3,8.3,11.8,True,3.9,0.983,19,27,1292,False,504,good,good,True,4.1,0.8852
B02475,P0049,C0434,technician,2025-04-10 15:33,Thursday,weekday,15,early_afternoon,Kasarani,Hurlingham,-1.213738,36.911241,-1.288875,36.784071,16.42,Thika Road,2.18,4,22.9,50.3,66.8,16.7,False,4.1,0.836,17,7,1343,True,866,moderate,good,True,3.4,0.6244
B02476,P0100,C0217,plumber,2025-01-24 10:29,Friday,weekday,10,mid_morning,South C,Ngong,-1.32936,36.803922,-1.368109,36.663556,16.19,Langata Road,2.03,3,24.6,43.7,53.4,10.5,True,4.0,0.88,19,21,399,True,1339,moderate,poor,True,4.2,0.8551
B02477,P0082,C0395,cleaner,2025-05-07 11:41,Wednesday,weekday,11,midday,Eastleigh,Hurlingham,-1.282442,36.857907,-1.303798,36.794935,7.39,Jogoo Road,1.71,2,29.2,18.0,18.7,1.4,True,4.6,0.888,3,15,129,False,690,poor,good,True,4.2,0.9905
B02478,P0094,C0409,electrician,2024-06-24 09:34,Monday,weekday,9,mid_morning,Gigiri,Kasarani,-1.216758,36.821188,-1.223112,36.909691,9.86,Forest Road,1.91,3,26.2,24.3,22.8,0.8,True,3.6,0.922,3,16,108,True,1414,good,moderate,True,4.0,0.9465
B02479,P0174,C0479,cleaner,2024-11-04 10:08,Monday,weekday,10,mid_morning,Rongai,CBD,-1.385961,36.747354,-1.281689,36.817117,13.95,Langata Road,2.03,3,24.6,33.0,40.1,8.9,True,3.9,0.87,15,26,705,True,624,poor,moderate,True,3.4,0.8584
B02480,P0033,C0267,carpenter,2025-03-26 08:15,Wednesday,weekday,8,morning_rush,Muthaiga,Rongai,-1.254259,36.833037,-1.388463,36.736469,18.38,Forest Road,3.15,7,15.9,58.8,72.8,21.9,False,4.2,0.88,4,10,112,True,622,good,poor,False,,0.2805
B02481,P0170,C0309,carpenter,2024-03-04 12:21,Monday,weekday,12,midday,South B,Muthaiga,-1.325679,36.811506,-1.246888,36.834549,9.13,Uhuru Highway,1.88,3,26.6,17.6,16.6,0.0,True,4.1,0.823,13,22,572,True,736,moderate,good,True,4.2,0.9311
B02482,P0152,C0114,plumber,2025-03-30 16:26,Sunday,weekend,16,evening_rush,Kilimani,Muthaiga,-1.299509,36.788374,-1.238033,36.839566,8.89,Uhuru Highway,2.59,5,19.3,28.9,38.5,18.5,False,3.9,0.983,19,27,1292,False,504,good,good,True,3.4,0.6401
B02483,P0028,C0203,technician,2024-06-02 09:34,Sunday,weekend,9,mid_morning,Hurlingham,Kilimani,-1.287818,36.781917,-1.292769,36.787728,0.85,Ngong Road,1.4,1,35.7,1.7,1.8,5.4,True,3.2,0.791,6,37,354,False,1755,good,good,True,3.2,0.8635
B02484,P0003,C0276,cleaner,2024-09-05 11:07,Thursday,weekday,11,midday,Kilimani,Kileleshwa,-1.304266,36.787504,-1.284677,36.791488,2.22,Uhuru Highway,1.88,3,26.6,4.3,4.3,2.9,True,5.0,0.846,15,25,390,True,501,good,good,True,5.0,0.9634
B02485,P0118,C0162,cleaner,2025-06-20 12:21,Friday,weekday,12,midday,Syokimau,Kikuyu,-1.375522,36.898831,-1.2376,36.657045,30.95,Mombasa Road,2.13,4,23.5,90.8,100.6,9.8,True,4.0,0.883,12,22,552,True,781,moderate,poor,False,,0.6044
B02486,P0038,C0418,cleaner,2024-09-30 11:17,Monday,weekday,11,midday,Kitengela,Kilimani,-1.478252,36.974953,-1.287116,36.787332,29.78,Mombasa Road,2.13,4,23.5,73.7,66.7,4.6,True,3.1,0.788,15,39,930,False,443,poor,good,True,2.7,0.8053
B02487,P0076,C0429,plumber,2025-04-22 15:29,Tuesday,weekday,15,early_afternoon,Syokimau,Spring Valley,-1.380514,36.905837,-1.267048,36.749054,21.52,Mombasa Road,2.13,4,23.5,44.5,49.3,5.2,True,4.4,0.791,8,23,400,False,839,moderate,good,True,4.5,0.8668
B02488,P0057,C0256,electrician,2025-06-22 14:23,Sunday,weekend,14,early_afternoon,Langata,Kilimani,-1.343355,36.756359,-1.288664,36.783696,6.8,Ngong Road,1.37,1,36.5,13.9,16.4,3.6,True,3.7,0.818,12,12,708,True,655,moderate,good,True,3.1,0.9194
B02489,P0175,C0234,plumber,2024-01-24 13:01,Wednesday,weekday,13,midday,Githurai,Eastleigh,-1.187395,36.89935,-1.263016,36.843483,10.45,Thika Road,2.09,4,23.9,23.0,21.2,8.2,True,5.0,0.725,19,21,969,True,1101,poor,poor,True,5.0,0.842
B02490,P0038,C0308,cleaner,2025-06-18 17:13,Wednesday,weekday,17,evening_rush,Kitengela,Rongai,-1.478252,36.974953,-1.391075,36.743029,27.54,Mombasa Road,4.0,10,12.5,111.1,121.1,10.9,True,3.1,0.788,15,39,930,False,443,poor,poor,False,,0.3532
B02491,P0073,C0075,plumber,2024-09-22 07:48,Sunday,weekend,7,morning_rush,Parklands,Ruiru,-1.265689,36.829151,-1.142247,36.956583,19.73,Forest Road,2.21,4,22.6,58.6,52.4,3.2,True,3.3,0.879,6,40,180,True,1079,good,poor,False,,0.616
B02492,P0192,C0341,carpenter,2024-06-12 12:06,Wednesday,weekday,12,midday,Ruiru,Eastleigh,-1.139674,36.956392,-1.265804,36.861585,17.54,Thika Road,2.09,4,23.9,52.5,63.0,10.8,True,4.1,0.856,5,15,135,True,760,poor,poor,False,,0.5908
B02493,P0180,C0018,technician,2024-03-17 13:58,Sunday,weekend,13,midday,Upper Hill,Kitengela,-1.303674,36.816618,-1.479626,36.949987,24.55,Uhuru Highway,1.31,1,38.2,34.7,37.0,2.9,True,4.3,0.987,16,44,544,True,1558,good,poor,True,5.0,1.0
B02494,P0154,C0164,plumber,2024-01-24 12:45,Wednesday,weekday,12,midday,Kitengela,Githurai,-1.476899,36.960583,-1.198456,36.903124,31.61,Mombasa Road,2.13,4,23.5,73.1,79.8,7.8,True,3.6,0.867,14,11,952,True,712,poor,poor,True,3.5,0.8431
B02495,P0080,C0258,cleaner,2024-11-07 17:53,Thursday,weekday,17,evening_rush,Embakasi,Embakasi,-1.329891,36.910858,-1.321308,36.898818,1.64,Mombasa Road,4.0,10,12.5,8.2,9.0,3.4,True,3.8,0.88,6,38,408,True,612,moderate,moderate,True,3.8,0.7467
B02496,P0177,C0064,cleaner,2024-01-01 08:49,Monday,weekday,8,morning_rush,South C,Upper Hill,-1.321132,36.802989,-1.300002,36.81996,3.01,Langata Road,3.3,8,15.2,9.8,12.6,4.3,True,3.3,0.785,5,21,270,True,495,moderate,good,False,,0.4727
B02497,P0071,C0435,cleaner,2025-05-25 11:24,Sunday,weekend,11,midday,Syokimau,Langata,-1.372822,36.900737,-1.353284,36.747774,17.14,Mombasa Road,1.39,1,36.0,35.2,46.4,12.6,True,4.0,0.902,4,35,212,False,755,moderate,moderate,True,4.4,0.8998
B02498,P0181,C0294,carpenter,2024-05-04 14:00,Saturday,weekend,14,early_afternoon,Eastleigh,South C,-1.285983,36.842261,-1.309493,36.786886,6.69,Jogoo Road,1.18,1,42.4,8.1,9.0,1.2,True,4.1,0.796,2,32,106,True,664,poor,moderate,False,,0.7136
B02499,P0123,C0324,technician,2024-11-26 18:42,Tuesday,weekday,18,evening_rush,South C,Kikuyu,-1.304593,36.805869,-1.245147,36.659313,17.58,Langata Road,3.58,9,14.0,84.5,86.2,2.9,True,4.0,0.913,17,10,901,False,888,moderate,poor,True,3.7,0.8109
B02500,P0056,C0254,carpenter,2025-02-06 10:42,Thursday,weekday,10,mid_morning,Spring Valley,Upper Hill,-1.25633,36.750322,-1.292628,36.808527,7.63,Waiyaki Way,2.13,4,23.5,17.7,16.0,1.2,True,4.5,0.829,15,40,600,True,644,good,good,True,4.2,0.9241
B02501,P0075,C0361,carpenter,2025-01-09 18:00,Thursday,weekday,18,evening_rush,Kikuyu,Ngong,-1.245138,36.66463,-1.36838,36.664565,13.7,Waiyaki Way,3.77,9,13.3,58.3,72.4,14.4,True,5.0,0.861,9,42,189,True,655,poor,poor,True,5.0,0.7239
B02502,P0097,C0031,carpenter,2024-12-02 13:03,Monday,weekday,13,midday,Hurlingham,Karen,-1.290422,36.794618,-1.330681,36.709457,10.47,Ngong Road,1.87,3,26.7,25.9,26.9,13.7,True,5.0,0.957,16,42,544,True,1011,good,good,True,4.9,0.9297
B02503,P0086,C0079,electrician,2024-01-13 12:57,Saturday,weekend,12,midday,Rongai,Ngong,-1.399737,36.737186,-1.357933,36.657991,9.96,Langata Road,1.16,1,43.1,15.5,13.9,2.3,True,4.3,0.749,12,26,612,True,1339,poor,poor,False,,0.6925
B02504,P0184,C0108,plumber,2025-02-25 10:01,Tuesday,weekday,10,mid_morning,Rongai,Karen,-1.407716,36.7524,-1.313554,36.707321,11.61,Langata Road,2.03,3,24.6,33.9,44.4,11.5,True,4.7,0.748,2,5,54,False,1313,poor,good,True,5.0,0.8158
B02505,P0188,C0479,electrician,2024-09-02 10:27,Monday,weekday,10,mid_morning,CBD,CBD,-1.269194,36.829377,-1.281689,36.817117,1.95,Uhuru Highway,2.25,4,22.2,6.1,5.3,1.2,True,4.1,0.944,18,5,918,True,1018,moderate,moderate,True,4.0,0.952
B02506,P0058,C0359,electrician,2024-07-24 17:53,Wednesday,weekday,17,evening_rush,Muthaiga,Hurlingham,-1.257845,36.837065,-1.290452,36.798548,5.61,Forest Road,3.67,9,13.6,19.9,19.9,2.7,True,4.5,0.922,15,44,1140,True,755,good,good,True,4.4,0.8349
B02507,P0189,C0027,carpenter,2024-12-13 15:41,Friday,weekday,15,early_afternoon,CBD,Hurlingham,-1.281145,36.806807,-1.286438,36.801682,0.82,Uhuru Highway,2.1,4,23.8,2.3,3.1,1.0,True,4.4,0.928,5,7,390,True,733,moderate,good,True,4.4,0.9727
B02508,P0199,C0092,electrician,2024-02-07 17:51,Wednesday,weekday,17,evening_rush,Muthaiga,Githurai,-1.249154,36.824128,-1.192287,36.90567,11.05,Forest Road,3.67,9,13.6,52.4,67.2,15.5,False,2.9,0.957,2,25,158,False,823,good,poor,True,2.8,0.5157
B02509,P0125,C0373,carpenter,2024-03-28 11:44,Thursday,weekday,11,midday,CBD,South C,-1.289186,36.82843,-1.313052,36.803938,3.8,Uhuru Highway,1.88,3,26.6,9.5,12.5,10.9,True,4.2,0.775,18,40,810,False,627,moderate,moderate,True,3.4,0.8213
B02510,P0101,C0154,cleaner,2025-05-19 14:10,Monday,weekday,14,early_afternoon,South B,Lavington,-1.316934,36.821923,-1.277949,36.774784,6.8,Uhuru Highway,2.1,4,23.8,17.8,16.2,11.9,True,4.8,0.773,5,33,180,True,405,moderate,good,True,5.0,0.8243
B02511,P0169,C0468,cleaner,2025-03-29 12:00,Saturday,weekend,12,midday,CBD,Gigiri,-1.279373,36.828665,-1.221544,36.805428,6.93,Uhuru Highway,1.31,1,38.2,11.4,14.1,3.1,True,5.0,0.778,8,26,192,True,648,moderate,good,True,5.0,0.9734
B02512,P0041,C0012,electrician,2024-09-13 18:07,Friday,weekday,18,evening_rush,Eastleigh,Dagoretti,-1.262587,36.837939,-1.284733,36.758086,9.21,Jogoo Road,3.57,9,14.0,40.3,43.7,6.0,True,3.7,0.801,17,24,731,True,969,poor,poor,False,,0.4649
B02513,P0141,C0201,carpenter,2024-01-07 13:52,Sunday,weekend,13,midday,CBD,Upper Hill,-1.283127,36.824297,-1.295557,36.813935,1.8,Uhuru Highway,1.31,1,38.2,3.0,3.1,8.6,True,4.7,0.952,6,33,240,False,1049,moderate,good,True,4.4,0.9995
B02514,P0087,C0217,electrician,2024-12-16 10:27,Monday,weekday,10,mid_morning,Kitengela,Ngong,-1.465391,36.952559,-1.368109,36.663556,33.9,Mombasa Road,2.25,4,22.2,80.5,79.2,0.2,True,4.0,0.782,16,7,1200,True,1294,poor,poor,True,3.8,0.8743
B02515,P0174,C0243,cleaner,2025-03-24 10:22,Monday,weekday,10,mid_morning,Rongai,Eastleigh,-1.385961,36.747354,-1.271758,36.848079,16.93,Langata Road,2.03,3,24.6,50.1,47.0,1.2,True,3.9,0.87,15,26,705,True,624,poor,poor,False,,0.6726
B02516,P0090,C0388,plumber,2024-09-18 18:09,Wednesday,weekday,18,evening_rush,Ngong,South B,-1.348911,36.676954,-1.327809,36.822339,16.33,Ngong Road,4.0,10,12.5,79.4,97.7,21.6,False,4.3,0.888,19,32,475,True,536,poor,moderate,True,4.0,0.474
B02517,P0101,C0201,cleaner,2024-03-27 14:50,Wednesday,weekday,14,early_afternoon,South B,Upper Hill,-1.316934,36.821923,-1.295557,36.813935,2.54,Uhuru Highway,2.1,4,23.8,6.9,8.9,8.3,True,4.8,0.773,5,33,180,True,405,moderate,good,False,,0.6043
B02518,P0019,C0271,plumber,2024-11-23 08:31,Saturday,weekend,8,morning_rush,Rongai,Gigiri,-1.389773,36.75041,-1.230915,36.797846,18.43,Langata Road,2.3,4,21.7,48.9,47.7,2.2,True,4.5,0.728,3,34,171,True,1342,poor,good,False,,0.6017
B02519,P0187,C0145,technician,2024-02-27 18:29,Tuesday,weekday,18,evening_rush,Westlands,Runda,-1.2733,36.817332,-1.199488,36.8155,8.21,Waiyaki Way,3.77,9,13.3,33.0,29.5,2.7,True,4.3,0.789,17,39,816,True,794,good,good,False,,0.5004
B02520,P0073,C0357,plumber,2025-03-26 10:42,Wednesday,weekday,10,mid_morning,Parklands,CBD,-1.265689,36.829151,-1.276654,36.814237,2.06,Forest Road,1.91,3,26.2,4.4,5.4,4.4,True,3.3,0.879,6,40,180,True,1079,good,moderate,True,3.2,0.88
B02521,P0050,C0359,plumber,2025-03-08 11:41,Saturday,weekend,11,midday,Muthaiga,Hurlingham,-1.237436,36.842383,-1.290452,36.798548,7.65,Forest Road,1.04,0,48.1,8.5,9.7,5.6,True,3.2,0.803,16,6,1232,True,1107,good,good,True,3.1,0.8966
B02522,P0141,C0202,carpenter,2025-02-28 10:28,Friday,weekday,10,mid_morning,CBD,Ngong,-1.283127,36.824297,-1.357075,36.664168,19.61,Uhuru Highway,2.25,4,22.2,41.7,43.6,11.6,True,4.7,0.952,6,33,240,False,1049,moderate,poor,True,4.6,0.8993
B02523,P0025,C0068,cleaner,2024-06-27 15:08,Thursday,weekday,15,early_afternoon,Langata,Eastleigh,-1.346931,36.741658,-1.272101,36.85771,15.35,Ngong Road,2.03,3,24.6,45.1,54.4,11.4,True,4.2,0.845,3,5,156,True,558,moderate,poor,True,4.1,0.8401
B02524,P0083,C0386,carpenter,2024-02-13 08:35,Tuesday,weekday,8,morning_rush,Roysambu,Upper Hill,-1.197099,36.88354,-1.290912,36.819452,12.63,Thika Road,4.0,10,12.5,55.6,68.0,13.2,True,4.6,0.861,3,33,213,False,529,moderate,good,True,4.6,0.6955
B02525,P0149,C0444,technician,2025-06-22 17:18,Sunday,weekend,17,evening_rush,South B,Muthaiga,-1.32145,36.814943,-1.258748,36.843226,7.65,Uhuru Highway,2.59,5,19.3,21.0,24.9,6.4,True,3.7,0.959,3,38,72,True,1667,moderate,good,True,3.6,0.869
B02526,P0014,C0436,electrician,2024-01-23 13:38,Tuesday,weekday,13,midday,Embakasi,Runda,-1.309393,36.91238,-1.222057,36.81757,14.33,Mombasa Road,2.13,4,23.5,31.6,41.5,17.0,False,3.4,0.925,19,9,836,True,551,moderate,good,True,3.3,0.6354
B02527,P0182,C0156,electrician,2025-06-23 08:13,Monday,weekday,8,morning_rush,Athi River,Kileleshwa,-1.450424,36.986851,-1.272746,36.786855,29.74,Mombasa Road,4.0,10,12.5,131.0,143.2,14.5,True,4.0,0.826,17,35,442,True,676,poor,good,True,3.3,0.6372
B02528,P0118,C0336,cleaner,2025-01-18 11:46,Saturday,weekend,11,midday,Syokimau,Parklands,-1.375522,36.898831,-1.256437,36.818,16.0,Mombasa Road,1.39,1,36.0,29.5,26.6,1.4,True,4.0,0.883,12,22,552,True,781,moderate,good,True,3.8,0.9836
B02529,P0042,C0296,electrician,2025-05-15 15:40,Thursday,weekday,15,early_afternoon,Runda,Kitengela,-1.206172,36.812074,-1.478127,36.952969,34.06,Kiambu Road,1.64,2,30.5,63.0,81.7,25.9,False,3.6,0.884,5,28,395,True,513,good,poor,True,3.3,0.59
B02530,P0036,C0227,electrician,2025-03-05 09:04,Wednesday,weekday,9,mid_morning,Syokimau,Runda,-1.369792,36.909296,-1.210371,36.79639,21.72,Mombasa Road,2.25,4,22.2,56.2,67.0,12.8,True,5.0,0.905,9,25,693,False,1058,moderate,good,True,5.0,0.8808
B02531,P0179,C0248,cleaner,2024-12-21 10:25,Saturday,weekend,10,mid_morning,Githurai,Ngong,-1.196084,36.901156,-1.347442,36.666844,31.01,Thika Road,1.44,1,34.7,51.3,61.2,15.1,False,5.0,0.821,13,18,702,True,815,poor,poor,True,4.8,0.7345
B02532,P0075,C0460,carpenter,2024-07-23 07:21,Tuesday,weekday,7,morning_rush,Kikuyu,Kasarani,-1.245138,36.66463,-1.226926,36.906219,26.93,Waiyaki Way,3.46,8,14.5,116.1,102.4,1.9,True,5.0,0.861,9,42,189,True,655,poor,moderate,True,5.0,0.8529
B02533,P0038,C0108,cleaner,2024-04-18 08:29,Thursday,weekday,8,morning_rush,Kitengela,Karen,-1.478252,36.974953,-1.313554,36.707321,34.94,Mombasa Road,4.0,10,12.5,162.4,154.5,0.1,True,3.1,0.788,15,39,930,False,443,poor,good,False,,0.4432
B02534,P0056,C0412,carpenter,2024-03-08 18:36,Friday,weekday,18,evening_rush,Spring Valley,Upper Hill,-1.25633,36.750322,-1.286314,36.820449,8.48,Waiyaki Way,3.77,9,13.3,34.9,38.3,4.8,True,4.5,0.829,15,40,600,True,644,good,good,True,4.6,0.7629
B02535,P0192,C0101,carpenter,2024-06-30 17:31,Sunday,weekend,17,evening_rush,Ruiru,Embakasi,-1.139674,36.956392,-1.320607,36.896146,21.2,Thika Road,2.64,5,18.9,70.8,67.8,1.6,True,4.1,0.856,5,15,135,True,760,poor,moderate,True,3.9,0.8735
B02536,P0189,C0334,carpenter,2025-05-16 07:04,Friday,weekday,7,morning_rush,CBD,Ruiru,-1.281145,36.806807,-1.146137,36.94959,21.85,Uhuru Highway,3.58,9,14.0,108.5,118.4,10.7,True,4.4,0.928,5,7,390,True,733,moderate,poor,True,4.6,0.7734
B02537,P0003,C0186,cleaner,2024-12-23 13:33,Monday,weekday,13,midday,Kilimani,Runda,-1.304266,36.787504,-1.21216,36.809049,10.52,Uhuru Highway,1.88,3,26.6,25.8,33.0,7.9,True,5.0,0.846,15,25,390,True,501,good,good,True,5.0,0.9218
B02538,P0186,C0439,cleaner,2024-05-11 14:51,Saturday,weekend,14,early_afternoon,Parklands,Langata,-1.259849,36.809984,-1.340754,36.748775,11.28,Forest Road,1.16,1,43.1,16.3,18.2,10.4,True,4.7,0.915,7,22,273,True,678,good,moderate,False,,0.728
B02539,P0148,C0053,technician,2024-12-04 15:38,Wednesday,weekday,15,early_afternoon,Kileleshwa,Rongai,-1.273235,36.790198,-1.404721,36.752527,15.21,Uhuru Highway,2.1,4,23.8,39.8,49.8,11.8,True,3.3,0.88,7,23,329,True,1141,good,poor,True,3.5,0.8037
B02540,P0174,C0403,cleaner,2024-05-07 07:45,Tuesday,weekday,7,morning_rush,Rongai,Embakasi,-1.385961,36.747354,-1.320097,36.901101,18.59,Langata Road,3.3,8,15.2,57.0,71.1,16.8,False,3.9,0.87,15,26,705,True,624,poor,moderate,True,3.3,0.541
B02541,P0038,C0193,cleaner,2025-01-24 07:34,Friday,weekday,7,morning_rush,Kitengela,Athi River,-1.478252,36.974953,-1.449594,37.00077,4.29,Mombasa Road,4.0,10,12.5,19.8,22.7,3.0,True,3.1,0.788,15,39,930,False,443,poor,poor,True,3.1,0.669
B02542,P0110,C0348,electrician,2024-04-11 14:21,Thursday,weekday,14,early_afternoon,Kasarani,Lavington,-1.213002,36.900337,-1.286976,36.776968,15.99,Thika Road,2.18,4,22.9,37.4,42.1,6.9,True,3.4,0.852,14,29,1050,True,1119,moderate,good,False,,0.5791
B02543,P0044,C0475,plumber,2025-05-04 16:24,Sunday,weekend,16,evening_rush,Eastleigh,Athi River,-1.286651,36.848557,-1.452459,36.984699,23.85,Jogoo Road,2.38,5,21.0,70.5,93.4,23.8,False,4.5,0.889,17,28,646,True,806,poor,poor,True,4.1,0.5958
B02544,P0015,C0050,carpenter,2025-04-23 18:45,Wednesday,weekday,18,evening_rush,Spring Valley,Embakasi,-1.252873,36.746484,-1.328964,36.910611,20.11,Waiyaki Way,3.77,9,13.3,92.8,116.3,25.5,False,5.0,0.944,19,30,1083,True,658,good,moderate,True,4.7,0.5229
B02545,P0092,C0499,electrician,2024-11-09 16:28,Saturday,weekend,16,evening_rush,Parklands,Kasarani,-1.278448,36.826925,-1.215307,36.907158,11.35,Forest Road,2.22,4,22.5,29.4,36.2,7.5,True,5.0,0.852,10,30,310,True,1196,good,moderate,False,,0.6509
B02546,P0122,C0092,plumber,2024-10-22 18:15,Tuesday,weekday,18,evening_rush,Roysambu,Githurai,-1.198937,36.868092,-1.192287,36.90567,4.24,Thika Road,4.0,10,12.5,15.8,14.0,1.6,True,4.1,0.848,1,24,34,True,504,moderate,poor,True,4.0,0.7607
B02547,P0014,C0061,electrician,2025-05-09 12:01,Friday,weekday,12,midday,Embakasi,Kikuyu,-1.309393,36.91238,-1.247586,36.668725,27.94,Mombasa Road,2.13,4,23.5,70.8,78.5,9.0,True,3.4,0.925,19,9,836,True,551,moderate,poor,True,2.9,0.8521
B02548,P0132,C0333,electrician,2024-07-03 15:17,Wednesday,weekday,15,early_afternoon,South B,Syokimau,-1.312355,36.821388,-1.372567,36.892667,10.37,Uhuru Highway,2.1,4,23.8,22.4,23.9,3.1,True,5.0,0.865,17,36,1275,True,888,moderate,moderate,False,,0.7037
B02549,P0087,C0304,electrician,2024-11-29 17:06,Friday,weekday,17,evening_rush,Kitengela,Githurai,-1.465391,36.952559,-1.178198,36.903027,32.41,Mombasa Road,4.0,10,12.5,184.0,191.0,7.2,True,4.0,0.782,16,7,1200,True,1294,poor,poor,True,4.4,0.676
B02550,P0112,C0497,carpenter,2024-08-12 16:58,Monday,weekday,16,evening_rush,Rongai,Embakasi,-1.407345,36.750173,-1.319356,36.905366,19.83,Langata Road,3.58,9,14.0,73.0,93.7,23.1,False,4.9,0.809,17,40,1190,True,779,poor,moderate,False,,0.2356
B02551,P0039,C0322,electrician,2025-06-22 14:00,Sunday,weekend,14,early_afternoon,Spring Valley,Langata,-1.278278,36.738872,-1.351678,36.759249,8.47,Waiyaki Way,1.28,1,39.1,15.1,16.6,2.5,True,4.5,0.924,2,10,158,False,1205,good,moderate,True,4.5,1.0
B02552,P0185,C0207,electrician,2025-02-08 08:09,Saturday,weekend,8,morning_rush,Githurai,Roysambu,-1.195468,36.886679,-1.216177,36.872167,2.81,Thika Road,2.55,5,19.6,6.1,7.2,10.6,True,4.1,0.814,3,27,189,True,800,poor,moderate,True,4.2,0.7847
B02553,P0063,C0018,cleaner,2025-03-14 10:21,Friday,weekday,10,mid_morning,Roysambu,Kitengela,-1.223879,36.861046,-1.479626,36.949987,30.11,Thika Road,2.31,4,21.6,100.1,124.0,27.6,False,4.0,0.76,7,24,231,True,726,moderate,poor,True,4.2,0.4802
B02554,P0031,C0124,carpenter,2024-07-14 10:57,Sunday,weekend,10,mid_morning,Gigiri,Westlands,-1.208399,36.806357,-1.257453,36.819544,5.65,Forest Road,1.21,1,41.3,7.1,8.7,5.0,True,3.1,0.929,2,21,112,False,546,good,good,True,2.7,0.946
B02555,P0102,C0251,plumber,2025-05-23 10:30,Friday,weekday,10,mid_morning,CBD,Kitengela,-1.28875,36.816036,-1.479293,36.965499,26.92,Uhuru Highway,2.25,4,22.2,78.3,83.9,25.3,False,4.6,0.858,14,44,294,False,585,moderate,poor,True,4.0,0.5832
B02556,P0078,C0353,plumber,2025-04-22 14:08,Tuesday,weekday,14,early_afternoon,Spring Valley,Rongai,-1.275279,36.740173,-1.397798,36.738693,13.62,Waiyaki Way,1.95,3,25.6,32.2,38.7,8.3,True,4.2,0.881,10,6,270,True,1363,good,poor,True,4.3,0.8903
B02557,P0153,C0489,cleaner,2025-06-23 15:39,Monday,weekday,15,early_afternoon,Runda,Westlands,-1.21906,36.808167,-1.256512,36.801079,4.24,Kiambu Road,1.64,2,30.5,7.9,7.0,3.2,True,3.9,0.781,15,13,1050,True,518,good,good,True,4.3,0.8926
B02558,P0045,C0335,carpenter,2025-06-15 14:09,Sunday,weekend,14,early_afternoon,Dagoretti,CBD,-1.293654,36.741826,-1.275722,36.822565,9.19,Uhuru Highway,1.35,1,37.0,16.2,17.2,4.5,True,4.7,0.781,19,17,1425,True,1141,poor,moderate,True,4.7,0.945
B02559,P0191,C0193,plumber,2025-02-09 09:16,Sunday,weekend,9,mid_morning,Athi River,Athi River,-1.458754,37.004152,-1.449594,37.00077,1.09,Mombasa Road,1.59,2,31.4,2.0,2.2,0.4,True,3.9,0.908,19,25,570,True,588,poor,poor,False,,0.7335
B02560,P0199,C0355,electrician,2025-02-20 09:24,Thursday,weekday,9,mid_morning,Muthaiga,Westlands,-1.249154,36.824128,-1.27324,36.796631,4.06,Forest Road,1.91,3,26.2,10.7,13.4,5.2,True,2.9,0.957,2,25,158,False,823,good,good,False,,0.6424
B02561,P0172,C0338,electrician,2024-10-14 11:15,Monday,weekday,11,midday,Westlands,Gigiri,-1.259894,36.796652,-1.232066,36.811424,3.5,Waiyaki Way,1.88,3,26.6,7.5,9.0,2.2,True,5.0,0.841,14,27,1106,True,839,good,good,True,4.7,0.9668
B02562,P0023,C0399,plumber,2025-04-08 12:53,Tuesday,weekday,12,midday,Runda,Ngong,-1.20871,36.820684,-1.360271,36.655674,24.91,Kiambu Road,1.65,2,30.3,40.2,48.8,8.7,True,3.8,0.977,7,10,539,True,894,good,poor,True,4.0,0.939
B02563,P0119,C0443,plumber,2024-11-03 14:23,Sunday,weekend,14,early_afternoon,Parklands,Parklands,-1.278361,36.811882,-1.275556,36.826507,1.66,Forest Road,1.16,1,43.1,1.9,2.5,4.1,True,4.6,0.896,19,19,1026,True,1373,good,good,False,,0.766
B02564,P0167,C0196,electrician,2025-04-25 08:40,Friday,weekday,8,morning_rush,Muthaiga,Kilimani,-1.239047,36.830687,-1.281853,36.777566,7.58,Forest Road,3.15,7,15.9,27.1,33.3,9.6,True,4.9,0.874,13,24,338,True,561,good,good,True,4.8,0.815
B02565,P0071,C0324,cleaner,2024-07-08 10:20,Monday,weekday,10,mid_morning,Syokimau,Kikuyu,-1.372822,36.900737,-1.245147,36.659313,30.36,Mombasa Road,2.25,4,22.2,78.8,80.7,8.2,True,4.0,0.902,4,35,212,False,755,moderate,poor,True,4.5,0.8677
B02566,P0168,C0228,carpenter,2025-04-15 12:40,Tuesday,weekday,12,midday,Spring Valley,Kasarani,-1.272247,36.7353,-1.217424,36.906597,19.99,Waiyaki Way,1.88,3,26.6,42.8,47.9,7.7,True,3.6,0.97,19,32,1026,True,535,good,moderate,True,4.0,0.9154
B02567,P0095,C0006,plumber,2025-04-29 17:16,Tuesday,weekday,17,evening_rush,Spring Valley,Ruiru,-1.277903,36.744602,-1.140704,36.955523,27.97,Waiyaki Way,3.77,9,13.3,129.8,152.9,24.3,False,3.9,0.847,12,33,672,True,967,good,poor,True,4.3,0.4294
B02568,P0031,C0060,carpenter,2024-09-03 09:50,Tuesday,weekday,9,mid_morning,Gigiri,Hurlingham,-1.208399,36.806357,-1.295253,36.792516,9.78,Forest Road,1.91,3,26.2,21.2,28.3,8.6,True,3.1,0.929,2,21,112,False,546,good,good,True,2.8,0.86
B02569,P0022,C0063,electrician,2025-01-21 08:39,Tuesday,weekday,8,morning_rush,Langata,Githurai,-1.337324,36.740716,-1.177365,36.907348,25.68,Ngong Road,3.71,9,13.5,107.3,124.7,20.7,False,4.9,0.913,14,13,350,True,1171,moderate,poor,False,,0.2972
B02570,P0126,C0329,plumber,2024-11-13 12:25,Wednesday,weekday,12,midday,Syokimau,Athi River,-1.384197,36.899152,-1.452349,36.993493,12.94,Mombasa Road,2.13,4,23.5,30.3,37.4,7.2,True,3.8,0.784,1,32,46,True,1101,moderate,poor,False,,0.5666
B02571,P0172,C0466,electrician,2024-06-15 13:25,Saturday,weekend,13,midday,Westlands,Dagoretti,-1.259894,36.796652,-1.289227,36.74283,6.81,Waiyaki Way,1.23,1,40.7,9.4,11.9,9.9,True,5.0,0.841,14,27,1106,True,839,good,poor,True,4.7,0.9546
B02572,P0131,C0116,electrician,2024-09-14 07:21,Saturday,weekend,7,morning_rush,CBD,Kikuyu,-1.273399,36.831477,-1.257825,36.655881,19.6,Uhuru Highway,2.53,5,19.8,65.0,65.7,3.7,True,3.6,0.953,6,12,228,False,594,moderate,poor,True,3.5,0.8883
B02573,P0006,C0301,technician,2025-03-19 08:08,Wednesday,weekday,8,morning_rush,Parklands,Langata,-1.25903,36.810832,-1.345941,36.751219,11.72,Forest Road,3.15,7,15.9,29.8,39.7,10.5,True,4.4,0.902,19,21,513,True,630,good,moderate,True,4.2,0.7965
B02574,P0147,C0294,technician,2025-05-12 11:45,Monday,weekday,11,midday,Roysambu,South C,-1.198042,36.880644,-1.309493,36.786886,16.19,Thika Road,2.09,4,23.9,37.5,33.4,1.3,True,5.0,0.932,15,30,855,False,1336,moderate,moderate,True,5.0,1.0
B02575,P0123,C0141,technician,2025-03-08 12:02,Saturday,weekend,12,midday,South C,Langata,-1.304593,36.805869,-1.334182,36.745251,7.5,Langata Road,1.16,1,43.1,11.4,11.0,3.8,True,4.0,0.913,17,10,901,False,888,moderate,moderate,True,3.9,0.997
B02576,P0178,C0382,electrician,2025-06-10 17:27,Tuesday,weekday,17,evening_rush,Eastleigh,Roysambu,-1.282287,36.844486,-1.208135,36.863414,8.51,Jogoo Road,3.57,9,14.0,30.6,29.2,1.4,True,5.0,0.888,5,35,145,True,859,poor,moderate,True,5.0,0.8617
B02577,P0025,C0407,cleaner,2025-06-22 08:01,Sunday,weekend,8,morning_rush,Langata,Karen,-1.346931,36.741658,-1.329536,36.709101,4.1,Ngong Road,2.34,4,21.4,12.5,15.9,9.1,True,4.2,0.845,3,5,156,True,558,moderate,good,True,3.8,0.8345
B02578,P0152,C0093,plumber,2024-08-17 16:55,Saturday,weekend,16,evening_rush,Kilimani,Ngong,-1.299509,36.788374,-1.347699,36.670253,14.18,Uhuru Highway,2.59,5,19.3,43.8,38.3,3.2,True,3.9,0.983,19,27,1292,False,504,good,poor,True,3.5,0.9176
B02579,P0099,C0248,plumber,2024-03-30 07:34,Saturday,weekend,7,morning_rush,Roysambu,Ngong,-1.221829,36.868602,-1.347442,36.666844,26.42,Thika Road,2.55,5,19.6,70.9,61.0,8.4,True,3.1,0.917,11,10,330,True,711,moderate,poor,False,,0.5545
B02580,P0166,C0360,electrician,2025-03-16 13:18,Sunday,weekend,13,midday,Upper Hill,Ngong,-1.284545,36.821501,-1.351319,36.670802,18.32,Uhuru Highway,1.31,1,38.2,29.2,37.2,8.5,True,3.9,0.944,14,36,1022,True,745,good,poor,True,3.7,0.9564
B02581,P0112,C0153,carpenter,2024-06-28 14:23,Friday,weekday,14,early_afternoon,Rongai,Kikuyu,-1.407345,36.750173,-1.238478,36.67186,20.7,Langata Road,1.89,3,26.5,42.7,41.2,0.7,True,4.9,0.809,17,40,1190,True,779,poor,poor,False,,0.7075
B02582,P0147,C0065,technician,2024-06-22 16:21,Saturday,weekend,16,evening_rush,Roysambu,Spring Valley,-1.198042,36.880644,-1.264599,36.737827,17.52,Thika Road,2.64,5,18.9,56.0,50.7,0.0,True,5.0,0.932,15,30,855,False,1336,moderate,good,True,5.0,0.9698
B02583,P0026,C0167,plumber,2024-11-25 17:34,Monday,weekday,17,evening_rush,Kasarani,Industrial Area,-1.234607,36.913473,-1.30478,36.863493,9.58,Thika Road,4.0,10,12.5,39.8,47.8,13.6,True,4.6,0.959,10,6,750,True,1116,moderate,poor,False,,0.4912
B02584,P0017,C0366,carpenter,2024-10-17 15:12,Thursday,weekday,15,early_afternoon,Parklands,South B,-1.265137,36.832357,-1.313924,36.812209,5.87,Forest Road,1.87,3,26.7,13.1,11.3,4.2,True,3.8,0.979,7,16,238,True,1016,good,moderate,True,3.0,0.9599
B02585,P0138,C0095,cleaner,2024-04-24 16:29,Wednesday,weekday,16,evening_rush,Ruiru,Kitengela,-1.130056,36.960788,-1.480567,36.962359,38.98,Thika Road,4.0,10,12.5,181.8,160.8,3.3,True,4.8,0.815,4,9,276,True,318,poor,poor,False,,0.515
B02586,P0104,C0417,cleaner,2025-02-15 17:08,Saturday,weekend,17,evening_rush,South C,Hurlingham,-1.317485,36.782226,-1.302831,36.783499,1.64,Langata Road,2.41,5,20.7,4.4,4.9,3.2,True,4.8,0.78,15,40,495,True,849,moderate,good,False,,0.6255
B02587,P0180,C0011,technician,2025-03-17 10:22,Monday,weekday,10,mid_morning,Upper Hill,Athi River,-1.303674,36.816618,-1.461377,36.999531,26.85,Uhuru Highway,2.25,4,22.2,82.7,83.8,3.1,True,4.3,0.987,16,44,544,True,1558,good,poor,True,4.4,0.9677
B02588,P0101,C0285,cleaner,2024-03-09 11:08,Saturday,weekend,11,midday,South B,Lavington,-1.316934,36.821923,-1.289235,36.776079,5.95,Uhuru Highway,1.31,1,38.2,9.6,12.7,3.1,True,4.8,0.773,5,33,180,True,405,moderate,good,True,5.0,0.9609
B02589,P0138,C0402,cleaner,2024-09-26 11:49,Thursday,weekday,11,midday,Ruiru,Hurlingham,-1.130056,36.960788,-1.293262,36.800099,25.46,Thika Road,2.09,4,23.9,62.9,84.2,25.6,False,4.8,0.815,4,9,276,True,318,poor,good,False,,0.332
B02590,P0136,C0251,carpenter,2024-10-22 16:46,Tuesday,weekday,16,evening_rush,Ngong,Kitengela,-1.343029,36.658549,-1.479293,36.965499,37.33,Ngong Road,4.0,10,12.5,176.3,224.5,52.5,False,4.4,0.783,16,42,912,False,725,poor,poor,True,4.4,0.2065
B02591,P0017,C0266,carpenter,2024-04-29 07:24,Monday,weekday,7,morning_rush,Parklands,Westlands,-1.265137,36.832357,-1.272627,36.805451,3.1,Forest Road,3.15,7,15.9,10.8,11.0,0.6,True,3.8,0.979,7,16,238,True,1016,good,good,True,4.4,0.8875
B02592,P0150,C0276,cleaner,2025-06-16 09:54,Monday,weekday,9,mid_morning,Athi River,Kileleshwa,-1.468362,37.007079,-1.284677,36.791488,31.49,Mombasa Road,2.25,4,22.2,81.1,101.3,23.2,False,5.0,0.827,16,29,896,True,401,poor,good,True,5.0,0.6052
B02593,P0183,C0420,carpenter,2024-09-23 11:46,Monday,weekday,11,midday,Langata,Spring Valley,-1.346859,36.745886,-1.263445,36.740953,9.29,Ngong Road,1.87,3,26.7,18.3,18.4,1.6,True,3.4,0.755,14,5,322,True,885,moderate,good,True,3.8,0.8496
B02594,P0167,C0064,electrician,2025-05-27 10:18,Tuesday,weekday,10,mid_morning,Muthaiga,Upper Hill,-1.239047,36.830687,-1.300002,36.81996,6.88,Forest Road,1.91,3,26.2,14.1,16.0,5.0,True,4.9,0.874,13,24,338,True,561,good,good,True,5.0,0.9525
B02595,P0193,C0386,cleaner,2024-10-14 15:30,Monday,weekday,15,early_afternoon,Industrial Area,Upper Hill,-1.298218,36.849992,-1.290912,36.819452,3.49,Mombasa Road,2.13,4,23.5,8.4,9.4,4.7,True,4.1,0.77,6,25,144,True,807,poor,good,True,4.1,0.8454
B02596,P0054,C0495,cleaner,2024-03-09 12:13,Saturday,weekend,12,midday,Ruiru,Karen,-1.144993,36.950231,-1.319239,36.705719,33.38,Thika Road,1.35,1,37.0,58.3,68.0,16.6,False,3.6,0.857,8,44,248,True,336,poor,good,True,3.2,0.6772
B02597,P0169,C0460,cleaner,2024-01-04 15:21,Thursday,weekday,15,early_afternoon,CBD,Kasarani,-1.279373,36.828665,-1.226926,36.906219,10.41,Uhuru Highway,2.1,4,23.8,32.4,34.2,5.8,True,5.0,0.778,8,26,192,True,648,moderate,moderate,True,4.4,0.8877
B02598,P0031,C0093,carpenter,2024-06-13 09:27,Thursday,weekday,9,mid_morning,Gigiri,Ngong,-1.208399,36.806357,-1.347699,36.670253,21.65,Forest Road,1.91,3,26.2,47.1,62.6,16.9,False,3.1,0.929,2,21,112,False,546,good,poor,True,2.9,0.6409
B02599,P0154,C0356,plumber,2025-03-25 16:05,Tuesday,weekday,16,evening_rush,Kitengela,Embakasi,-1.476899,36.960583,-1.313435,36.908533,19.08,Mombasa Road,4.0,10,12.5,115.8,140.2,25.6,False,3.6,0.867,14,11,952,True,712,poor,moderate,True,3.3,0.3952
B02600,P0047,C0003,plumber,2024-01-22 17:55,Monday,weekday,17,evening_rush,Hurlingham,Roysambu,-1.296707,36.799823,-1.209563,36.883337,13.42,Ngong Road,4.0,10,12.5,72.6,85.1,13.0,True,5.0,0.962,10,7,630,True,956,good,moderate,True,5.0,0.7677
B02601,P0143,C0229,technician,2025-02-25 14:51,Tuesday,weekday,14,early_afternoon,Spring Valley,Roysambu,-1.257355,36.737855,-1.20113,36.87904,16.89,Waiyaki Way,1.95,3,25.6,40.1,41.7,7.6,True,3.7,0.841,2,18,154,True,1473,good,moderate,False,,0.6012
B02602,P0081,C0063,plumber,2025-02-26 18:43,Wednesday,weekday,18,evening_rush,Upper Hill,Githurai,-1.307096,36.828446,-1.177365,36.907348,16.88,Uhuru Highway,4.0,10,12.5,81.3,105.0,24.7,False,4.8,0.858,8,38,440,True,599,good,poor,True,4.3,0.4582
B02603,P0011,C0066,plumber,2025-05-27 10:57,Tuesday,weekday,10,mid_morning,Kitengela,Kitengela,-1.461571,36.951166,-1.483162,36.967236,2.99,Mombasa Road,2.25,4,22.2,8.9,11.4,3.4,True,3.5,0.741,16,28,768,True,1242,poor,poor,True,3.8,0.8022
B02604,P0148,C0106,technician,2025-04-03 14:28,Thursday,weekday,14,early_afternoon,Kileleshwa,Syokimau,-1.273235,36.790198,-1.364106,36.911992,16.89,Uhuru Highway,2.1,4,23.8,46.3,44.5,0.3,True,3.3,0.88,7,23,329,True,1141,good,moderate,True,3.7,0.8995
B02605,P0168,C0083,carpenter,2025-05-15 14:10,Thursday,weekday,14,early_afternoon,Spring Valley,Westlands,-1.272247,36.7353,-1.271411,36.813938,8.74,Waiyaki Way,1.95,3,25.6,19.7,25.5,6.7,True,3.6,0.97,19,32,1026,True,535,good,good,True,3.2,0.9182
B02606,P0023,C0288,plumber,2024-01-21 09:52,Sunday,weekend,9,mid_morning,Runda,Hurlingham,-1.20871,36.820684,-1.305317,36.796715,11.07,Kiambu Road,1.11,0,45.0,13.2,15.5,9.6,True,3.8,0.977,7,10,539,True,894,good,good,True,2.8,0.9747
B02607,P0066,C0436,technician,2025-03-11 10:16,Tuesday,weekday,10,mid_morning,Athi River,Runda,-1.457679,36.988129,-1.222057,36.81757,32.34,Mombasa Road,2.25,4,22.2,92.4,104.2,12.5,True,5.0,0.777,12,37,768,True,1320,poor,good,True,4.7,0.8193
B02608,P0193,C0018,cleaner,2024-08-17 11:28,Saturday,weekend,11,midday,Industrial Area,Kitengela,-1.298218,36.849992,-1.479626,36.949987,23.03,Mombasa Road,1.39,1,36.0,42.6,39.5,1.6,True,4.1,0.77,6,25,144,True,807,poor,poor,True,4.5,0.9305
B02609,P0022,C0064,electrician,2024-12-12 14:40,Thursday,weekday,14,early_afternoon,Langata,Upper Hill,-1.337324,36.740716,-1.300002,36.81996,9.74,Ngong Road,2.03,3,24.6,25.1,26.1,1.5,True,4.9,0.913,14,13,350,True,1171,moderate,good,True,5.0,0.9916
B02610,P0130,C0153,electrician,2024-05-18 16:23,Saturday,weekend,16,evening_rush,Muthaiga,Kikuyu,-1.261506,36.849263,-1.238478,36.67186,19.89,Forest Road,2.22,4,22.5,54.8,67.6,14.5,True,4.8,0.972,2,26,126,True,1371,good,poor,True,4.7,0.8926
B02611,P0094,C0495,electrician,2024-04-02 09:49,Tuesday,weekday,9,mid_morning,Gigiri,Karen,-1.216758,36.821188,-1.319239,36.705719,17.16,Forest Road,1.91,3,26.2,36.7,47.3,10.7,True,3.6,0.922,3,16,108,True,1414,good,good,True,4.1,0.864
B02612,P0140,C0088,technician,2024-02-12 13:11,Monday,weekday,13,midday,Dagoretti,Kikuyu,-1.281413,36.751532,-1.251358,36.670042,9.66,Uhuru Highway,1.88,3,26.6,21.2,18.5,0.9,True,4.4,0.846,18,37,1224,True,1113,poor,poor,True,4.3,0.9501
B02613,P0109,C0484,cleaner,2024-09-29 12:57,Sunday,weekend,12,midday,Kileleshwa,Hurlingham,-1.273273,36.789956,-1.297799,36.804038,3.14,Uhuru Highway,1.31,1,38.2,5.1,6.3,2.7,True,3.7,0.918,19,42,1368,True,740,good,good,True,4.2,0.9817
B02614,P0169,C0001,cleaner,2025-06-14 14:25,Saturday,weekend,14,early_afternoon,CBD,Spring Valley,-1.279373,36.828665,-1.263491,36.756229,8.24,Uhuru Highway,1.35,1,37.0,12.2,16.2,12.5,True,5.0,0.778,8,26,192,True,648,moderate,good,True,5.0,0.8918
B02615,P0064,C0154,electrician,2025-03-01 15:42,Saturday,weekend,15,early_afternoon,Parklands,Lavington,-1.263494,36.832383,-1.277949,36.774784,6.6,Forest Road,1.16,1,43.1,11.0,9.8,10.0,True,3.7,0.803,18,6,1224,True,1206,good,good,True,4.1,0.8754
B02616,P0012,C0485,electrician,2024-06-22 15:08,Saturday,weekend,15,early_afternoon,Hurlingham,Muthaiga,-1.295566,36.800621,-1.251257,36.835343,6.26,Ngong Road,1.37,1,36.5,8.9,8.7,1.4,True,3.1,0.784,3,33,111,False,555,good,good,True,2.4,0.8907
B02617,P0133,C0464,plumber,2025-04-09 08:12,Wednesday,weekday,8,morning_rush,Industrial Area,Industrial Area,-1.310118,36.864521,-1.309673,36.858549,0.67,Mombasa Road,4.0,10,12.5,2.5,2.2,4.5,True,3.7,0.792,9,9,423,False,1151,poor,poor,False,,0.4385
B02618,P0076,C0338,plumber,2024-05-18 15:42,Saturday,weekend,15,early_afternoon,Syokimau,Gigiri,-1.380514,36.905837,-1.232066,36.811424,19.56,Mombasa Road,1.43,1,35.0,42.2,39.2,8.2,True,4.4,0.791,8,23,400,False,839,moderate,good,True,4.5,0.8978
B02619,P0137,C0228,technician,2025-01-31 08:21,Friday,weekday,8,morning_rush,South C,Kasarani,-1.326641,36.801857,-1.217424,36.906597,16.82,Langata Road,3.3,8,15.2,84.3,92.6,19.5,False,4.4,0.817,7,12,462,True,794,moderate,moderate,True,4.0,0.517
B02620,P0036,C0296,electrician,2024-02-23 18:10,Friday,weekday,18,evening_rush,Syokimau,Kitengela,-1.369792,36.909296,-1.478127,36.952969,12.99,Mombasa Road,4.0,10,12.5,71.6,63.6,0.3,True,5.0,0.905,9,25,693,False,1058,moderate,poor,True,5.0,0.845
B02621,P0126,C0356,plumber,2025-01-10 09:51,Friday,weekday,9,mid_morning,Syokimau,Embakasi,-1.384197,36.899152,-1.313435,36.908533,7.94,Mombasa Road,2.25,4,22.2,15.0,19.2,4.3,True,3.8,0.784,1,32,46,True,1101,moderate,moderate,True,3.6,0.8312
B02622,P0081,C0268,plumber,2025-02-21 17:34,Friday,weekday,17,evening_rush,Upper Hill,Kilimani,-1.307096,36.828446,-1.293114,36.768586,6.83,Uhuru Highway,4.0,10,12.5,35.5,32.7,3.3,True,4.8,0.858,8,38,440,True,599,good,good,False,,0.5365
B02623,P0091,C0311,cleaner,2024-05-09 18:38,Thursday,weekday,18,evening_rush,Syokimau,Embakasi,-1.368545,36.906893,-1.311799,36.902558,6.33,Mombasa Road,4.0,10,12.5,32.5,40.3,9.3,True,4.8,0.949,9,33,459,False,743,moderate,moderate,True,4.5,0.782
B02624,P0138,C0262,cleaner,2024-02-19 14:32,Monday,weekday,14,early_afternoon,Ruiru,Rongai,-1.130056,36.960788,-1.4031,36.753793,38.1,Thika Road,2.18,4,22.9,112.0,105.0,13.1,True,4.8,0.815,4,9,276,True,318,poor,poor,False,,0.5789
B02625,P0054,C0353,cleaner,2025-01-24 13:02,Friday,weekday,13,midday,Ruiru,Rongai,-1.144993,36.950231,-1.397798,36.738693,36.65,Thika Road,2.09,4,23.9,86.8,81.1,0.8,True,3.6,0.857,8,44,248,True,336,poor,poor,True,4.3,0.8996
B02626,P0026,C0340,plumber,2025-05-11 15:41,Sunday,weekend,15,early_afternoon,Kasarani,Upper Hill,-1.234607,36.913473,-1.299413,36.816324,12.98,Thika Road,1.34,1,37.3,20.3,21.4,9.6,True,4.6,0.959,10,6,750,True,1116,moderate,good,True,4.0,0.9873
B02627,P0012,C0122,electrician,2024-10-09 08:29,Wednesday,weekday,8,morning_rush,Hurlingham,Hurlingham,-1.295566,36.800621,-1.302561,36.799935,0.78,Ngong Road,3.71,9,13.5,3.5,4.3,4.3,True,3.1,0.784,3,33,111,False,555,good,good,True,3.0,0.6794
B02628,P0010,C0097,electrician,2024-07-09 16:41,Tuesday,weekday,16,evening_rush,Kasarani,Parklands,-1.2307,36.90588,-1.254462,36.813503,10.6,Thika Road,4.0,10,12.5,46.3,51.8,7.9,True,4.1,0.887,15,43,840,True,1367,moderate,good,True,4.4,0.7277
B02629,P0037,C0154,cleaner,2024-05-21 16:01,Tuesday,weekday,16,evening_rush,Langata,Lavington,-1.35501,36.742017,-1.277949,36.774784,9.31,Ngong Road,4.0,10,12.5,52.6,56.8,11.7,True,5.0,0.927,5,37,190,True,468,moderate,good,True,4.7,0.761
B02630,P0056,C0491,carpenter,2025-04-26 12:29,Saturday,weekend,12,midday,Spring Valley,Upper Hill,-1.25633,36.750322,-1.297242,36.824461,9.41,Waiyaki Way,1.23,1,40.7,13.6,15.6,11.8,True,4.5,0.829,15,40,600,True,644,good,good,True,3.7,0.9078
B02631,P0035,C0309,technician,2025-03-30 12:26,Sunday,weekend,12,midday,Eastleigh,Muthaiga,-1.266177,36.853074,-1.246888,36.834549,2.97,Jogoo Road,1.13,0,44.2,4.4,4.6,0.8,True,4.3,0.857,3,26,99,True,1339,poor,good,False,,0.7614
B02632,P0142,C0111,plumber,2024-07-02 15:01,Tuesday,weekday,15,early_afternoon,Kasarani,Kikuyu,-1.229622,36.886822,-1.246085,36.669215,24.26,Thika Road,2.18,4,22.9,61.5,54.8,0.5,True,3.3,0.792,9,10,360,True,1064,moderate,poor,False,,0.5974
B02633,P0152,C0184,plumber,2024-06-16 17:35,Sunday,weekend,17,evening_rush,Kilimani,Kitengela,-1.299509,36.788374,-1.464548,36.970259,27.31,Uhuru Highway,2.59,5,19.3,81.3,90.8,11.4,True,3.9,0.983,19,27,1292,False,504,good,poor,True,4.1,0.8493
B02634,P0072,C0066,plumber,2024-11-02 08:52,Saturday,weekend,8,morning_rush,Langata,Kitengela,-1.355719,36.761446,-1.483162,36.967236,26.91,Ngong Road,2.34,4,21.4,75.2,69.6,0.5,True,4.7,0.77,1,21,45,True,1300,moderate,poor,True,4.8,0.8936
B02635,P0187,C0319,technician,2024-03-23 16:31,Saturday,weekend,16,evening_rush,Westlands,Kitengela,-1.2733,36.817332,-1.47866,36.952591,27.34,Waiyaki Way,2.44,5,20.5,88.0,107.3,23.3,False,4.3,0.789,17,39,816,True,794,good,poor,True,4.0,0.5351
B02636,P0109,C0039,cleaner,2024-02-26 14:14,Monday,weekday,14,early_afternoon,Kileleshwa,Industrial Area,-1.273273,36.789956,-1.31709,36.852235,8.47,Uhuru Highway,2.1,4,23.8,18.4,19.4,9.2,True,3.7,0.918,19,42,1368,True,740,good,poor,True,3.6,0.8643
B02637,P0141,C0131,carpenter,2025-04-17 10:10,Thursday,weekday,10,mid_morning,CBD,South C,-1.283127,36.824297,-1.309548,36.799497,4.03,Uhuru Highway,2.25,4,22.2,12.9,15.0,2.3,True,4.7,0.952,6,33,240,False,1049,moderate,moderate,True,4.3,0.9768
B02638,P0067,C0196,carpenter,2024-09-16 18:22,Monday,weekday,18,evening_rush,Runda,Kilimani,-1.203143,36.802115,-1.281853,36.777566,9.17,Kiambu Road,3.27,8,15.3,42.4,43.8,3.8,True,3.2,0.784,16,33,384,True,966,good,good,False,,0.4737
B02639,P0167,C0463,electrician,2024-09-09 16:56,Monday,weekday,16,evening_rush,Muthaiga,Ruiru,-1.239047,36.830687,-1.135245,36.949691,17.56,Forest Road,3.67,9,13.6,71.1,74.5,3.4,True,4.9,0.874,13,24,338,True,561,good,poor,True,4.4,0.8251
B02640,P0042,C0205,electrician,2024-10-17 11:20,Thursday,weekday,11,midday,Runda,Westlands,-1.206172,36.812074,-1.271916,36.809584,7.32,Kiambu Road,1.65,2,30.3,14.1,16.0,4.7,True,3.6,0.884,5,28,395,True,513,good,good,True,3.7,0.9158
B02641,P0117,C0043,technician,2024-12-21 16:15,Saturday,weekend,16,evening_rush,Dagoretti,Kileleshwa,-1.304001,36.758584,-1.267218,36.769721,4.27,Uhuru Highway,2.59,5,19.3,14.0,17.5,7.5,True,4.0,0.833,6,23,468,False,860,poor,good,True,4.4,0.8118
B02642,P0066,C0347,technician,2024-07-12 12:17,Friday,weekday,12,midday,Athi River,Upper Hill,-1.457679,36.988129,-1.305819,36.825705,24.72,Mombasa Road,2.13,4,23.5,67.7,75.8,9.5,True,5.0,0.777,12,37,768,True,1320,poor,good,True,4.9,0.8539
B02643,P0109,C0482,cleaner,2024-01-24 07:17,Wednesday,weekday,7,morning_rush,Kileleshwa,Westlands,-1.273273,36.789956,-1.253546,36.813729,3.43,Uhuru Highway,3.58,9,14.0,15.2,15.5,2.7,True,3.7,0.918,19,42,1368,True,740,good,good,False,,0.5501
B02644,P0178,C0074,electrician,2024-09-13 08:51,Friday,weekday,8,morning_rush,Eastleigh,Westlands,-1.282287,36.844486,-1.268585,36.81893,3.22,Jogoo Road,3.43,8,14.6,14.2,15.0,2.2,True,5.0,0.888,5,35,145,True,859,poor,good,True,5.0,0.8663
B02645,P0138,C0105,cleaner,2025-05-19 08:38,Monday,weekday,8,morning_rush,Ruiru,Kileleshwa,-1.130056,36.960788,-1.283186,36.768307,27.35,Thika Road,4.0,10,12.5,131.8,163.5,36.2,False,4.8,0.815,4,9,276,True,318,poor,good,False,,0.0908
B02646,P0019,C0323,plumber,2024-03-03 09:21,Sunday,weekend,9,mid_morning,Rongai,Athi River,-1.389773,36.75041,-1.452273,36.98172,26.64,Langata Road,1.32,1,37.9,38.1,49.2,12.7,True,4.5,0.728,3,34,171,True,1342,poor,poor,True,4.6,0.8426
B02647,P0188,C0138,electrician,2024-03-07 13:51,Thursday,weekday,13,midday,CBD,CBD,-1.269194,36.829377,-1.289664,36.807738,3.31,Uhuru Highway,1.88,3,26.6,8.8,9.6,8.0,True,4.1,0.944,18,5,918,True,1018,moderate,moderate,False,,0.6749
B02648,P0163,C0357,technician,2024-08-24 12:28,Saturday,weekend,12,midday,Karen,CBD,-1.311594,36.705806,-1.276654,36.814237,12.66,Ngong Road,1.27,1,39.4,18.6,20.4,2.9,True,5.0,0.86,8,36,400,True,1660,good,moderate,True,5.0,1.0
B02649,P0166,C0099,electrician,2025-04-16 10:58,Wednesday,weekday,10,mid_morning,Upper Hill,Dagoretti,-1.284545,36.821501,-1.288135,36.752045,7.73,Uhuru Highway,2.25,4,22.2,21.9,25.5,9.8,True,3.9,0.944,14,36,1022,True,745,good,poor,True,4.4,0.8703
B02650,P0183,C0191,carpenter,2024-03-08 13:51,Friday,weekday,13,midday,Langata,Parklands,-1.346859,36.745886,-1.261001,36.82814,13.22,Ngong Road,1.87,3,26.7,31.2,29.5,5.1,True,3.4,0.755,14,5,322,True,885,moderate,good,True,3.0,0.8204
B02651,P0145,C0337,technician,2024-11-22 12:08,Friday,weekday,12,midday,Runda,Muthaiga,-1.220009,36.806625,-1.245789,36.829615,3.84,Kiambu Road,1.65,2,30.3,8.4,8.0,1.2,True,4.8,0.874,5,22,330,True,1007,good,good,True,5.0,1.0
B02652,P0166,C0421,electrician,2024-07-11 16:47,Thursday,weekday,16,evening_rush,Upper Hill,Kileleshwa,-1.284545,36.821501,-1.280201,36.768729,5.89,Uhuru Highway,4.0,10,12.5,19.0,20.8,2.7,True,3.9,0.944,14,36,1022,True,745,good,good,True,3.4,0.7895
B02653,P0131,C0310,electrician,2024-02-24 16:31,Saturday,weekend,16,evening_rush,CBD,Rongai,-1.273399,36.831477,-1.405758,36.759102,16.77,Uhuru Highway,2.59,5,19.3,46.3,57.1,11.3,True,3.6,0.953,6,12,228,False,594,moderate,poor,True,3.2,0.8201
B02654,P0042,C0215,electrician,2024-02-28 16:15,Wednesday,weekday,16,evening_rush,Runda,Lavington,-1.206172,36.812074,-1.287108,36.763248,10.51,Kiambu Road,3.27,8,15.3,32.3,39.2,8.1,True,3.6,0.884,5,28,395,True,513,good,good,True,3.3,0.7579
B02655,P0040,C0162,plumber,2025-04-09 12:24,Wednesday,weekday,12,midday,Kileleshwa,Kikuyu,-1.285552,36.778547,-1.2376,36.657045,14.52,Uhuru Highway,1.88,3,26.6,32.6,36.4,5.8,True,3.5,0.988,10,38,450,True,1000,good,poor,True,4.4,0.9353
B02656,P0112,C0195,carpenter,2024-03-27 15:41,Wednesday,weekday,15,early_afternoon,Rongai,Runda,-1.407345,36.750173,-1.202766,36.81347,23.81,Langata Road,1.89,3,26.5,51.3,64.5,22.9,False,4.9,0.809,17,40,1190,True,779,poor,good,True,5.0,0.6225
B02657,P0007,C0494,plumber,2025-04-05 11:52,Saturday,weekend,11,midday,Industrial Area,Lavington,-1.295756,36.837346,-1.272372,36.773177,7.59,Mombasa Road,1.39,1,36.0,13.6,13.1,1.5,True,4.8,0.813,3,17,234,True,1096,poor,good,True,4.8,0.9878
B02658,P0155,C0127,plumber,2025-02-20 17:16,Thursday,weekday,17,evening_rush,Parklands,Kileleshwa,-1.259306,36.829537,-1.272809,36.782145,5.48,Forest Road,3.67,9,13.6,25.9,34.4,9.1,True,4.6,0.866,17,44,476,False,863,good,good,False,,0.5086
B02659,P0020,C0139,technician,2024-08-10 16:15,Saturday,weekend,16,evening_rush,Runda,Runda,-1.220161,36.809549,-1.202722,36.8048,2.01,Kiambu Road,2.25,4,22.2,5.9,6.2,9.0,True,4.7,0.833,9,33,594,True,1224,good,good,True,4.6,0.8615
B02660,P0032,C0273,cleaner,2025-05-30 08:34,Friday,weekday,8,morning_rush,Gigiri,Athi River,-1.218323,36.820818,-1.466518,37.004193,34.31,Forest Road,3.15,7,15.9,145.3,125.8,0.7,True,4.8,0.979,15,10,690,False,551,good,poor,False,,0.6867
B02661,P0029,C0351,electrician,2025-04-13 17:06,Sunday,weekend,17,evening_rush,Industrial Area,Gigiri,-1.308364,36.858956,-1.230908,36.803577,10.59,Mombasa Road,3.0,7,16.7,34.9,29.7,7.1,True,5.0,0.886,16,32,1120,True,946,poor,good,True,4.8,0.8588
B02662,P0141,C0209,carpenter,2024-08-18 13:58,Sunday,weekend,13,midday,CBD,South C,-1.283127,36.824297,-1.309504,36.787181,5.06,Uhuru Highway,1.31,1,38.2,7.9,8.8,8.1,True,4.7,0.952,6,33,240,False,1049,moderate,moderate,True,4.7,1.0
B02663,P0017,C0169,carpenter,2025-03-01 07:07,Saturday,weekend,7,morning_rush,Parklands,Langata,-1.265137,36.832357,-1.344115,36.750478,12.65,Forest Road,2.21,4,22.6,30.1,39.2,10.8,True,3.8,0.979,7,16,238,True,1016,good,moderate,True,3.7,0.8777
B02664,P0164,C0046,technician,2024-12-21 11:07,Saturday,weekend,11,midday,South C,Spring Valley,-1.318632,36.781856,-1.267842,36.749703,6.68,Langata Road,1.16,1,43.1,9.3,8.3,8.3,True,4.3,0.755,5,23,280,True,984,moderate,good,True,4.2,0.8955
B02665,P0093,C0466,plumber,2025-05-21 10:26,Wednesday,weekday,10,mid_morning,Roysambu,Dagoretti,-1.2179,36.876935,-1.289227,36.74283,16.89,Thika Road,2.31,4,21.6,43.7,58.8,17.7,False,4.5,0.819,3,37,177,True,646,moderate,poor,True,4.7,0.6172
B02666,P0086,C0399,electrician,2025-06-13 12:55,Friday,weekday,12,midday,Rongai,Ngong,-1.399737,36.737186,-1.360271,36.655674,10.07,Langata Road,1.75,2,28.6,21.1,22.7,3.0,True,4.3,0.749,12,26,612,True,1339,poor,poor,True,4.3,0.8895
B02667,P0070,C0075,carpenter,2024-02-03 12:38,Saturday,weekend,12,midday,Lavington,Ruiru,-1.28849,36.775223,-1.142247,36.956583,25.9,Uhuru Highway,1.31,1,38.2,42.1,52.8,12.8,True,4.0,0.784,12,38,936,True,1077,good,poor,False,,0.5955
B02668,P0058,C0141,electrician,2024-10-11 12:58,Friday,weekday,12,midday,Muthaiga,Langata,-1.257845,36.837065,-1.334182,36.745251,13.28,Forest Road,1.7,2,29.4,28.4,31.9,4.8,True,4.5,0.922,15,44,1140,True,755,good,moderate,True,4.1,0.975
B02669,P0003,C0051,cleaner,2025-03-24 12:35,Monday,weekday,12,midday,Kilimani,Langata,-1.304266,36.787504,-1.349647,36.744124,6.98,Uhuru Highway,1.88,3,26.6,11.6,14.0,2.9,True,5.0,0.846,15,25,390,True,501,good,moderate,True,5.0,0.9634
B02670,P0097,C0497,carpenter,2024-03-30 15:06,Saturday,weekend,15,early_afternoon,Hurlingham,Embakasi,-1.290422,36.794618,-1.319356,36.905366,12.72,Ngong Road,1.37,1,36.5,19.0,18.2,0.4,True,5.0,0.957,16,42,544,True,1011,good,moderate,True,5.0,1.0
B02671,P0057,C0194,electrician,2025-02-25 13:38,Tuesday,weekday,13,midday,Langata,CBD,-1.343355,36.756359,-1.274988,36.829034,11.09,Ngong Road,1.87,3,26.7,27.4,24.0,7.8,True,3.7,0.818,12,12,708,True,655,moderate,moderate,True,3.7,0.8444
B02672,P0027,C0401,technician,2024-07-02 16:05,Tuesday,weekday,16,evening_rush,Muthaiga,Westlands,-1.257454,36.847519,-1.252568,36.809874,4.22,Forest Road,3.67,9,13.6,17.4,16.4,20.6,False,4.8,0.786,13,40,780,True,771,good,good,True,4.8,0.4827
B02673,P0032,C0090,cleaner,2024-04-19 11:56,Friday,weekday,11,midday,Gigiri,Parklands,-1.218323,36.820818,-1.26933,36.823526,5.68,Forest Road,1.7,2,29.4,12.7,11.2,0.0,True,4.8,0.979,15,10,690,False,551,good,good,True,5.0,1.0
B02674,P0135,C0373,electrician,2024-03-20 07:02,Wednesday,weekday,7,morning_rush,Muthaiga,South C,-1.24462,36.826256,-1.313052,36.803938,8.0,Forest Road,3.15,7,15.9,33.1,32.5,7.5,True,3.5,0.821,11,10,242,True,1068,good,moderate,True,4.0,0.736
B02675,P0079,C0302,cleaner,2025-05-22 16:14,Thursday,weekday,16,evening_rush,Kikuyu,Syokimau,-1.261245,36.651334,-1.360066,36.900437,29.79,Waiyaki Way,3.77,9,13.3,168.2,204.1,40.9,False,4.6,0.899,3,9,111,True,889,poor,moderate,True,4.0,0.3521
B02676,P0126,C0049,plumber,2024-11-14 15:13,Thursday,weekday,15,early_afternoon,Syokimau,Industrial Area,-1.384197,36.899152,-1.308923,36.861737,9.35,Mombasa Road,2.13,4,23.5,25.4,23.2,4.0,True,3.8,0.784,1,32,46,True,1101,moderate,poor,False,,0.5933
B02677,P0136,C0179,carpenter,2025-02-11 17:47,Tuesday,weekday,17,evening_rush,Ngong,Upper Hill,-1.343029,36.658549,-1.309542,36.80666,16.88,Ngong Road,4.0,10,12.5,82.6,87.9,7.4,True,4.4,0.783,16,42,912,False,725,poor,good,True,4.2,0.6948
B02678,P0180,C0293,technician,2025-01-25 09:03,Saturday,weekend,9,mid_morning,Upper Hill,South C,-1.303674,36.816618,-1.322714,36.80236,2.64,Uhuru Highway,1.43,1,35.0,4.9,5.8,1.9,True,4.3,0.987,16,44,544,True,1558,good,moderate,True,4.5,1.0
B02679,P0073,C0283,plumber,2024-08-12 15:53,Monday,weekday,15,early_afternoon,Parklands,Upper Hill,-1.265689,36.829151,-1.304441,36.823705,4.35,Forest Road,1.87,3,26.7,7.1,8.7,3.0,True,3.3,0.879,6,40,180,True,1079,good,good,True,3.5,0.8949
B02680,P0070,C0312,carpenter,2024-03-15 17:45,Friday,weekday,17,evening_rush,Lavington,Githurai,-1.28849,36.775223,-1.181304,36.890328,17.49,Uhuru Highway,4.0,10,12.5,89.9,85.2,10.4,True,4.0,0.784,12,38,936,True,1077,good,poor,True,3.9,0.6503
B02681,P0026,C0460,plumber,2024-07-09 15:30,Tuesday,weekday,15,early_afternoon,Kasarani,Kasarani,-1.234607,36.913473,-1.226926,36.906219,1.17,Thika Road,2.18,4,22.9,2.5,2.5,4.5,True,4.6,0.959,10,6,750,True,1116,moderate,moderate,True,4.1,0.9626
B02682,P0013,C0088,electrician,2025-01-25 09:34,Saturday,weekend,9,mid_morning,Kitengela,Kikuyu,-1.481718,36.963337,-1.251358,36.670042,41.46,Mombasa Road,1.59,2,31.4,68.3,73.7,9.1,True,3.9,0.889,8,40,512,True,1036,poor,poor,False,,0.6515
B02683,P0082,C0485,cleaner,2025-04-24 16:05,Thursday,weekday,16,evening_rush,Eastleigh,Muthaiga,-1.282442,36.857907,-1.251257,36.835343,4.28,Jogoo Road,3.57,9,14.0,17.3,23.1,8.5,True,4.6,0.888,3,15,129,False,690,poor,good,False,,0.5326
B02684,P0193,C0200,cleaner,2024-09-22 17:52,Sunday,weekend,17,evening_rush,Industrial Area,Industrial Area,-1.298218,36.849992,-1.318817,36.853396,2.32,Mombasa Road,3.0,7,16.7,7.5,6.9,0.5,True,4.1,0.77,6,25,144,True,807,poor,poor,True,4.1,0.8108
B02685,P0047,C0177,plumber,2025-05-20 09:21,Tuesday,weekday,9,mid_morning,Hurlingham,Kitengela,-1.296707,36.799823,-1.46358,36.972016,26.66,Ngong Road,2.08,4,24.0,63.4,69.1,7.2,True,5.0,0.962,10,7,630,True,956,good,poor,False,,0.7196
B02686,P0190,C0348,technician,2024-09-05 14:01,Thursday,weekday,14,early_afternoon,Ngong,Lavington,-1.349406,36.65827,-1.286976,36.776968,14.91,Ngong Road,2.03,3,24.6,42.8,55.5,13.6,True,3.8,0.809,15,38,465,True,974,poor,good,False,,0.5338
B02687,P0137,C0283,technician,2024-12-11 12:23,Wednesday,weekday,12,midday,South C,Upper Hill,-1.326641,36.801857,-1.304441,36.823705,3.46,Langata Road,1.75,2,28.6,7.5,10.0,3.1,True,4.4,0.817,7,12,462,True,794,moderate,good,True,4.2,0.9277
B02688,P0153,C0452,cleaner,2024-10-14 17:10,Monday,weekday,17,evening_rush,Runda,Syokimau,-1.21906,36.808167,-1.378699,36.900988,20.53,Kiambu Road,3.27,8,15.3,78.4,80.5,4.7,True,3.9,0.781,15,13,1050,True,518,good,moderate,True,4.3,0.7497
B02689,P0104,C0245,cleaner,2024-10-16 11:23,Wednesday,weekday,11,midday,South C,Lavington,-1.317485,36.782226,-1.291629,36.774201,3.01,Langata Road,1.75,2,28.6,6.6,6.4,1.6,True,4.8,0.78,15,40,495,True,849,moderate,good,True,5.0,0.9417
B02690,P0152,C0066,plumber,2024-10-17 08:38,Thursday,weekday,8,morning_rush,Kilimani,Kitengela,-1.299509,36.788374,-1.483162,36.967236,28.5,Uhuru Highway,3.58,9,14.0,115.3,132.5,17.7,False,3.9,0.983,19,27,1292,False,504,good,poor,True,3.6,0.5676
B02691,P0067,C0005,carpenter,2024-01-07 09:43,Sunday,weekend,9,mid_morning,Runda,Karen,-1.203143,36.802115,-1.326896,36.715021,16.83,Kiambu Road,1.11,0,45.0,17.7,19.8,7.1,True,3.2,0.784,16,33,384,True,966,good,good,True,2.9,0.869
B02692,P0176,C0263,electrician,2025-03-22 10:43,Saturday,weekend,10,mid_morning,Lavington,Githurai,-1.274096,36.757864,-1.183339,36.89866,18.62,Uhuru Highway,1.43,1,35.0,28.4,25.7,3.0,True,4.5,0.8,19,13,855,False,1087,good,poor,True,3.7,0.9506
B02693,P0183,C0080,carpenter,2025-05-22 09:22,Thursday,weekday,9,mid_morning,Langata,Syokimau,-1.346859,36.745886,-1.372052,36.902656,17.65,Ngong Road,2.08,4,24.0,41.2,54.5,15.7,False,3.4,0.755,14,5,322,True,885,moderate,moderate,False,,0.3153
B02694,P0169,C0065,cleaner,2025-01-24 13:03,Friday,weekday,13,midday,CBD,Spring Valley,-1.279373,36.828665,-1.264599,36.737827,10.23,Uhuru Highway,1.88,3,26.6,23.3,22.4,1.1,True,5.0,0.778,8,26,192,True,648,moderate,good,False,,0.6944
B02695,P0037,C0194,cleaner,2024-04-19 12:03,Friday,weekday,12,midday,Langata,CBD,-1.35501,36.742017,-1.274988,36.829034,13.14,Ngong Road,1.87,3,26.7,26.4,25.0,5.3,True,5.0,0.927,5,37,190,True,468,moderate,moderate,True,4.7,0.9847
B02696,P0146,C0377,electrician,2024-03-14 08:51,Thursday,weekday,8,morning_rush,Embakasi,Kikuyu,-1.323622,36.89238,-1.256697,36.672563,25.54,Mombasa Road,4.0,10,12.5,96.8,105.5,10.1,True,5.0,0.807,14,19,476,True,630,moderate,poor,True,4.9,0.7143
B02697,P0069,C0028,plumber,2024-01-14 08:15,Sunday,weekend,8,morning_rush,Embakasi,Ruiru,-1.326504,36.886816,-1.14115,36.95002,21.78,Mombasa Road,2.67,6,18.7,66.7,61.3,2.1,True,4.5,0.938,11,8,869,True,873,moderate,poor,False,,0.6779
B02698,P0186,C0328,cleaner,2024-03-26 07:35,Tuesday,weekday,7,morning_rush,Parklands,Eastleigh,-1.259849,36.809984,-1.284459,36.855163,5.72,Forest Road,3.15,7,15.9,19.7,16.9,3.1,True,4.7,0.915,7,22,273,True,678,good,poor,True,5.0,0.8797
B02699,P0095,C0363,plumber,2024-03-04 12:42,Monday,weekday,12,midday,Spring Valley,Industrial Area,-1.277903,36.744602,-1.318814,36.840966,11.64,Waiyaki Way,1.88,3,26.6,24.4,26.7,5.0,True,3.9,0.847,12,33,672,True,967,good,poor,True,3.8,0.8914
B02700,P0200,C0128,electrician,2024-10-06 14:57,Sunday,weekend,14,early_afternoon,Ruiru,CBD,-1.130766,36.953965,-1.278015,36.820597,22.09,Thika Road,1.34,1,37.3,30.9,40.8,11.6,True,5.0,0.729,1,25,67,False,1047,poor,moderate,True,4.7,0.8756
B02701,P0174,C0312,cleaner,2024-11-29 12:29,Friday,weekday,12,midday,Rongai,Githurai,-1.385961,36.747354,-1.181304,36.890328,27.76,Langata Road,1.75,2,28.6,68.8,66.0,5.2,True,3.9,0.87,15,26,705,True,624,poor,poor,False,,0.6617
B02702,P0108,C0362,cleaner,2024-12-07 09:51,Saturday,weekend,9,mid_morning,Ruiru,Westlands,-1.133647,36.975468,-1.272629,36.800067,24.88,Thika Road,1.44,1,34.7,57.3,49.5,0.1,True,4.8,0.739,4,44,244,True,407,poor,good,True,5.0,0.9585
B02703,P0118,C0094,cleaner,2025-03-04 14:43,Tuesday,weekday,14,early_afternoon,Syokimau,Dagoretti,-1.375522,36.898831,-1.30353,36.736951,19.7,Mombasa Road,2.13,4,23.5,64.8,65.0,2.9,True,4.0,0.883,12,22,552,True,781,moderate,poor,True,4.1,0.9119
B02704,P0113,C0182,carpenter,2024-04-09 11:07,Tuesday,weekday,11,midday,Eastleigh,Hurlingham,-1.285759,36.862408,-1.291751,36.789707,8.11,Jogoo Road,1.71,2,29.2,18.4,19.4,3.9,True,4.9,0.731,9,21,279,True,540,poor,good,True,5.0,0.9062
B02705,P0120,C0258,plumber,2025-04-14 12:38,Monday,weekday,12,midday,Industrial Area,Embakasi,-1.305578,36.856668,-1.321308,36.898818,5.0,Mombasa Road,2.13,4,23.5,12.4,12.5,1.4,True,4.4,0.869,14,27,924,True,731,poor,moderate,False,,0.6874
B02706,P0074,C0142,cleaner,2025-05-17 16:25,Saturday,weekend,16,evening_rush,Hurlingham,Gigiri,-1.307168,36.802508,-1.212641,36.816808,10.63,Ngong Road,2.6,5,19.2,37.2,36.3,5.9,True,5.0,0.97,14,9,644,True,816,good,good,True,4.4,0.9428
B02707,P0110,C0267,electrician,2024-02-12 10:22,Monday,weekday,10,mid_morning,Kasarani,Rongai,-1.213002,36.900337,-1.388463,36.736469,26.69,Thika Road,2.31,4,21.6,52.4,68.7,16.4,False,3.4,0.852,14,29,1050,True,1119,moderate,poor,True,2.9,0.5895
B02708,P0184,C0452,plumber,2024-09-03 15:36,Tuesday,weekday,15,early_afternoon,Rongai,Syokimau,-1.407716,36.7524,-1.378699,36.900988,16.83,Langata Road,1.89,3,26.5,42.4,42.4,0.7,True,4.7,0.748,2,5,54,False,1313,poor,moderate,False,,0.667
B02709,P0059,C0157,cleaner,2025-02-21 15:06,Friday,weekday,15,early_afternoon,Ruiru,Spring Valley,-1.15681,36.947432,-1.275302,36.747834,25.81,Thika Road,2.18,4,22.9,67.2,86.7,19.9,False,4.4,0.818,7,42,182,True,321,poor,good,False,,0.3538
B02710,P0163,C0440,technician,2024-09-13 11:20,Friday,weekday,11,midday,Karen,South B,-1.311594,36.705806,-1.319957,36.816344,12.32,Ngong Road,1.87,3,26.7,31.3,38.1,11.9,True,5.0,0.86,8,36,400,True,1660,good,moderate,True,4.7,0.8962
B02711,P0023,C0486,plumber,2024-03-05 14:37,Tuesday,weekday,14,early_afternoon,Runda,Roysambu,-1.20871,36.820684,-1.219694,36.863585,4.92,Kiambu Road,1.64,2,30.5,8.6,10.4,3.1,True,3.8,0.977,7,10,539,True,894,good,moderate,True,3.7,0.9865
B02712,P0079,C0209,cleaner,2025-06-20 11:19,Friday,weekday,11,midday,Kikuyu,South C,-1.261245,36.651334,-1.309504,36.787181,16.03,Waiyaki Way,1.88,3,26.6,40.3,36.5,2.8,True,4.6,0.899,3,9,111,True,889,poor,moderate,True,4.7,0.9708
B02713,P0198,C0161,cleaner,2024-09-06 17:42,Friday,weekday,17,evening_rush,Ngong,Karen,-1.366998,36.657289,-1.318661,36.710683,8.01,Ngong Road,4.0,10,12.5,40.8,50.7,11.9,True,4.7,0.916,6,42,216,True,519,poor,good,False,,0.4888
B02714,P0024,C0325,cleaner,2025-03-19 18:05,Wednesday,weekday,18,evening_rush,Langata,Roysambu,-1.334684,36.751712,-1.203947,36.870637,19.65,Ngong Road,4.0,10,12.5,66.6,84.5,18.4,False,4.2,0.957,7,5,462,False,870,moderate,moderate,True,4.8,0.5302
B02715,P0021,C0040,technician,2025-05-16 09:02,Friday,weekday,9,mid_morning,Kasarani,Kikuyu,-1.234208,36.887013,-1.240763,36.66422,24.78,Thika Road,2.31,4,21.6,71.0,62.5,1.5,True,4.3,0.918,11,35,693,True,1319,moderate,poor,True,4.9,0.9417
B02716,P0187,C0123,technician,2025-03-17 15:05,Monday,weekday,15,early_afternoon,Westlands,Kikuyu,-1.2733,36.817332,-1.246299,36.666144,17.07,Waiyaki Way,1.95,3,25.6,34.9,41.4,8.5,True,4.3,0.789,17,39,816,True,794,good,poor,True,4.5,0.8477
B02717,P0024,C0085,cleaner,2024-01-22 16:29,Monday,weekday,16,evening_rush,Langata,Athi River,-1.334684,36.751712,-1.457421,36.983527,29.16,Ngong Road,4.0,10,12.5,161.9,209.4,50.7,False,4.2,0.957,7,5,462,False,870,moderate,poor,False,,0.0335
B02718,P0148,C0030,technician,2024-10-28 12:24,Monday,weekday,12,midday,Kileleshwa,Kitengela,-1.273235,36.790198,-1.483851,36.955822,29.79,Uhuru Highway,1.88,3,26.6,75.7,75.5,0.9,True,3.3,0.88,7,23,329,True,1141,good,poor,True,3.1,0.9121
B02719,P0022,C0381,electrician,2024-04-13 12:12,Saturday,weekend,12,midday,Langata,Parklands,-1.337324,36.740716,-1.269759,36.82673,12.16,Ngong Road,1.27,1,39.4,17.4,16.5,0.1,True,4.9,0.913,14,13,350,True,1171,moderate,good,True,4.9,1.0
B02720,P0074,C0284,cleaner,2024-08-16 15:06,Friday,weekday,15,early_afternoon,Hurlingham,Hurlingham,-1.307168,36.802508,-1.293287,36.807185,1.63,Ngong Road,2.03,3,24.6,4.2,5.4,10.3,True,5.0,0.97,14,9,644,True,816,good,good,True,4.7,0.9518
B02721,P0127,C0414,technician,2024-06-20 10:12,Thursday,weekday,10,mid_morning,Lavington,Kitengela,-1.28395,36.781169,-1.463799,36.971686,29.13,Uhuru Highway,2.25,4,22.2,80.9,90.4,11.8,True,4.0,0.82,19,24,969,True,1214,good,poor,True,4.3,0.7967
B02722,P0003,C0493,cleaner,2025-03-10 10:18,Monday,weekday,10,mid_morning,Kilimani,Parklands,-1.304266,36.787504,-1.254256,36.812647,6.22,Uhuru Highway,2.25,4,22.2,17.8,17.3,0.0,True,5.0,0.846,15,25,390,True,501,good,good,True,5.0,0.958
B02723,P0109,C0347,cleaner,2025-04-05 14:05,Saturday,weekend,14,early_afternoon,Kileleshwa,Upper Hill,-1.273273,36.789956,-1.305819,36.825705,5.37,Uhuru Highway,1.35,1,37.0,7.5,6.8,2.2,True,3.7,0.918,19,42,1368,True,740,good,good,True,3.4,0.9827
B02724,P0131,C0478,electrician,2024-03-19 14:03,Tuesday,weekday,14,early_afternoon,CBD,Ruiru,-1.273399,36.831477,-1.156885,36.964677,19.68,Uhuru Highway,2.1,4,23.8,59.5,61.2,12.6,True,3.6,0.953,6,12,228,False,594,moderate,poor,True,3.7,0.8485
B02725,P0188,C0070,electrician,2025-05-22 07:47,Thursday,weekday,7,morning_rush,CBD,Spring Valley,-1.269194,36.829377,-1.27041,36.756248,8.13,Uhuru Highway,3.58,9,14.0,30.2,37.8,7.8,True,4.1,0.944,18,5,918,True,1018,moderate,good,False,,0.5406
B02726,P0123,C0255,technician,2024-01-18 13:16,Thursday,weekday,13,midday,South C,Westlands,-1.304593,36.805869,-1.264493,36.815434,4.58,Langata Road,1.75,2,28.6,8.3,10.1,2.4,True,4.0,0.913,17,10,901,False,888,moderate,good,True,4.5,0.9615
B02727,P0132,C0351,electrician,2025-06-01 10:09,Sunday,weekend,10,mid_morning,South B,Gigiri,-1.312355,36.821388,-1.230908,36.803577,9.27,Uhuru Highway,1.43,1,35.0,14.0,16.5,2.9,True,5.0,0.865,17,36,1275,True,888,moderate,good,True,5.0,1.0
B02728,P0174,C0455,cleaner,2024-09-02 08:11,Monday,weekday,8,morning_rush,Rongai,Ngong,-1.385961,36.747354,-1.36245,36.652023,10.91,Langata Road,3.3,8,15.2,45.1,52.4,7.5,True,3.9,0.87,15,26,705,True,624,poor,poor,False,,0.5185
B02729,P0137,C0358,technician,2024-01-01 16:36,Monday,weekday,16,evening_rush,South C,Embakasi,-1.326641,36.801857,-1.327547,36.912204,12.27,Langata Road,3.58,9,14.0,57.6,53.6,2.6,True,4.4,0.817,7,12,462,True,794,moderate,moderate,False,,0.5354
B02730,P0032,C0208,cleaner,2025-03-13 16:32,Thursday,weekday,16,evening_rush,Gigiri,Githurai,-1.218323,36.820818,-1.190049,36.909318,10.33,Forest Road,3.67,9,13.6,42.8,37.0,0.9,True,4.8,0.979,15,10,690,False,551,good,poor,True,4.2,0.8934
B02731,P0004,C0316,cleaner,2024-08-10 09:07,Saturday,weekend,9,mid_morning,Eastleigh,Langata,-1.271819,36.862837,-1.340185,36.758356,13.88,Jogoo Road,1.28,1,39.1,21.0,24.8,8.7,True,4.8,0.736,8,7,280,True,391,poor,moderate,False,,0.6481
B02732,P0049,C0467,technician,2025-03-02 10:33,Sunday,weekend,10,mid_morning,Kasarani,Langata,-1.213738,36.911241,-1.333998,36.746141,22.71,Thika Road,1.44,1,34.7,42.0,49.0,7.3,True,4.1,0.836,17,7,1343,True,866,moderate,moderate,False,,0.662
B02733,P0191,C0004,plumber,2024-07-05 10:19,Friday,weekday,10,mid_morning,Athi River,Syokimau,-1.458754,37.004152,-1.375166,36.889046,15.81,Mombasa Road,2.25,4,22.2,46.5,56.2,10.0,True,3.9,0.908,19,25,570,True,588,poor,moderate,True,4.0,0.8507
B02734,P0183,C0218,carpenter,2024-05-29 11:01,Wednesday,weekday,11,midday,Langata,Upper Hill,-1.346859,36.745886,-1.290921,36.811727,9.61,Ngong Road,1.87,3,26.7,19.1,21.6,6.0,True,3.4,0.755,14,5,322,True,885,moderate,good,True,3.5,0.8129
B02735,P0180,C0274,technician,2025-04-08 13:36,Tuesday,weekday,13,midday,Upper Hill,Roysambu,-1.303674,36.816618,-1.219255,36.863417,10.73,Uhuru Highway,1.88,3,26.6,26.2,30.4,4.9,True,4.3,0.987,16,44,544,True,1558,good,moderate,True,4.0,0.9823
B02736,P0192,C0177,carpenter,2024-03-03 10:19,Sunday,weekend,10,mid_morning,Ruiru,Kitengela,-1.139674,36.956392,-1.46358,36.972016,36.06,Thika Road,1.44,1,34.7,49.4,65.1,19.8,False,4.1,0.856,5,15,135,True,760,poor,poor,True,4.5,0.6678
B02737,P0063,C0379,cleaner,2024-02-21 14:54,Wednesday,weekday,14,early_afternoon,Roysambu,South B,-1.223879,36.861046,-1.308222,36.819901,10.43,Thika Road,2.18,4,22.9,25.9,33.1,15.6,False,4.0,0.76,7,24,231,True,726,moderate,moderate,False,,0.3406
B02738,P0170,C0487,carpenter,2025-03-14 07:07,Friday,weekday,7,morning_rush,South B,Dagoretti,-1.325679,36.811506,-1.292475,36.736769,9.09,Uhuru Highway,3.58,9,14.0,38.7,51.6,23.3,False,4.1,0.823,13,22,572,True,736,moderate,poor,True,3.7,0.4509
B02739,P0136,C0351,carpenter,2024-02-26 17:57,Monday,weekday,17,evening_rush,Ngong,Gigiri,-1.343029,36.658549,-1.230908,36.803577,20.38,Ngong Road,4.0,10,12.5,99.4,109.3,12.3,True,4.4,0.783,16,42,912,False,725,poor,good,False,,0.404
B02740,P0156,C0022,electrician,2025-02-01 09:40,Saturday,weekend,9,mid_morning,Muthaiga,Kitengela,-1.236172,36.844282,-1.462421,36.971485,28.86,Forest Road,1.21,1,41.3,47.2,45.2,1.8,True,4.2,0.819,19,21,475,True,963,good,poor,True,3.7,0.9727
B02741,P0156,C0230,electrician,2024-06-02 08:12,Sunday,weekend,8,morning_rush,Muthaiga,Kasarani,-1.236172,36.844282,-1.218038,36.90268,6.8,Forest Road,2.21,4,22.6,17.6,22.9,7.5,True,4.2,0.819,19,21,475,True,963,good,moderate,True,4.6,0.8452
B02742,P0044,C0346,plumber,2025-06-14 12:14,Saturday,weekend,12,midday,Eastleigh,Eastleigh,-1.286651,36.848557,-1.270576,36.847555,1.79,Jogoo Road,1.13,0,44.2,2.7,2.4,3.4,True,4.5,0.889,17,28,646,True,806,poor,poor,False,,0.7658
B02743,P0196,C0269,technician,2025-02-09 15:32,Sunday,weekend,15,early_afternoon,Kasarani,South B,-1.219995,36.884155,-1.327656,36.815103,14.22,Thika Road,1.34,1,37.3,27.6,27.5,1.4,True,3.4,0.833,3,23,120,False,1053,moderate,moderate,True,3.4,0.9326
B02744,P0058,C0090,electrician,2024-04-17 09:25,Wednesday,weekday,9,mid_morning,Muthaiga,Parklands,-1.257845,36.837065,-1.26933,36.823526,1.97,Forest Road,1.91,3,26.2,4.8,4.3,1.3,True,4.5,0.922,15,44,1140,True,755,good,good,True,4.4,0.9874
B02745,P0020,C0188,technician,2024-07-01 11:33,Monday,weekday,11,midday,Runda,Lavington,-1.220161,36.809549,-1.281182,36.781206,7.48,Kiambu Road,1.65,2,30.3,15.3,18.2,3.8,True,4.7,0.833,9,33,594,True,1224,good,good,True,4.3,0.9528
B02746,P0035,C0264,technician,2024-02-07 12:26,Wednesday,weekday,12,midday,Eastleigh,South C,-1.266177,36.853074,-1.31951,36.793146,8.92,Jogoo Road,1.71,2,29.2,21.8,26.0,6.2,True,4.3,0.857,3,26,99,True,1339,poor,moderate,True,3.8,0.92
B02747,P0091,C0488,cleaner,2024-05-03 10:18,Friday,weekday,10,mid_morning,Syokimau,Embakasi,-1.368545,36.906893,-1.320337,36.892245,5.6,Mombasa Road,2.25,4,22.2,14.4,16.7,9.1,True,4.8,0.949,9,33,459,False,743,moderate,moderate,True,4.5,0.9237
B02748,P0014,C0217,electrician,2025-02-18 14:36,Tuesday,weekday,14,early_afternoon,Embakasi,Ngong,-1.309393,36.91238,-1.368109,36.663556,28.42,Mombasa Road,2.13,4,23.5,64.5,72.2,13.3,True,3.4,0.925,19,9,836,True,551,moderate,poor,True,4.0,0.8163
B02749,P0127,C0195,technician,2024-06-22 11:42,Saturday,weekend,11,midday,Lavington,Runda,-1.28395,36.781169,-1.202766,36.81347,9.72,Uhuru Highway,1.31,1,38.2,12.5,11.3,5.1,True,4.0,0.82,19,24,969,True,1214,good,good,False,,0.6777
B02750,P0044,C0192,plumber,2024-05-01 16:08,Wednesday,weekday,16,evening_rush,Eastleigh,Parklands,-1.286651,36.848557,-1.25749,36.816885,4.79,Jogoo Road,3.57,9,14.0,15.0,18.2,4.8,True,4.5,0.889,17,28,646,True,806,poor,good,True,4.1,0.8089
B02751,P0029,C0174,electrician,2024-05-10 08:34,Friday,weekday,8,morning_rush,Industrial Area,Westlands,-1.308364,36.858956,-1.265943,36.814024,6.87,Mombasa Road,4.0,10,12.5,31.1,40.2,11.0,True,5.0,0.886,16,32,1120,True,946,poor,good,False,,0.4963
B02752,P0174,C0128,cleaner,2024-10-23 14:55,Wednesday,weekday,14,early_afternoon,Rongai,CBD,-1.385961,36.747354,-1.278015,36.820597,14.5,Langata Road,1.89,3,26.5,37.4,43.3,8.6,True,3.9,0.87,15,26,705,True,624,poor,moderate,True,3.3,0.8721
B02753,P0139,C0436,technician,2024-07-01 16:29,Monday,weekday,16,evening_rush,Parklands,Runda,-1.251758,36.82097,-1.222057,36.81757,3.32,Forest Road,3.67,9,13.6,15.6,16.6,1.1,True,4.2,0.905,10,14,480,True,1333,good,good,True,4.2,0.8247
B02754,P0197,C0440,plumber,2025-01-07 08:50,Tuesday,weekday,8,morning_rush,Githurai,South B,-1.184159,36.908215,-1.319957,36.816344,18.23,Thika Road,4.0,10,12.5,79.9,79.1,1.2,True,3.9,0.731,13,8,650,True,1250,poor,moderate,True,4.2,0.6955
B02755,P0031,C0149,carpenter,2024-03-12 16:38,Tuesday,weekday,16,evening_rush,Gigiri,Kileleshwa,-1.208399,36.806357,-1.281214,36.788179,8.35,Forest Road,3.67,9,13.6,30.8,32.3,2.1,True,3.1,0.929,2,21,112,False,546,good,good,True,2.6,0.7734
B02756,P0077,C0248,carpenter,2024-08-19 17:14,Monday,weekday,17,evening_rush,Kileleshwa,Ngong,-1.283737,36.770673,-1.347442,36.666844,13.54,Uhuru Highway,4.0,10,12.5,61.9,72.3,11.4,True,4.7,0.801,1,23,40,True,622,good,poor,True,4.8,0.6855
B02757,P0076,C0136,plumber,2024-01-23 16:15,Tuesday,weekday,16,evening_rush,Syokimau,Rongai,-1.380514,36.905837,-1.409591,36.739032,18.82,Mombasa Road,4.0,10,12.5,92.9,113.4,21.1,False,4.4,0.791,8,23,400,False,839,moderate,poor,True,3.9,0.4347
B02758,P0055,C0002,carpenter,2024-10-25 13:43,Friday,weekday,13,midday,CBD,Muthaiga,-1.285689,36.830976,-1.253692,36.843731,3.83,Uhuru Highway,1.88,3,26.6,9.7,10.9,9.6,True,3.3,0.754,2,17,82,True,674,moderate,good,True,3.3,0.7766
B02759,P0189,C0324,carpenter,2024-05-26 15:58,Sunday,weekend,15,early_afternoon,CBD,Kikuyu,-1.281145,36.806807,-1.245147,36.659313,16.88,Uhuru Highway,1.35,1,37.0,23.9,23.6,2.3,True,4.4,0.928,5,7,390,True,733,moderate,poor,True,4.0,1.0
B02760,P0146,C0202,electrician,2025-02-20 16:03,Thursday,weekday,16,evening_rush,Embakasi,Ngong,-1.323622,36.89238,-1.357075,36.664168,25.64,Mombasa Road,4.0,10,12.5,147.8,180.9,43.8,False,5.0,0.807,14,19,476,True,630,moderate,poor,False,,0.0335
B02761,P0056,C0473,carpenter,2025-04-12 07:03,Saturday,weekend,7,morning_rush,Spring Valley,Kitengela,-1.25633,36.750322,-1.468293,36.954207,32.7,Waiyaki Way,2.2,4,22.7,95.6,101.4,8.0,True,4.5,0.829,15,40,600,True,644,good,poor,True,4.3,0.8618
B02762,P0079,C0476,cleaner,2024-02-26 16:48,Monday,weekday,16,evening_rush,Kikuyu,Industrial Area,-1.261245,36.651334,-1.303291,36.857799,23.42,Waiyaki Way,3.77,9,13.3,104.5,120.4,22.1,False,4.6,0.899,3,9,111,True,889,poor,poor,True,4.9,0.5087
B02763,P0165,C0264,cleaner,2025-02-09 17:29,Sunday,weekend,17,evening_rush,Ngong,South C,-1.345402,36.669582,-1.31951,36.793146,14.03,Ngong Road,2.6,5,19.2,46.2,45.7,1.3,True,5.0,0.908,7,20,490,False,515,poor,moderate,False,,0.7002
B02764,P0010,C0479,electrician,2025-01-05 07:50,Sunday,weekend,7,morning_rush,Kasarani,CBD,-1.2307,36.90588,-1.281689,36.817117,11.38,Thika Road,2.55,5,19.6,32.5,41.9,13.2,True,4.1,0.887,15,43,840,True,1367,moderate,moderate,True,3.9,0.7995
B02765,P0119,C0457,plumber,2024-08-11 09:58,Sunday,weekend,9,mid_morning,Parklands,Ruiru,-1.278361,36.811882,-1.14259,36.955537,21.98,Forest Road,1.21,1,41.3,35.6,32.5,5.1,True,4.6,0.896,19,19,1026,True,1373,good,poor,True,4.0,1.0
B02766,P0159,C0435,plumber,2024-06-05 07:09,Wednesday,weekday,7,morning_rush,Eastleigh,Langata,-1.276563,36.8629,-1.353284,36.747774,15.38,Jogoo Road,3.43,8,14.6,63.1,80.7,18.1,False,4.0,0.737,17,35,884,True,1202,poor,moderate,False,,0.2083
B02767,P0125,C0030,carpenter,2024-09-15 07:23,Sunday,weekend,7,morning_rush,CBD,Kitengela,-1.289186,36.82843,-1.483851,36.955822,25.87,Uhuru Highway,2.53,5,19.8,75.5,88.5,13.6,True,4.2,0.775,18,40,810,False,627,moderate,poor,True,4.3,0.7468
B02768,P0092,C0004,electrician,2025-06-20 16:02,Friday,weekday,16,evening_rush,Parklands,Syokimau,-1.278448,36.826925,-1.375166,36.889046,12.78,Forest Road,3.67,9,13.6,59.9,54.9,1.0,True,5.0,0.852,10,30,310,True,1196,good,moderate,False,,0.5891
B02769,P0158,C0236,technician,2025-03-11 10:40,Tuesday,weekday,10,mid_morning,Kileleshwa,Kasarani,-1.28297,36.766616,-1.226287,36.902066,16.32,Uhuru Highway,2.25,4,22.2,43.2,51.9,10.7,True,4.5,0.824,2,20,58,True,897,good,moderate,True,5.0,0.8328
B02770,P0085,C0153,carpenter,2024-08-05 11:37,Monday,weekday,11,midday,Dagoretti,Kikuyu,-1.279595,36.742246,-1.238478,36.67186,9.06,Uhuru Highway,1.88,3,26.6,20.8,21.8,4.3,True,3.9,0.754,16,11,1232,False,495,poor,poor,True,3.1,0.8508
B02771,P0091,C0055,cleaner,2024-09-22 09:47,Sunday,weekend,9,mid_morning,Syokimau,Kitengela,-1.368545,36.906893,-1.483943,36.971996,14.73,Mombasa Road,1.59,2,31.4,29.7,36.1,15.8,False,4.8,0.949,9,33,459,False,743,moderate,poor,True,4.6,0.7706
B02772,P0002,C0180,technician,2024-03-06 15:30,Wednesday,weekday,15,early_afternoon,Langata,Embakasi,-1.330429,36.75935,-1.326119,36.904285,16.12,Ngong Road,2.03,3,24.6,36.8,45.3,9.1,True,4.4,0.947,13,12,481,False,958,moderate,moderate,True,3.8,0.9203
B02773,P0185,C0096,electrician,2024-11-22 11:47,Friday,weekday,11,midday,Githurai,Kilimani,-1.195468,36.886679,-1.285007,36.779834,15.5,Thika Road,2.09,4,23.9,35.4,31.6,3.4,True,4.1,0.814,3,27,189,True,800,poor,good,True,4.1,0.8815
B02774,P0103,C0182,cleaner,2024-10-15 12:10,Tuesday,weekday,12,midday,Lavington,Hurlingham,-1.2836,36.766546,-1.291751,36.789707,2.73,Uhuru Highway,1.88,3,26.6,4.7,5.8,3.4,True,3.3,0.854,4,17,180,True,799,good,good,True,3.2,0.8783
B02775,P0003,C0052,cleaner,2025-03-13 16:40,Thursday,weekday,16,evening_rush,Kilimani,Roysambu,-1.304266,36.787504,-1.212312,36.864461,13.33,Uhuru Highway,4.0,10,12.5,74.1,86.3,14.5,True,5.0,0.846,15,25,390,True,501,good,moderate,True,5.0,0.6972
B02776,P0111,C0252,technician,2024-09-21 08:58,Saturday,weekend,8,morning_rush,Ngong,Langata,-1.371368,36.653568,-1.334259,36.759138,12.44,Ngong Road,2.34,4,21.4,33.6,31.5,8.7,True,3.7,0.776,3,23,129,True,1613,poor,moderate,True,4.5,0.7783
B02777,P0051,C0044,technician,2025-06-17 13:43,Tuesday,weekday,13,midday,Eastleigh,Eastleigh,-1.269481,36.837488,-1.280595,36.85551,2.35,Jogoo Road,1.71,2,29.2,5.4,6.7,6.3,True,3.2,0.841,8,14,544,False,1742,poor,poor,True,3.3,0.8562
B02778,P0136,C0264,carpenter,2024-02-02 16:20,Friday,weekday,16,evening_rush,Ngong,South C,-1.343029,36.658549,-1.31951,36.793146,15.19,Ngong Road,4.0,10,12.5,69.8,68.8,3.6,True,4.4,0.783,16,42,912,False,725,poor,moderate,True,4.4,0.7265
B02779,P0040,C0211,plumber,2024-08-25 15:27,Sunday,weekend,15,early_afternoon,Kileleshwa,Karen,-1.285552,36.778547,-1.31517,36.711486,8.15,Uhuru Highway,1.35,1,37.0,12.6,12.6,2.4,True,3.5,0.988,10,38,450,True,1000,good,good,True,3.8,1.0
B02780,P0032,C0468,cleaner,2024-11-22 16:40,Friday,weekday,16,evening_rush,Gigiri,Gigiri,-1.218323,36.820818,-1.221544,36.805428,1.75,Forest Road,3.67,9,13.6,7.7,8.8,1.8,True,4.8,0.979,15,10,690,False,551,good,good,True,4.6,0.8859
B02781,P0125,C0004,carpenter,2024-11-14 10:27,Thursday,weekday,10,mid_morning,CBD,Syokimau,-1.289186,36.82843,-1.375166,36.889046,11.7,Uhuru Highway,2.25,4,22.2,24.6,25.8,3.4,True,4.2,0.775,18,40,810,False,627,moderate,moderate,True,3.8,0.8542
B02782,P0040,C0394,plumber,2024-12-04 12:32,Wednesday,weekday,12,midday,Kileleshwa,Embakasi,-1.285552,36.778547,-1.320358,36.911613,15.29,Uhuru Highway,1.88,3,26.6,29.3,25.7,1.4,True,3.5,0.988,10,38,450,True,1000,good,moderate,True,3.1,0.9719
B02783,P0169,C0129,cleaner,2024-03-10 11:15,Sunday,weekend,11,midday,CBD,Eastleigh,-1.279373,36.828665,-1.271806,36.8525,2.78,Uhuru Highway,1.31,1,38.2,4.4,4.0,1.4,True,5.0,0.778,8,26,192,True,648,moderate,poor,True,5.0,0.9875
B02784,P0058,C0241,electrician,2024-09-21 12:27,Saturday,weekend,12,midday,Muthaiga,Kikuyu,-1.257845,36.837065,-1.240339,36.652003,20.66,Forest Road,1.04,0,48.1,25.9,32.7,7.2,True,4.5,0.922,15,44,1140,True,755,good,poor,True,4.6,1.0
B02785,P0102,C0192,plumber,2025-03-19 16:45,Wednesday,weekday,16,evening_rush,CBD,Parklands,-1.28875,36.816036,-1.25749,36.816885,3.48,Uhuru Highway,4.0,10,12.5,16.1,20.3,7.1,True,4.6,0.858,14,44,294,False,585,moderate,good,True,4.1,0.7448
B02786,P0077,C0187,carpenter,2024-01-11 08:10,Thursday,weekday,8,morning_rush,Kileleshwa,Kitengela,-1.283737,36.770673,-1.479275,36.954992,29.88,Uhuru Highway,3.58,9,14.0,122.5,143.5,22.7,False,4.7,0.801,1,23,40,True,622,good,poor,False,,0.2249
B02787,P0110,C0457,electrician,2024-09-25 07:07,Wednesday,weekday,7,morning_rush,Kasarani,Ruiru,-1.213002,36.900337,-1.14259,36.955537,9.95,Thika Road,4.0,10,12.5,43.7,51.3,8.3,True,3.4,0.852,14,29,1050,True,1119,moderate,poor,True,3.4,0.6718
B02788,P0047,C0275,plumber,2025-05-12 14:33,Monday,weekday,14,early_afternoon,Hurlingham,Lavington,-1.296707,36.799823,-1.278276,36.774547,3.48,Ngong Road,2.03,3,24.6,7.7,7.3,11.7,True,5.0,0.962,10,7,630,True,956,good,good,True,4.2,0.9361
B02789,P0069,C0056,plumber,2024-05-16 14:10,Thursday,weekday,14,early_afternoon,Embakasi,Hurlingham,-1.326504,36.886816,-1.28927,36.786475,11.9,Mombasa Road,2.13,4,23.5,26.8,34.4,14.9,True,4.5,0.938,11,8,869,True,873,moderate,good,True,4.8,0.8644
B02790,P0113,C0337,carpenter,2024-02-18 12:32,Sunday,weekend,12,midday,Eastleigh,Muthaiga,-1.285759,36.862408,-1.245789,36.829615,5.75,Jogoo Road,1.13,0,44.2,9.3,10.6,1.3,True,4.9,0.731,9,21,279,True,540,poor,good,False,,0.7243
B02791,P0113,C0083,carpenter,2024-01-07 07:54,Sunday,weekend,7,morning_rush,Eastleigh,Westlands,-1.285759,36.862408,-1.271411,36.813938,5.62,Jogoo Road,2.17,4,23.0,14.6,15.4,1.5,True,4.9,0.731,9,21,279,True,540,poor,good,True,5.0,0.8894
B02792,P0036,C0182,electrician,2024-05-16 13:49,Thursday,weekday,13,midday,Syokimau,Hurlingham,-1.369792,36.909296,-1.291751,36.789707,15.88,Mombasa Road,2.13,4,23.5,39.0,39.2,1.2,True,5.0,0.905,9,25,693,False,1058,moderate,good,True,5.0,0.9871
B02793,P0192,C0223,carpenter,2025-03-15 12:08,Saturday,weekend,12,midday,Ruiru,Syokimau,-1.139674,36.956392,-1.378043,36.901011,27.21,Thika Road,1.35,1,37.0,38.5,49.1,15.2,False,4.1,0.856,5,15,135,True,760,poor,moderate,True,3.4,0.7133
B02794,P0002,C0184,technician,2024-07-27 12:30,Saturday,weekend,12,midday,Langata,Kitengela,-1.330429,36.75935,-1.464548,36.970259,27.79,Ngong Road,1.27,1,39.4,43.0,42.2,0.6,True,4.4,0.947,13,12,481,False,958,moderate,poor,True,4.6,1.0
B02795,P0182,C0102,electrician,2025-06-20 10:15,Friday,weekday,10,mid_morning,Athi River,Eastleigh,-1.450424,36.986851,-1.28078,36.848361,24.35,Mombasa Road,2.25,4,22.2,69.2,87.3,29.2,False,4.0,0.826,17,35,442,True,676,poor,poor,False,,0.2547
B02796,P0029,C0098,electrician,2024-12-30 11:19,Monday,weekday,11,midday,Industrial Area,Githurai,-1.308364,36.858956,-1.197958,36.899764,13.09,Mombasa Road,2.13,4,23.5,38.1,46.0,12.7,True,5.0,0.886,16,32,1120,True,946,poor,poor,True,4.9,0.8818
B02797,P0073,C0021,plumber,2024-10-07 07:23,Monday,weekday,7,morning_rush,Parklands,Kasarani,-1.265689,36.829151,-1.234195,36.891351,7.75,Forest Road,3.15,7,15.9,27.4,34.4,8.3,True,3.3,0.879,6,40,180,True,1079,good,moderate,True,2.9,0.7483
B02798,P0035,C0203,technician,2025-04-15 11:36,Tuesday,weekday,11,midday,Eastleigh,Kilimani,-1.266177,36.853074,-1.292769,36.787728,7.84,Jogoo Road,1.71,2,29.2,17.1,17.0,2.0,True,4.3,0.857,3,26,99,True,1339,poor,good,True,4.1,0.955
B02799,P0108,C0381,cleaner,2024-03-20 13:36,Wednesday,weekday,13,midday,Ruiru,Parklands,-1.133647,36.975468,-1.269759,36.82673,22.42,Thika Road,2.09,4,23.9,63.3,67.2,4.7,True,4.8,0.739,4,44,244,True,407,poor,good,False,,0.6181
B02800,P0085,C0462,carpenter,2025-01-03 13:32,Friday,weekday,13,midday,Dagoretti,South B,-1.279595,36.742246,-1.306719,36.828675,10.07,Uhuru Highway,1.88,3,26.6,19.6,25.9,6.7,True,3.9,0.754,16,11,1232,False,495,poor,moderate,True,4.4,0.8308
B02801,P0009,C0083,technician,2025-04-18 14:10,Friday,weekday,14,early_afternoon,Westlands,Westlands,-1.26042,36.818632,-1.271411,36.813938,1.33,Waiyaki Way,1.95,3,25.6,3.0,3.6,1.4,True,4.9,0.954,9,9,531,False,879,good,good,True,4.9,1.0
B02802,P0171,C0102,plumber,2024-12-23 09:24,Monday,weekday,9,mid_morning,Kilimani,Eastleigh,-1.29787,36.771599,-1.28078,36.848361,8.74,Uhuru Highway,2.25,4,22.2,21.9,23.0,2.3,True,4.9,0.924,15,30,510,True,1293,good,poor,True,5.0,0.9728
B02803,P0123,C0492,technician,2025-05-06 17:29,Tuesday,weekday,17,evening_rush,South C,Gigiri,-1.304593,36.805869,-1.226879,36.806903,8.64,Langata Road,3.58,9,14.0,35.2,31.2,0.9,True,4.0,0.913,17,10,901,False,888,moderate,good,True,3.8,0.8276
B02804,P0171,C0137,plumber,2024-10-30 08:26,Wednesday,weekday,8,morning_rush,Kilimani,Hurlingham,-1.29787,36.771599,-1.301339,36.805859,3.83,Uhuru Highway,3.58,9,14.0,18.1,20.6,8.6,True,4.9,0.924,15,30,510,True,1293,good,good,True,5.0,0.8139
B02805,P0031,C0216,carpenter,2024-07-28 12:18,Sunday,weekend,12,midday,Gigiri,South C,-1.208399,36.806357,-1.325066,36.795276,13.03,Forest Road,1.04,0,48.1,18.4,17.2,3.4,True,3.1,0.929,2,21,112,False,546,good,moderate,True,3.3,0.973
B02806,P0126,C0282,plumber,2024-07-25 09:24,Thursday,weekday,9,mid_morning,Syokimau,Hurlingham,-1.384197,36.899152,-1.294136,36.79415,15.38,Mombasa Road,2.25,4,22.2,52.0,63.7,12.2,True,3.8,0.784,1,32,46,True,1101,moderate,good,True,4.1,0.7653
B02807,P0127,C0410,technician,2025-05-20 11:28,Tuesday,weekday,11,midday,Lavington,Parklands,-1.28395,36.781169,-1.266272,36.821401,4.89,Uhuru Highway,1.88,3,26.6,9.4,9.3,0.0,True,4.0,0.82,19,24,969,True,1214,good,good,False,,0.6746
B02808,P0175,C0366,plumber,2025-06-05 10:42,Thursday,weekday,10,mid_morning,Githurai,South B,-1.187395,36.89935,-1.313924,36.812209,17.08,Thika Road,2.31,4,21.6,48.3,63.4,18.3,False,5.0,0.725,19,21,969,True,1101,poor,moderate,True,4.3,0.5902
B02809,P0033,C0167,carpenter,2024-10-11 11:53,Friday,weekday,11,midday,Muthaiga,Industrial Area,-1.254259,36.833037,-1.30478,36.863493,6.56,Forest Road,1.7,2,29.4,11.9,14.1,6.0,True,4.2,0.88,4,10,112,True,622,good,poor,True,3.6,0.929
B02810,P0193,C0392,cleaner,2024-04-23 13:13,Tuesday,weekday,13,midday,Industrial Area,Rongai,-1.298218,36.849992,-1.403602,36.738356,17.07,Mombasa Road,2.13,4,23.5,43.6,48.6,10.7,True,4.1,0.77,6,25,144,True,807,poor,poor,True,3.9,0.7954
B02811,P0200,C0452,electrician,2024-07-12 16:05,Friday,weekday,16,evening_rush,Ruiru,Syokimau,-1.130766,36.953965,-1.378699,36.900988,28.19,Thika Road,4.0,10,12.5,101.1,119.4,19.2,False,5.0,0.729,1,25,67,False,1047,poor,moderate,True,5.0,0.4495
B02812,P0103,C0257,cleaner,2024-09-24 14:52,Tuesday,weekday,14,early_afternoon,Lavington,Githurai,-1.2836,36.766546,-1.190279,36.889396,17.15,Uhuru Highway,2.1,4,23.8,52.3,51.0,0.2,True,3.3,0.854,4,17,180,True,799,good,poor,True,4.0,0.8873
B02813,P0186,C0473,cleaner,2024-06-07 14:09,Friday,weekday,14,early_afternoon,Parklands,Kitengela,-1.259849,36.809984,-1.468293,36.954207,28.18,Forest Road,1.87,3,26.7,65.4,77.6,13.0,True,4.7,0.915,7,22,273,True,678,good,poor,False,,0.6496
B02814,P0190,C0432,technician,2024-11-28 18:32,Thursday,weekday,18,evening_rush,Ngong,Langata,-1.349406,36.65827,-1.349647,36.743528,9.48,Ngong Road,4.0,10,12.5,43.0,50.3,9.5,True,3.8,0.809,15,38,465,True,974,poor,moderate,False,,0.4103
B02815,P0100,C0068,plumber,2024-01-15 15:39,Monday,weekday,15,early_afternoon,South C,Eastleigh,-1.32936,36.803922,-1.272101,36.85771,8.73,Langata Road,1.89,3,26.5,20.4,26.4,6.1,True,4.0,0.88,19,21,399,True,1339,moderate,poor,True,4.4,0.903
B02816,P0029,C0491,electrician,2024-11-21 07:32,Thursday,weekday,7,morning_rush,Industrial Area,Upper Hill,-1.308364,36.858956,-1.297242,36.824461,4.03,Mombasa Road,4.0,10,12.5,17.3,16.5,2.8,True,5.0,0.886,16,32,1120,True,946,poor,good,False,,0.5647
B02817,P0028,C0406,technician,2025-06-12 14:47,Thursday,weekday,14,early_afternoon,Hurlingham,Kileleshwa,-1.287818,36.781917,-1.27147,36.783183,1.82,Ngong Road,2.03,3,24.6,4.2,4.0,1.6,True,3.2,0.791,6,37,354,False,1755,good,good,True,3.1,0.8448
B02818,P0006,C0065,technician,2024-07-08 10:22,Monday,weekday,10,mid_morning,Parklands,Spring Valley,-1.25903,36.810832,-1.264599,36.737827,8.14,Forest Road,1.91,3,26.2,19.0,22.5,5.3,True,4.4,0.902,19,21,513,True,630,good,good,True,4.1,0.939
B02819,P0040,C0177,plumber,2024-09-17 12:10,Tuesday,weekday,12,midday,Kileleshwa,Kitengela,-1.285552,36.778547,-1.46358,36.972016,29.23,Uhuru Highway,1.88,3,26.6,56.4,68.5,13.8,True,3.5,0.988,10,38,450,True,1000,good,poor,True,3.6,0.8686
B02820,P0129,C0007,technician,2024-04-08 12:18,Monday,weekday,12,midday,Kasarani,Gigiri,-1.212676,36.887025,-1.226427,36.812802,8.39,Thika Road,2.09,4,23.9,23.7,28.7,11.3,True,3.2,0.813,10,25,770,False,973,moderate,good,False,,0.5201
B02821,P0197,C0351,plumber,2025-06-03 12:48,Tuesday,weekday,12,midday,Githurai,Gigiri,-1.184159,36.908215,-1.230908,36.803577,12.74,Thika Road,2.09,4,23.9,33.4,40.7,7.7,True,3.9,0.731,13,8,650,True,1250,poor,good,True,3.7,0.7941
B02822,P0061,C0027,technician,2024-01-16 10:40,Tuesday,weekday,10,mid_morning,Hurlingham,Hurlingham,-1.313263,36.795445,-1.286438,36.801682,3.06,Ngong Road,2.08,4,24.0,8.0,6.8,0.4,True,3.8,0.867,9,11,288,False,1097,good,good,True,3.8,0.9188
B02823,P0174,C0425,cleaner,2025-05-03 14:32,Saturday,weekend,14,early_afternoon,Rongai,Embakasi,-1.385961,36.747354,-1.329216,36.900372,18.14,Langata Road,1.23,1,40.7,29.0,34.5,6.5,True,3.9,0.87,15,26,705,True,624,poor,moderate,True,3.7,0.9424
B02824,P0088,C0220,cleaner,2025-01-05 13:34,Sunday,weekend,13,midday,Athi River,Roysambu,-1.466229,36.98317,-1.21902,36.869343,30.26,Mombasa Road,1.39,1,36.0,41.2,44.1,4.5,True,4.4,0.919,18,5,1170,True,826,poor,moderate,True,4.4,0.9958
B02825,P0153,C0378,cleaner,2024-07-08 08:39,Monday,weekday,8,morning_rush,Runda,Githurai,-1.21906,36.808167,-1.177054,36.9103,12.28,Kiambu Road,3.05,7,16.4,45.3,46.1,2.0,True,3.9,0.781,15,13,1050,True,518,good,poor,True,3.3,0.7898
B02826,P0003,C0223,cleaner,2025-03-24 07:38,Monday,weekday,7,morning_rush,Kilimani,Syokimau,-1.304266,36.787504,-1.378043,36.901011,15.05,Uhuru Highway,3.58,9,14.0,58.9,71.2,15.9,False,5.0,0.846,15,25,390,True,501,good,moderate,True,4.8,0.5691
B02827,P0123,C0149,technician,2024-07-19 17:47,Friday,weekday,17,evening_rush,South C,Kileleshwa,-1.304593,36.805869,-1.281214,36.788179,3.26,Langata Road,3.58,9,14.0,13.1,16.5,9.0,True,4.0,0.913,17,10,901,False,888,moderate,good,True,3.4,0.7601
B02828,P0073,C0249,plumber,2024-10-24 08:26,Thursday,weekday,8,morning_rush,Parklands,Hurlingham,-1.265689,36.829151,-1.309621,36.796608,6.08,Forest Road,3.15,7,15.9,20.1,21.7,4.9,True,3.3,0.879,6,40,180,True,1079,good,good,True,2.7,0.7767
B02829,P0022,C0390,electrician,2025-06-19 08:41,Thursday,weekday,8,morning_rush,Langata,Dagoretti,-1.337324,36.740716,-1.297263,36.744125,4.47,Ngong Road,3.71,9,13.5,21.6,19.1,1.7,True,4.9,0.913,14,13,350,True,1171,moderate,poor,True,5.0,0.8555
B02830,P0110,C0127,electrician,2024-10-09 08:22,Wednesday,weekday,8,morning_rush,Kasarani,Kileleshwa,-1.213002,36.900337,-1.272809,36.782145,14.73,Thika Road,4.0,10,12.5,71.4,76.8,7.7,True,3.4,0.852,14,29,1050,True,1119,moderate,good,True,2.9,0.6768
B02831,P0159,C0079,plumber,2024-09-30 08:24,Monday,weekday,8,morning_rush,Eastleigh,Ngong,-1.276563,36.8629,-1.357933,36.657991,24.51,Jogoo Road,3.43,8,14.6,99.6,95.8,1.0,True,4.0,0.737,17,35,884,True,1202,poor,poor,True,3.6,0.7508
B02832,P0187,C0262,technician,2024-09-24 13:52,Tuesday,weekday,13,midday,Westlands,Rongai,-1.2733,36.817332,-1.4031,36.753793,16.07,Waiyaki Way,1.88,3,26.6,38.3,38.3,2.1,True,4.3,0.789,17,39,816,True,794,good,poor,True,4.6,0.9066
B02833,P0048,C0128,electrician,2024-11-10 08:17,Sunday,weekend,8,morning_rush,Dagoretti,CBD,-1.28378,36.747291,-1.278015,36.820597,8.17,Uhuru Highway,2.53,5,19.8,20.6,18.2,1.2,True,5.0,0.867,19,34,1311,True,1137,poor,moderate,False,,0.6861
B02834,P0072,C0393,plumber,2025-05-08 08:52,Thursday,weekday,8,morning_rush,Langata,Hurlingham,-1.355719,36.761446,-1.302007,36.802446,7.51,Ngong Road,3.71,9,13.5,34.5,33.1,4.8,True,4.7,0.77,1,21,45,True,1300,moderate,good,True,4.6,0.7482
B02835,P0030,C0443,technician,2024-04-03 11:29,Wednesday,weekday,11,midday,Dagoretti,Parklands,-1.288754,36.734235,-1.275556,36.826507,10.36,Uhuru Highway,1.88,3,26.6,25.5,26.7,4.2,True,4.9,0.751,12,34,816,False,1451,poor,good,False,,0.6501
B02836,P0068,C0359,electrician,2024-02-20 15:48,Tuesday,weekday,15,early_afternoon,Parklands,Hurlingham,-1.28108,36.807397,-1.290452,36.798548,1.43,Forest Road,1.87,3,26.7,3.3,3.6,1.5,True,4.7,0.926,17,10,1122,False,560,good,good,True,4.5,1.0
B02837,P0064,C0342,electrician,2025-01-08 14:14,Wednesday,weekday,14,early_afternoon,Parklands,Rongai,-1.263494,36.832383,-1.38765,36.746772,16.77,Forest Road,1.87,3,26.7,37.5,32.5,1.8,True,3.7,0.803,18,6,1224,True,1206,good,poor,True,4.0,0.8869
B02838,P0110,C0102,electrician,2024-01-25 12:19,Thursday,weekday,12,midday,Kasarani,Eastleigh,-1.213002,36.900337,-1.28078,36.848361,9.5,Thika Road,2.09,4,23.9,29.1,33.4,8.2,True,3.4,0.852,14,29,1050,True,1119,moderate,poor,True,2.5,0.8255
B02839,P0122,C0362,plumber,2024-08-08 16:46,Thursday,weekday,16,evening_rush,Roysambu,Westlands,-1.198937,36.868092,-1.272629,36.800067,11.15,Thika Road,4.0,10,12.5,44.4,50.9,8.4,True,4.1,0.848,1,24,34,True,504,moderate,good,False,,0.454
B02840,P0027,C0359,technician,2025-04-20 11:21,Sunday,weekend,11,midday,Muthaiga,Hurlingham,-1.257454,36.847519,-1.290452,36.798548,6.57,Forest Road,1.04,0,48.1,7.9,6.9,0.6,True,4.8,0.786,13,40,780,True,771,good,good,False,,0.7598
B02841,P0187,C0258,technician,2025-05-07 11:33,Wednesday,weekday,11,midday,Westlands,Embakasi,-1.2733,36.817332,-1.321308,36.898818,10.51,Waiyaki Way,1.88,3,26.6,23.6,25.9,2.5,True,4.3,0.789,17,39,816,True,794,good,moderate,True,4.1,0.9033
B02842,P0157,C0093,cleaner,2024-10-21 11:49,Monday,weekday,11,midday,Roysambu,Ngong,-1.213324,36.857954,-1.347699,36.670253,25.66,Thika Road,2.09,4,23.9,64.4,84.2,22.9,False,3.7,0.948,6,10,216,True,857,moderate,poor,True,3.6,0.616
B02843,P0049,C0438,technician,2024-12-15 08:56,Sunday,weekend,8,morning_rush,Kasarani,Syokimau,-1.213738,36.911241,-1.360263,36.901664,16.33,Thika Road,2.55,5,19.6,48.3,57.3,13.1,True,4.1,0.836,17,7,1343,True,866,moderate,moderate,True,4.3,0.7748
B02844,P0152,C0323,plumber,2024-01-12 17:00,Friday,weekday,17,evening_rush,Kilimani,Athi River,-1.299509,36.788374,-1.452273,36.98172,27.4,Uhuru Highway,4.0,10,12.5,144.2,151.1,12.3,True,3.9,0.983,19,27,1292,False,504,good,poor,True,4.0,0.729
B02845,P0163,C0077,technician,2024-02-01 16:39,Thursday,weekday,16,evening_rush,Karen,Kileleshwa,-1.311594,36.705806,-1.286683,36.785608,9.29,Ngong Road,4.0,10,12.5,44.2,37.7,7.9,True,5.0,0.86,8,36,400,True,1660,good,good,True,5.0,0.7592
B02846,P0059,C0062,cleaner,2024-01-05 16:32,Friday,weekday,16,evening_rush,Ruiru,Muthaiga,-1.15681,36.947432,-1.2463,36.846389,15.01,Thika Road,4.0,10,12.5,73.2,66.5,0.2,True,4.4,0.818,7,42,182,True,321,poor,good,True,4.8,0.7723
B02847,P0034,C0206,electrician,2024-01-19 11:36,Friday,weekday,11,midday,Ruiru,Parklands,-1.147348,36.960424,-1.26046,36.815631,20.43,Thika Road,2.09,4,23.9,52.3,50.2,0.4,True,4.7,0.756,12,21,348,True,1449,poor,good,True,4.1,0.9075
B02848,P0010,C0141,electrician,2025-01-06 09:57,Monday,weekday,9,mid_morning,Kasarani,Langata,-1.2307,36.90588,-1.334182,36.745251,21.24,Thika Road,2.31,4,21.6,56.4,65.0,11.7,True,4.1,0.887,15,43,840,True,1367,moderate,moderate,True,4.0,0.8312
B02849,P0050,C0476,plumber,2024-09-21 12:16,Saturday,weekend,12,midday,Muthaiga,Industrial Area,-1.237436,36.842383,-1.303291,36.857799,7.52,Forest Road,1.04,0,48.1,9.6,10.3,1.5,True,3.2,0.803,16,6,1232,True,1107,good,poor,False,,0.6808
B02850,P0038,C0219,cleaner,2025-01-16 15:58,Thursday,weekday,15,early_afternoon,Kitengela,CBD,-1.478252,36.974953,-1.291269,36.82298,26.79,Mombasa Road,2.13,4,23.5,70.2,93.6,26.2,False,3.1,0.788,15,39,930,False,443,poor,moderate,False,,0.2253
B02851,P0005,C0316,technician,2024-12-12 09:09,Thursday,weekday,9,mid_morning,Kileleshwa,Langata,-1.285845,36.78543,-1.340185,36.758356,6.75,Uhuru Highway,2.25,4,22.2,16.5,22.0,6.9,True,3.9,0.885,4,43,156,True,616,good,moderate,False,,0.615
B02852,P0052,C0047,cleaner,2024-10-20 12:40,Sunday,weekend,12,midday,Kitengela,South B,-1.47149,36.958108,-1.319876,36.813651,23.28,Mombasa Road,1.39,1,36.0,34.6,33.7,3.6,True,5.0,0.889,8,14,280,False,767,poor,moderate,True,4.9,1.0
B02853,P0014,C0195,electrician,2024-04-29 09:32,Monday,weekday,9,mid_morning,Embakasi,Runda,-1.309393,36.91238,-1.202766,36.81347,16.17,Mombasa Road,2.25,4,22.2,37.9,39.3,6.8,True,3.4,0.925,19,9,836,True,551,moderate,good,True,3.4,0.8608
B02854,P0105,C0269,cleaner,2024-07-27 16:27,Saturday,weekend,16,evening_rush,Upper Hill,South B,-1.30826,36.804606,-1.327656,36.815103,2.45,Uhuru Highway,2.59,5,19.3,8.2,8.9,6.1,True,3.2,0.943,10,8,230,True,691,good,moderate,True,3.7,0.8385
B02855,P0079,C0359,cleaner,2024-08-07 11:05,Wednesday,weekday,11,midday,Kikuyu,Hurlingham,-1.261245,36.651334,-1.290452,36.798548,16.68,Waiyaki Way,1.88,3,26.6,42.7,52.9,11.8,True,4.6,0.899,3,9,111,True,889,poor,good,True,4.1,0.8958
B02856,P0163,C0119,technician,2024-11-10 10:21,Sunday,weekend,10,mid_morning,Karen,Spring Valley,-1.311594,36.705806,-1.253993,36.753017,8.28,Ngong Road,1.4,1,35.7,14.0,17.4,4.5,True,5.0,0.86,8,36,400,True,1660,good,good,True,4.9,0.9955
B02857,P0057,C0173,electrician,2024-01-23 09:19,Tuesday,weekday,9,mid_morning,Langata,Rongai,-1.343355,36.756359,-1.402775,36.739584,6.87,Ngong Road,2.08,4,24.0,14.1,18.7,5.3,True,3.7,0.818,12,12,708,True,655,moderate,poor,False,,0.5984
B02858,P0110,C0246,electrician,2025-06-15 13:29,Sunday,weekend,13,midday,Kasarani,Kilimani,-1.213002,36.900337,-1.298226,36.775991,16.76,Thika Road,1.35,1,37.0,22.3,19.9,0.5,True,3.4,0.852,14,29,1050,True,1119,moderate,good,True,3.3,0.9488
B02859,P0016,C0262,cleaner,2024-07-19 15:32,Friday,weekday,15,early_afternoon,South B,Rongai,-1.322475,36.817892,-1.4031,36.753793,11.45,Uhuru Highway,2.1,4,23.8,27.2,33.2,6.9,True,4.8,0.779,15,22,645,True,550,moderate,poor,False,,0.619
B02860,P0110,C0330,electrician,2025-02-14 11:29,Friday,weekday,11,midday,Kasarani,Kileleshwa,-1.213002,36.900337,-1.28316,36.773274,16.14,Thika Road,2.09,4,23.9,42.4,53.9,13.0,True,3.4,0.852,14,29,1050,True,1119,moderate,good,True,3.0,0.7855
B02861,P0014,C0156,electrician,2024-03-11 08:16,Monday,weekday,8,morning_rush,Embakasi,Kileleshwa,-1.309393,36.91238,-1.272746,36.786855,14.54,Mombasa Road,4.0,10,12.5,69.1,85.5,18.0,False,3.4,0.925,19,9,836,True,551,moderate,good,True,3.1,0.4775
B02862,P0029,C0138,electrician,2024-12-16 08:47,Monday,weekday,8,morning_rush,Industrial Area,CBD,-1.308364,36.858956,-1.289664,36.807738,6.06,Mombasa Road,4.0,10,12.5,32.0,32.6,2.2,True,5.0,0.886,16,32,1120,True,946,poor,moderate,True,4.6,0.8197
B02863,P0094,C0144,electrician,2024-02-13 08:28,Tuesday,weekday,8,morning_rush,Gigiri,Ngong,-1.216758,36.821188,-1.356434,36.651013,24.48,Forest Road,3.15,7,15.9,92.6,84.4,2.0,True,3.6,0.922,3,16,108,True,1414,good,poor,True,4.1,0.8373
B02864,P0090,C0365,plumber,2025-05-26 11:46,Monday,weekday,11,midday,Ngong,Spring Valley,-1.348911,36.676954,-1.272178,36.752758,11.99,Ngong Road,1.87,3,26.7,33.8,40.7,7.9,True,4.3,0.888,19,32,475,True,536,poor,good,True,4.5,0.9086
B02865,P0108,C0127,cleaner,2024-02-22 10:49,Thursday,weekday,10,mid_morning,Ruiru,Kileleshwa,-1.133647,36.975468,-1.272809,36.782145,26.48,Thika Road,2.31,4,21.6,85.1,104.4,22.7,False,4.8,0.739,4,44,244,True,407,poor,good,True,4.7,0.5505
B02866,P0082,C0459,cleaner,2024-06-04 11:07,Tuesday,weekday,11,midday,Eastleigh,Ruiru,-1.282442,36.857907,-1.14882,36.965498,19.07,Jogoo Road,1.71,2,29.2,50.4,46.4,0.2,True,4.6,0.888,3,15,129,False,690,poor,poor,True,5.0,1.0
B02867,P0013,C0094,electrician,2025-01-24 12:45,Friday,weekday,12,midday,Kitengela,Dagoretti,-1.481718,36.963337,-1.30353,36.736951,32.03,Mombasa Road,2.13,4,23.5,89.8,81.8,1.6,True,3.9,0.889,8,40,512,True,1036,poor,poor,True,3.8,0.9208
B02868,P0011,C0001,plumber,2024-09-14 12:30,Saturday,weekend,12,midday,Kitengela,Spring Valley,-1.461571,36.951166,-1.263491,36.756229,30.9,Mombasa Road,1.39,1,36.0,48.4,51.0,14.6,True,3.5,0.741,16,28,768,True,1242,poor,good,True,4.1,0.7776
B02869,P0014,C0339,electrician,2024-05-01 07:33,Wednesday,weekday,7,morning_rush,Embakasi,Ngong,-1.309393,36.91238,-1.350137,36.657791,28.66,Mombasa Road,4.0,10,12.5,140.0,138.1,1.1,True,3.4,0.925,19,9,836,True,551,moderate,poor,True,3.6,0.7683
B02870,P0191,C0165,plumber,2024-09-14 14:12,Saturday,weekend,14,early_afternoon,Athi River,Industrial Area,-1.458754,37.004152,-1.302578,36.851998,24.24,Mombasa Road,1.43,1,35.0,40.5,41.7,5.5,True,3.9,0.908,19,25,570,True,588,poor,poor,False,,0.7038
B02871,P0055,C0147,carpenter,2024-06-11 15:10,Tuesday,weekday,15,early_afternoon,CBD,Westlands,-1.285689,36.830976,-1.262822,36.811016,3.37,Uhuru Highway,2.1,4,23.8,7.4,9.2,3.7,True,3.3,0.754,2,17,82,True,674,moderate,good,True,3.2,0.8082
B02872,P0121,C0144,plumber,2024-07-02 07:22,Tuesday,weekday,7,morning_rush,Eastleigh,Ngong,-1.269387,36.85348,-1.356434,36.651013,24.5,Jogoo Road,3.43,8,14.6,95.8,121.6,30.7,False,5.0,0.904,19,41,437,True,1381,poor,poor,False,,0.2368
B02873,P0156,C0052,electrician,2024-07-07 11:27,Sunday,weekend,11,midday,Muthaiga,Roysambu,-1.236172,36.844282,-1.212312,36.864461,3.47,Forest Road,1.04,0,48.1,4.1,4.0,3.5,True,4.2,0.819,19,21,475,True,963,good,moderate,True,4.1,0.9721
B02874,P0111,C0095,technician,2025-04-08 11:07,Tuesday,weekday,11,midday,Ngong,Kitengela,-1.371368,36.653568,-1.480567,36.962359,36.41,Ngong Road,1.87,3,26.7,108.1,109.3,1.9,True,3.7,0.776,3,23,129,True,1613,poor,poor,False,,0.6226
B02875,P0065,C0486,electrician,2024-06-06 09:39,Thursday,weekday,9,mid_morning,Kasarani,Roysambu,-1.210236,36.897134,-1.219694,36.863585,3.88,Thika Road,2.31,4,21.6,8.0,8.7,6.4,True,5.0,0.784,10,40,200,True,1272,moderate,moderate,False,,0.6189
B02876,P0126,C0187,plumber,2025-03-16 13:52,Sunday,weekend,13,midday,Syokimau,Kitengela,-1.384197,36.899152,-1.479275,36.954992,12.26,Mombasa Road,1.39,1,36.0,18.3,19.9,11.2,True,3.8,0.784,1,32,46,True,1101,moderate,poor,True,3.1,0.8425
B02877,P0086,C0156,electrician,2025-04-02 11:01,Wednesday,weekday,11,midday,Rongai,Kileleshwa,-1.399737,36.737186,-1.272746,36.786855,15.16,Langata Road,1.75,2,28.6,30.6,30.7,2.6,True,4.3,0.749,12,26,612,True,1339,poor,good,True,4.5,0.8928
B02878,P0029,C0050,electrician,2024-11-26 16:17,Tuesday,weekday,16,evening_rush,Industrial Area,Embakasi,-1.308364,36.858956,-1.328964,36.910611,6.18,Mombasa Road,4.0,10,12.5,29.2,26.6,5.2,True,5.0,0.886,16,32,1120,True,946,poor,moderate,False,,0.5447
B02879,P0172,C0007,electrician,2025-06-19 15:36,Thursday,weekday,15,early_afternoon,Westlands,Gigiri,-1.259894,36.796652,-1.226427,36.812802,4.13,Waiyaki Way,1.95,3,25.6,8.0,7.9,1.0,True,5.0,0.841,14,27,1106,True,839,good,good,True,4.8,0.9712
B02880,P0175,C0283,plumber,2024-01-22 09:37,Monday,weekday,9,mid_morning,Githurai,Upper Hill,-1.187395,36.89935,-1.304441,36.823705,15.5,Thika Road,2.31,4,21.6,39.7,41.5,2.7,True,5.0,0.725,19,21,969,True,1101,poor,good,False,,0.6202
B02881,P0198,C0442,cleaner,2025-01-08 16:20,Wednesday,weekday,16,evening_rush,Ngong,Kikuyu,-1.366998,36.657289,-1.242629,36.672446,13.93,Ngong Road,4.0,10,12.5,67.5,78.9,16.6,False,4.7,0.916,6,42,216,True,519,poor,poor,True,3.8,0.5497
B02882,P0034,C0170,electrician,2025-01-25 15:05,Saturday,weekend,15,early_afternoon,Ruiru,Kilimani,-1.147348,36.960424,-1.283485,36.771035,25.93,Thika Road,1.34,1,37.3,45.1,55.9,13.0,True,4.7,0.756,12,21,348,True,1449,poor,good,False,,0.6125
B02883,P0093,C0380,plumber,2024-05-25 16:24,Saturday,weekend,16,evening_rush,Roysambu,Ruiru,-1.2179,36.876935,-1.155398,36.951828,10.85,Thika Road,2.64,5,18.9,39.7,34.2,4.2,True,4.5,0.819,3,37,177,True,646,moderate,poor,False,,0.6033
B02884,P0093,C0381,plumber,2024-06-19 15:12,Wednesday,weekday,15,early_afternoon,Roysambu,Parklands,-1.2179,36.876935,-1.269759,36.82673,8.03,Thika Road,2.18,4,22.9,26.3,33.8,8.9,True,4.5,0.819,3,37,177,True,646,moderate,good,True,4.4,0.8509
B02885,P0200,C0302,electrician,2024-07-15 12:34,Monday,weekday,12,midday,Ruiru,Syokimau,-1.130766,36.953965,-1.360066,36.900437,26.18,Thika Road,2.09,4,23.9,60.5,53.4,8.3,True,5.0,0.729,1,25,67,False,1047,poor,moderate,True,5.0,0.8431
B02886,P0136,C0310,carpenter,2024-07-04 17:54,Thursday,weekday,17,evening_rush,Ngong,Rongai,-1.343029,36.658549,-1.405758,36.759102,13.18,Ngong Road,4.0,10,12.5,70.7,88.4,25.8,False,4.4,0.783,16,42,912,False,725,poor,poor,True,3.8,0.3915
B02887,P0096,C0122,technician,2024-01-08 16:07,Monday,weekday,16,evening_rush,Dagoretti,Hurlingham,-1.288134,36.742623,-1.302561,36.799935,6.57,Uhuru Highway,4.0,10,12.5,24.5,23.7,7.6,True,4.6,0.889,17,42,510,True,1253,poor,good,True,4.6,0.7562
B02888,P0167,C0142,electrician,2025-02-06 15:16,Thursday,weekday,15,early_afternoon,Muthaiga,Gigiri,-1.239047,36.830687,-1.212641,36.816808,3.32,Forest Road,1.87,3,26.7,6.6,5.7,0.3,True,4.9,0.874,13,24,338,True,561,good,good,True,4.5,0.9949
B02889,P0054,C0300,cleaner,2024-04-03 11:26,Wednesday,weekday,11,midday,Ruiru,Langata,-1.144993,36.950231,-1.350397,36.749372,31.94,Thika Road,2.09,4,23.9,84.8,86.7,2.2,True,3.6,0.857,8,44,248,True,336,poor,moderate,True,3.5,0.888
B02890,P0099,C0045,plumber,2024-12-30 10:04,Monday,weekday,10,mid_morning,Roysambu,Roysambu,-1.221829,36.868602,-1.199811,36.881373,2.83,Thika Road,2.31,4,21.6,6.6,6.8,8.8,True,3.1,0.917,11,10,330,True,711,moderate,moderate,True,3.6,0.8204
B02891,P0028,C0067,technician,2024-09-11 08:50,Wednesday,weekday,8,morning_rush,Hurlingham,Kasarani,-1.287818,36.781917,-1.217438,36.907365,15.99,Ngong Road,3.71,9,13.5,66.6,75.9,11.2,True,3.2,0.791,6,37,354,False,1755,good,moderate,True,3.5,0.6304
B02892,P0162,C0381,plumber,2025-02-21 15:06,Friday,weekday,15,early_afternoon,Upper Hill,Parklands,-1.283701,36.803014,-1.269759,36.82673,3.06,Uhuru Highway,2.1,4,23.8,8.4,10.7,4.6,True,4.7,0.987,9,20,693,True,819,good,good,True,5.0,0.9872
B02893,P0155,C0062,plumber,2024-04-22 08:08,Monday,weekday,8,morning_rush,Parklands,Muthaiga,-1.259306,36.829537,-1.2463,36.846389,2.37,Forest Road,3.15,7,15.9,9.0,8.8,0.1,True,4.6,0.866,17,44,476,False,863,good,good,True,4.6,0.8752
B02894,P0011,C0301,plumber,2024-06-15 11:36,Saturday,weekend,11,midday,Kitengela,Langata,-1.461571,36.951166,-1.345941,36.751219,25.68,Mombasa Road,1.39,1,36.0,35.7,33.1,7.3,True,3.5,0.741,16,28,768,True,1242,poor,moderate,False,,0.5885
B02895,P0168,C0419,carpenter,2025-06-22 17:24,Sunday,weekend,17,evening_rush,Spring Valley,Upper Hill,-1.272247,36.7353,-1.289975,36.812956,8.86,Waiyaki Way,2.44,5,20.5,24.7,24.4,0.4,True,3.6,0.97,19,32,1026,True,535,good,good,True,3.8,0.9315
B02896,P0049,C0099,technician,2024-12-28 15:33,Saturday,weekend,15,early_afternoon,Kasarani,Dagoretti,-1.213738,36.911241,-1.288135,36.752045,19.54,Thika Road,1.34,1,37.3,35.9,31.5,6.3,True,4.1,0.836,17,7,1343,True,866,moderate,poor,True,4.2,0.9283
B02897,P0181,C0229,carpenter,2025-03-23 17:26,Sunday,weekend,17,evening_rush,Eastleigh,Roysambu,-1.285983,36.842261,-1.20113,36.87904,10.28,Jogoo Road,2.38,5,21.0,25.9,22.9,0.8,True,4.1,0.796,2,32,106,True,664,poor,moderate,True,4.2,0.8709
B02898,P0026,C0039,plumber,2024-03-12 09:08,Tuesday,weekday,9,mid_morning,Kasarani,Industrial Area,-1.234607,36.913473,-1.31709,36.852235,11.42,Thika Road,2.31,4,21.6,36.8,32.0,2.9,True,4.6,0.959,10,6,750,True,1116,moderate,poor,True,4.7,0.9655
B02899,P0140,C0317,technician,2024-01-07 11:26,Sunday,weekend,11,midday,Dagoretti,Kileleshwa,-1.281413,36.751532,-1.278972,36.773732,2.48,Uhuru Highway,1.31,1,38.2,3.6,4.5,9.0,True,4.4,0.846,18,37,1224,True,1113,poor,good,True,4.7,0.9282
B02900,P0088,C0155,cleaner,2024-06-10 17:39,Monday,weekday,17,evening_rush,Athi River,Langata,-1.466229,36.98317,-1.340628,36.735996,30.82,Mombasa Road,4.0,10,12.5,157.2,137.0,1.0,True,4.4,0.919,18,5,1170,True,826,poor,moderate,True,4.0,0.8162
B02901,P0186,C0243,cleaner,2024-09-01 12:03,Sunday,weekend,12,midday,Parklands,Eastleigh,-1.259849,36.809984,-1.271758,36.848079,4.44,Forest Road,1.04,0,48.1,5.4,7.0,4.2,True,4.7,0.915,7,22,273,True,678,good,poor,True,4.1,1.0
B02902,P0195,C0104,plumber,2024-10-17 14:03,Thursday,weekday,14,early_afternoon,Kilimani,Athi River,-1.295888,36.78464,-1.450447,37.001944,29.65,Uhuru Highway,2.1,4,23.8,69.5,59.3,7.0,True,4.3,0.89,9,15,252,False,883,good,poor,False,,0.6487
B02903,P0137,C0370,technician,2025-03-24 14:31,Monday,weekday,14,early_afternoon,South C,Industrial Area,-1.326641,36.801857,-1.311748,36.839705,4.52,Langata Road,1.89,3,26.5,9.3,11.8,4.8,True,4.4,0.817,7,12,462,True,794,moderate,poor,False,,0.6523
B02904,P0040,C0023,plumber,2024-06-22 15:45,Saturday,weekend,15,early_afternoon,Kileleshwa,Eastleigh,-1.285552,36.778547,-1.274036,36.84715,7.73,Uhuru Highway,1.35,1,37.0,13.0,14.6,3.4,True,3.5,0.988,10,38,450,True,1000,good,poor,True,3.5,0.9977
B02905,P0033,C0099,carpenter,2024-01-11 11:38,Thursday,weekday,11,midday,Muthaiga,Dagoretti,-1.254259,36.833037,-1.288135,36.752045,9.76,Forest Road,1.7,2,29.4,19.0,16.3,0.5,True,4.2,0.88,4,10,112,True,622,good,poor,True,4.7,0.9748
B02906,P0108,C0282,cleaner,2024-07-07 11:10,Sunday,weekend,11,midday,Ruiru,Hurlingham,-1.133647,36.975468,-1.294136,36.79415,26.92,Thika Road,1.35,1,37.0,45.5,57.9,14.7,True,4.8,0.739,4,44,244,True,407,poor,good,True,4.8,0.844
B02907,P0183,C0130,carpenter,2024-11-28 15:09,Thursday,weekday,15,early_afternoon,Langata,South C,-1.346859,36.745886,-1.328071,36.789756,5.31,Ngong Road,2.03,3,24.6,12.4,13.9,2.4,True,3.4,0.755,14,5,322,True,885,moderate,moderate,True,2.9,0.8301
B02908,P0195,C0437,plumber,2024-04-01 07:55,Monday,weekday,7,morning_rush,Kilimani,Roysambu,-1.295888,36.78464,-1.199398,36.866782,14.09,Uhuru Highway,3.58,9,14.0,60.4,80.1,20.7,False,4.3,0.89,9,15,252,False,883,good,moderate,False,,0.2661
B02909,P0144,C0500,technician,2024-12-30 07:03,Monday,weekday,7,morning_rush,Upper Hill,Westlands,-1.311202,36.814634,-1.255507,36.802963,6.33,Uhuru Highway,3.58,9,14.0,20.4,25.3,5.9,True,4.2,0.845,7,15,301,False,1260,good,good,True,4.1,0.7619
B02910,P0089,C0459,electrician,2024-08-27 15:54,Tuesday,weekday,15,early_afternoon,Hurlingham,Ruiru,-1.295309,36.794384,-1.14882,36.965498,25.04,Ngong Road,2.03,3,24.6,52.7,54.1,3.7,True,4.4,0.847,15,21,855,False,1226,good,poor,True,4.7,0.9153
B02911,P0094,C0230,electrician,2024-03-11 10:13,Monday,weekday,10,mid_morning,Gigiri,Kasarani,-1.216758,36.821188,-1.218038,36.90268,9.06,Forest Road,1.91,3,26.2,19.4,17.8,3.9,True,3.6,0.922,3,16,108,True,1414,good,moderate,True,3.8,0.9207
B02912,P0162,C0368,plumber,2025-06-13 14:56,Friday,weekday,14,early_afternoon,Upper Hill,Upper Hill,-1.283701,36.803014,-1.294172,36.820258,2.24,Uhuru Highway,2.1,4,23.8,4.5,4.2,0.1,True,4.7,0.987,9,20,693,True,819,good,good,True,4.3,1.0
B02913,P0031,C0467,carpenter,2024-11-21 10:49,Thursday,weekday,10,mid_morning,Gigiri,Langata,-1.208399,36.806357,-1.333998,36.746141,15.49,Forest Road,1.91,3,26.2,32.9,30.7,6.3,True,3.1,0.929,2,21,112,False,546,good,moderate,True,3.5,0.8792
B02914,P0112,C0035,carpenter,2024-09-03 10:52,Tuesday,weekday,10,mid_morning,Rongai,Industrial Area,-1.407345,36.750173,-1.314323,36.851664,15.31,Langata Road,2.03,3,24.6,37.4,47.4,10.7,True,4.9,0.809,17,40,1190,True,779,poor,poor,True,4.9,0.8629
B02915,P0124,C0215,technician,2025-01-26 13:12,Sunday,weekend,13,midday,CBD,Lavington,-1.268836,36.820416,-1.287108,36.763248,6.67,Uhuru Highway,1.31,1,38.2,10.2,13.8,9.8,True,4.3,0.771,4,19,216,True,1178,moderate,good,False,,0.629
B02916,P0135,C0477,electrician,2024-05-14 09:38,Tuesday,weekday,9,mid_morning,Muthaiga,Ruiru,-1.24462,36.826256,-1.136399,36.959137,19.05,Forest Road,1.91,3,26.2,48.8,48.5,3.8,True,3.5,0.821,11,10,242,True,1068,good,poor,False,,0.616
B02917,P0129,C0405,technician,2024-02-27 16:28,Tuesday,weekday,16,evening_rush,Kasarani,Embakasi,-1.212676,36.887025,-1.325085,36.890562,12.51,Thika Road,4.0,10,12.5,62.2,67.1,8.1,True,3.2,0.813,10,25,770,False,973,moderate,moderate,False,,0.394
B02918,P0006,C0086,technician,2025-06-08 15:56,Sunday,weekend,15,early_afternoon,Parklands,Dagoretti,-1.25903,36.810832,-1.280435,36.740615,8.16,Forest Road,1.16,1,43.1,9.2,12.0,5.6,True,4.4,0.902,19,21,513,True,630,good,poor,True,3.9,0.9965
B02919,P0154,C0141,plumber,2024-11-09 08:11,Saturday,weekend,8,morning_rush,Kitengela,Langata,-1.476899,36.960583,-1.334182,36.745251,28.72,Mombasa Road,2.67,6,18.7,97.7,98.6,1.1,True,3.6,0.867,14,11,952,True,712,poor,moderate,True,3.8,0.8557
B02920,P0179,C0496,cleaner,2024-02-02 13:01,Friday,weekday,13,midday,Githurai,Rongai,-1.196084,36.901156,-1.398841,36.75782,27.61,Thika Road,2.09,4,23.9,68.5,90.6,28.9,False,5.0,0.821,13,18,702,True,815,poor,poor,True,4.9,0.5675
B02921,P0034,C0149,electrician,2024-01-04 12:01,Thursday,weekday,12,midday,Ruiru,Kileleshwa,-1.147348,36.960424,-1.281214,36.788179,24.25,Thika Road,2.09,4,23.9,60.4,72.8,14.3,True,4.7,0.756,12,21,348,True,1449,poor,good,False,,0.5416
B02922,P0012,C0490,electrician,2025-04-01 08:38,Tuesday,weekday,8,morning_rush,Hurlingham,South C,-1.295566,36.800621,-1.326793,36.790486,3.65,Ngong Road,3.71,9,13.5,19.1,16.4,3.3,True,3.1,0.784,3,33,111,False,555,good,moderate,True,3.8,0.6877
B02923,P0145,C0032,technician,2024-01-01 13:31,Monday,weekday,13,midday,Runda,CBD,-1.220009,36.806625,-1.285874,36.815402,7.39,Kiambu Road,1.65,2,30.3,14.2,19.0,5.6,True,4.8,0.874,5,22,330,True,1007,good,moderate,True,4.8,0.9633
B02924,P0178,C0098,electrician,2024-05-02 14:41,Thursday,weekday,14,early_afternoon,Eastleigh,Githurai,-1.282287,36.844486,-1.197958,36.899764,11.21,Jogoo Road,1.94,3,25.8,27.0,35.1,11.8,True,5.0,0.888,5,35,145,True,859,poor,poor,True,5.0,0.9055
B02925,P0190,C0418,technician,2024-09-17 15:05,Tuesday,weekday,15,early_afternoon,Ngong,Kilimani,-1.349406,36.65827,-1.287116,36.787332,15.93,Ngong Road,2.03,3,24.6,38.8,50.1,14.5,True,3.8,0.809,15,38,465,True,974,poor,good,True,4.0,0.7763
B02926,P0102,C0254,plumber,2024-01-14 15:14,Sunday,weekend,15,early_afternoon,CBD,Upper Hill,-1.28875,36.816036,-1.292628,36.808527,0.94,Uhuru Highway,1.35,1,37.0,1.3,1.6,2.1,True,4.6,0.858,14,44,294,False,585,moderate,good,True,4.1,0.9985
B02927,P0176,C0273,electrician,2025-03-08 11:29,Saturday,weekend,11,midday,Lavington,Athi River,-1.274096,36.757864,-1.466518,37.004193,34.75,Uhuru Highway,1.31,1,38.2,54.1,49.8,4.2,True,4.5,0.8,19,13,855,False,1087,good,poor,True,5.0,0.9502
B02928,P0132,C0498,electrician,2024-04-22 14:37,Monday,weekday,14,early_afternoon,South B,South C,-1.312355,36.821388,-1.308792,36.787627,3.77,Uhuru Highway,2.1,4,23.8,8.3,8.3,2.4,True,5.0,0.865,17,36,1275,True,888,moderate,moderate,True,5.0,0.9595
B02929,P0020,C0085,technician,2024-06-13 08:30,Thursday,weekday,8,morning_rush,Runda,Athi River,-1.220161,36.809549,-1.457421,36.983527,32.71,Kiambu Road,3.05,7,16.4,116.9,99.5,0.8,True,4.7,0.833,9,33,594,True,1224,good,poor,False,,0.6158
B02930,P0113,C0385,carpenter,2025-04-14 09:27,Monday,weekday,9,mid_morning,Eastleigh,Kilimani,-1.285759,36.862408,-1.285862,36.784793,8.63,Jogoo Road,1.89,3,26.5,20.5,25.2,14.6,True,4.9,0.731,9,21,279,True,540,poor,good,False,,0.5526
B02931,P0131,C0197,electrician,2025-06-16 16:13,Monday,weekday,16,evening_rush,CBD,Kileleshwa,-1.273399,36.831477,-1.284257,36.773519,6.56,Uhuru Highway,4.0,10,12.5,26.7,26.7,2.5,True,3.6,0.953,6,12,228,False,594,moderate,good,False,,0.5307
B02932,P0144,C0400,technician,2024-09-11 10:22,Wednesday,weekday,10,mid_morning,Upper Hill,Embakasi,-1.311202,36.814634,-1.313378,36.911137,10.73,Uhuru Highway,2.25,4,22.2,33.2,28.2,1.4,True,4.2,0.845,7,15,301,False,1260,good,moderate,True,3.8,0.9058
B02933,P0100,C0206,plumber,2024-06-30 09:05,Sunday,weekend,9,mid_morning,South C,Parklands,-1.32936,36.803922,-1.26046,36.815631,7.77,Langata Road,1.32,1,37.9,14.1,16.6,2.6,True,4.0,0.88,19,21,399,True,1339,moderate,good,True,4.3,0.9777
B02934,P0156,C0140,electrician,2024-08-05 09:56,Monday,weekday,9,mid_morning,Muthaiga,South B,-1.236172,36.844282,-1.311235,36.81256,9.06,Forest Road,1.91,3,26.2,18.2,23.2,6.5,True,4.2,0.819,19,21,475,True,963,good,moderate,True,4.3,0.8775
B02935,P0053,C0095,electrician,2024-10-14 13:33,Monday,weekday,13,midday,Syokimau,Kitengela,-1.355438,36.894191,-1.480567,36.962359,15.84,Mombasa Road,2.13,4,23.5,39.7,42.0,3.7,True,4.6,0.768,3,32,108,True,841,moderate,poor,True,4.5,0.8778
B02936,P0001,C0082,electrician,2024-06-06 17:54,Thursday,weekday,17,evening_rush,Kileleshwa,Westlands,-1.265552,36.774614,-1.271263,36.804051,3.33,Uhuru Highway,4.0,10,12.5,15.8,20.1,5.0,True,4.8,0.788,7,10,182,True,1054,good,good,True,4.9,0.7373
B02937,P0147,C0112,technician,2024-04-29 16:52,Monday,weekday,16,evening_rush,Roysambu,Kasarani,-1.198042,36.880644,-1.213379,36.905839,3.28,Thika Road,4.0,10,12.5,18.4,17.5,0.8,True,5.0,0.932,15,30,855,False,1336,moderate,moderate,True,4.9,0.8543
B02938,P0152,C0357,plumber,2024-11-19 11:26,Tuesday,weekday,11,midday,Kilimani,CBD,-1.299509,36.788374,-1.276654,36.814237,3.84,Uhuru Highway,1.88,3,26.6,8.9,7.9,3.4,True,3.9,0.983,19,27,1292,False,504,good,moderate,True,3.9,0.9728
B02939,P0003,C0451,cleaner,2025-04-24 15:38,Thursday,weekday,15,early_afternoon,Kilimani,Syokimau,-1.304266,36.787504,-1.374186,36.904116,15.12,Uhuru Highway,2.1,4,23.8,40.4,39.7,3.9,True,5.0,0.846,15,25,390,True,501,good,moderate,True,5.0,0.9375
B02940,P0132,C0234,electrician,2025-06-20 13:01,Friday,weekday,13,midday,South B,Eastleigh,-1.312355,36.821388,-1.263016,36.843483,6.01,Uhuru Highway,1.88,3,26.6,14.0,18.7,13.5,True,5.0,0.865,17,36,1275,True,888,moderate,poor,False,,0.6346
B02941,P0129,C0363,technician,2025-04-06 12:35,Sunday,weekend,12,midday,Kasarani,Industrial Area,-1.212676,36.887025,-1.318814,36.840966,12.86,Thika Road,1.35,1,37.0,21.0,28.2,8.0,True,3.2,0.813,10,25,770,False,973,moderate,poor,True,3.3,0.8568
B02942,P0185,C0269,electrician,2024-08-04 13:38,Sunday,weekend,13,midday,Githurai,South B,-1.195468,36.886679,-1.327656,36.815103,16.71,Thika Road,1.35,1,37.0,24.2,29.3,7.1,True,4.1,0.814,3,27,189,True,800,poor,moderate,True,4.8,0.9098
B02943,P0067,C0156,carpenter,2025-04-09 18:42,Wednesday,weekday,18,evening_rush,Runda,Kileleshwa,-1.203143,36.802115,-1.272746,36.786855,7.92,Kiambu Road,3.27,8,15.3,34.3,36.6,2.3,True,3.2,0.784,16,33,384,True,966,good,good,True,3.4,0.7362
B02944,P0057,C0152,electrician,2025-02-08 15:30,Saturday,weekend,15,early_afternoon,Langata,Spring Valley,-1.343355,36.756359,-1.260572,36.757493,9.21,Ngong Road,1.37,1,36.5,14.5,14.0,0.4,True,3.7,0.818,12,12,708,True,655,moderate,good,True,3.9,0.9461
B02945,P0182,C0138,electrician,2024-11-24 13:58,Sunday,weekend,13,midday,Athi River,CBD,-1.450424,36.986851,-1.289664,36.807738,26.76,Mombasa Road,1.39,1,36.0,49.9,46.5,0.8,True,4.0,0.826,17,35,442,True,676,poor,moderate,False,,0.7101
B02946,P0142,C0061,plumber,2024-12-29 17:32,Sunday,weekend,17,evening_rush,Kasarani,Kikuyu,-1.229622,36.886822,-1.247586,36.668725,24.33,Thika Road,2.64,5,18.9,71.5,74.3,8.7,True,3.3,0.792,9,10,360,True,1064,moderate,poor,False,,0.4923
B02947,P0044,C0115,plumber,2024-01-09 17:03,Tuesday,weekday,17,evening_rush,Eastleigh,Dagoretti,-1.286651,36.848557,-1.294094,36.748499,11.15,Jogoo Road,3.57,9,14.0,51.7,59.2,11.4,True,4.5,0.889,17,28,646,True,806,poor,poor,True,4.0,0.7539
B02948,P0012,C0274,electrician,2024-06-27 08:56,Thursday,weekday,8,morning_rush,Hurlingham,Roysambu,-1.295566,36.800621,-1.219255,36.863417,10.99,Ngong Road,3.71,9,13.5,58.7,66.5,16.4,False,3.1,0.784,3,33,111,False,555,good,moderate,True,3.8,0.4285
B02949,P0061,C0150,technician,2025-01-15 10:38,Wednesday,weekday,10,mid_morning,Hurlingham,Ruiru,-1.313263,36.795445,-1.151459,36.962367,25.85,Ngong Road,2.08,4,24.0,68.5,68.5,0.2,True,3.8,0.867,9,11,288,False,1097,good,poor,True,3.2,0.9204
B02950,P0011,C0328,plumber,2024-05-15 09:32,Wednesday,weekday,9,mid_morning,Kitengela,Eastleigh,-1.461571,36.951166,-1.284459,36.855163,22.4,Mombasa Road,2.25,4,22.2,54.7,67.4,14.5,True,3.5,0.741,16,28,768,True,1242,poor,poor,True,3.3,0.7097
B02951,P0038,C0483,cleaner,2025-04-03 10:14,Thursday,weekday,10,mid_morning,Kitengela,Ruiru,-1.478252,36.974953,-1.152768,36.96224,36.22,Mombasa Road,2.25,4,22.2,91.5,118.8,29.2,False,3.1,0.788,15,39,930,False,443,poor,poor,True,3.1,0.4407
B02952,P0072,C0475,plumber,2024-02-07 17:09,Wednesday,weekday,17,evening_rush,Langata,Athi River,-1.355719,36.761446,-1.452459,36.984699,27.05,Ngong Road,4.0,10,12.5,123.4,164.0,42.3,False,4.7,0.77,1,21,45,True,1300,moderate,poor,True,4.1,0.2625
B02953,P0035,C0139,technician,2024-06-11 10:53,Tuesday,weekday,10,mid_morning,Eastleigh,Runda,-1.266177,36.853074,-1.202722,36.8048,8.86,Jogoo Road,1.89,3,26.5,17.6,16.8,4.6,True,4.3,0.857,3,26,99,True,1339,poor,good,True,4.4,0.919
B02954,P0014,C0329,electrician,2024-02-07 15:46,Wednesday,weekday,15,early_afternoon,Embakasi,Athi River,-1.309393,36.91238,-1.452349,36.993493,18.28,Mombasa Road,2.13,4,23.5,41.6,36.7,1.4,True,3.4,0.925,19,9,836,True,551,moderate,poor,True,4.1,0.9154
B02955,P0064,C0422,electrician,2025-05-26 12:52,Monday,weekday,12,midday,Parklands,Gigiri,-1.263494,36.832383,-1.225999,36.804032,5.23,Forest Road,1.7,2,29.4,11.0,13.0,5.8,True,3.7,0.803,18,6,1224,True,1206,good,good,False,,0.6172
B02956,P0054,C0274,cleaner,2024-03-20 10:02,Wednesday,weekday,10,mid_morning,Ruiru,Roysambu,-1.144993,36.950231,-1.219255,36.863417,12.7,Thika Road,2.31,4,21.6,32.1,30.3,5.0,True,3.6,0.857,8,44,248,True,336,poor,moderate,True,4.0,0.847
B02957,P0030,C0001,technician,2025-01-07 16:58,Tuesday,weekday,16,evening_rush,Dagoretti,Spring Valley,-1.288754,36.734235,-1.263491,36.756229,3.72,Uhuru Highway,4.0,10,12.5,16.5,16.3,4.1,True,4.9,0.751,12,34,816,False,1451,poor,good,True,5.0,0.7313
B02958,P0167,C0178,electrician,2024-10-28 13:33,Monday,weekday,13,midday,Muthaiga,Kitengela,-1.239047,36.830687,-1.470182,36.960162,29.46,Forest Road,1.7,2,29.4,75.3,95.2,22.8,False,4.9,0.874,13,24,338,True,561,good,poor,True,4.6,0.671
B02959,P0162,C0310,plumber,2024-05-25 17:47,Saturday,weekend,17,evening_rush,Upper Hill,Rongai,-1.283701,36.803014,-1.405758,36.759102,14.42,Uhuru Highway,2.59,5,19.3,40.6,41.7,1.8,True,4.7,0.987,9,20,693,True,819,good,poor,True,4.6,0.9713
B02960,P0095,C0167,plumber,2024-04-07 08:41,Sunday,weekend,8,morning_rush,Spring Valley,Industrial Area,-1.277903,36.744602,-1.30478,36.863493,13.55,Waiyaki Way,2.2,4,22.7,31.5,32.7,7.5,True,3.9,0.847,12,33,672,True,967,good,poor,False,,0.595
B02961,P0022,C0485,electrician,2024-12-11 09:24,Wednesday,weekday,9,mid_morning,Langata,Muthaiga,-1.337324,36.740716,-1.251257,36.835343,14.22,Ngong Road,2.08,4,24.0,38.3,45.2,11.0,True,4.9,0.913,14,13,350,True,1171,moderate,good,True,5.0,0.9084
B02962,P0181,C0453,carpenter,2025-06-21 08:20,Saturday,weekend,8,morning_rush,Eastleigh,Westlands,-1.285983,36.842261,-1.254517,36.817783,4.43,Jogoo Road,2.17,4,23.0,11.4,12.9,1.5,True,4.1,0.796,2,32,106,True,664,poor,good,True,4.0,0.8819
B02963,P0141,C0136,carpenter,2025-03-16 13:23,Sunday,weekend,13,midday,CBD,Rongai,-1.283127,36.824297,-1.409591,36.739032,16.96,Uhuru Highway,1.31,1,38.2,28.4,28.3,1.7,True,4.7,0.952,6,33,240,False,1049,moderate,poor,False,,0.807
B02964,P0185,C0069,electrician,2024-10-29 13:49,Tuesday,weekday,13,midday,Githurai,Embakasi,-1.195468,36.886679,-1.310843,36.889174,12.83,Thika Road,2.09,4,23.9,36.0,36.6,1.8,True,4.1,0.814,3,27,189,True,800,poor,moderate,True,4.5,0.8948
B02965,P0105,C0460,cleaner,2024-10-06 17:03,Sunday,weekend,17,evening_rush,Upper Hill,Kasarani,-1.30826,36.804606,-1.226926,36.906219,14.47,Uhuru Highway,2.59,5,19.3,48.8,41.8,3.2,True,3.2,0.943,10,8,230,True,691,good,moderate,True,3.0,0.8626
B02966,P0157,C0151,cleaner,2024-03-11 15:38,Monday,weekday,15,early_afternoon,Roysambu,Hurlingham,-1.213324,36.857954,-1.306383,36.79672,12.39,Thika Road,2.18,4,22.9,34.4,42.9,11.2,True,3.7,0.948,6,10,216,True,857,moderate,good,True,3.3,0.8563
B02967,P0084,C0030,technician,2024-05-20 07:26,Monday,weekday,7,morning_rush,Eastleigh,Kitengela,-1.261233,36.851061,-1.483851,36.955822,27.36,Jogoo Road,3.43,8,14.6,118.3,137.9,21.0,False,4.9,0.823,15,26,705,True,758,poor,poor,True,4.9,0.5221
B02968,P0161,C0418,cleaner,2025-05-08 09:14,Thursday,weekday,9,mid_morning,Dagoretti,Kilimani,-1.301444,36.756457,-1.287116,36.787332,3.78,Uhuru Highway,2.25,4,22.2,12.6,11.0,2.1,True,4.0,0.762,12,41,924,True,473,poor,good,True,4.2,0.8485
B02969,P0003,C0422,cleaner,2024-08-17 15:03,Saturday,weekend,15,early_afternoon,Kilimani,Gigiri,-1.304266,36.787504,-1.225999,36.804032,8.89,Uhuru Highway,1.35,1,37.0,14.4,17.7,4.2,True,5.0,0.846,15,25,390,True,501,good,good,True,4.9,0.995
B02970,P0092,C0113,electrician,2024-11-19 08:25,Tuesday,weekday,8,morning_rush,Parklands,Hurlingham,-1.278448,36.826925,-1.296959,36.790338,4.56,Forest Road,3.15,7,15.9,15.9,13.8,0.6,True,5.0,0.852,10,30,310,True,1196,good,good,True,5.0,0.884
B02971,P0188,C0495,electrician,2024-11-19 12:30,Tuesday,weekday,12,midday,CBD,Karen,-1.269194,36.829377,-1.319239,36.705719,14.83,Uhuru Highway,1.88,3,26.6,29.8,25.5,2.3,True,4.1,0.944,18,5,918,True,1018,moderate,good,True,4.8,0.9724
B02972,P0072,C0091,plumber,2024-06-17 15:39,Monday,weekday,15,early_afternoon,Langata,Dagoretti,-1.355719,36.761446,-1.300012,36.737259,6.75,Ngong Road,2.03,3,24.6,17.1,17.9,6.8,True,4.7,0.77,1,21,45,True,1300,moderate,poor,True,4.9,0.8659
B02973,P0066,C0498,technician,2025-06-19 15:44,Thursday,weekday,15,early_afternoon,Athi River,South C,-1.457679,36.988129,-1.308792,36.787627,27.76,Mombasa Road,2.13,4,23.5,65.5,64.7,3.1,True,5.0,0.777,12,37,768,True,1320,poor,moderate,True,5.0,0.9073
B02974,P0005,C0276,technician,2025-01-26 18:44,Sunday,weekend,18,evening_rush,Kileleshwa,Kileleshwa,-1.285845,36.78543,-1.284677,36.791488,0.69,Uhuru Highway,2.59,5,19.3,2.0,2.5,1.4,True,3.9,0.885,4,43,156,True,616,good,good,True,4.6,0.8836
B02975,P0169,C0445,cleaner,2024-04-21 18:37,Sunday,weekend,18,evening_rush,CBD,Kileleshwa,-1.279373,36.828665,-1.265027,36.789172,4.67,Uhuru Highway,2.59,5,19.3,11.1,10.1,0.9,True,5.0,0.778,8,26,192,True,648,moderate,good,True,5.0,0.8893
B02976,P0200,C0481,electrician,2024-07-12 14:55,Friday,weekday,14,early_afternoon,Ruiru,South C,-1.130766,36.953965,-1.313526,36.806911,26.08,Thika Road,2.18,4,22.9,75.9,70.3,3.3,True,5.0,0.729,1,25,67,False,1047,poor,moderate,False,,0.6276
B02977,P0200,C0299,electrician,2024-07-12 12:48,Friday,weekday,12,midday,Ruiru,Hurlingham,-1.130766,36.953965,-1.304128,36.796231,26.06,Thika Road,2.09,4,23.9,73.9,81.7,9.2,True,5.0,0.729,1,25,67,False,1047,poor,good,False,,0.5856
B02978,P0028,C0370,technician,2024-08-20 08:37,Tuesday,weekday,8,morning_rush,Hurlingham,Industrial Area,-1.287818,36.781917,-1.311748,36.839705,6.95,Ngong Road,3.71,9,13.5,25.3,32.7,9.4,True,3.2,0.791,6,37,354,False,1755,good,poor,False,,0.3954
B02979,P0191,C0353,plumber,2024-04-16 15:13,Tuesday,weekday,15,early_afternoon,Athi River,Rongai,-1.458754,37.004152,-1.397798,36.738693,30.28,Mombasa Road,2.13,4,23.5,77.6,99.8,25.0,False,3.9,0.908,19,25,570,True,588,poor,poor,True,3.3,0.5853
B02980,P0098,C0485,technician,2025-03-27 18:34,Thursday,weekday,18,evening_rush,Karen,Muthaiga,-1.310218,36.721517,-1.251257,36.835343,14.25,Ngong Road,4.0,10,12.5,58.9,57.9,0.7,True,3.8,0.834,9,16,522,True,1091,good,good,False,,0.4962
B02981,P0168,C0132,carpenter,2024-05-29 16:21,Wednesday,weekday,16,evening_rush,Spring Valley,Syokimau,-1.272247,36.7353,-1.368185,36.893622,20.58,Waiyaki Way,3.77,9,13.3,98.6,101.7,4.7,True,3.6,0.97,19,32,1026,True,535,good,moderate,True,3.7,0.7892
B02982,P0161,C0325,cleaner,2024-09-29 16:24,Sunday,weekend,16,evening_rush,Dagoretti,Roysambu,-1.301444,36.756457,-1.203947,36.870637,16.69,Uhuru Highway,2.59,5,19.3,58.6,65.3,11.9,True,4.0,0.762,12,41,924,True,473,poor,moderate,True,4.2,0.7396
B02983,P0155,C0283,plumber,2024-08-28 12:10,Wednesday,weekday,12,midday,Parklands,Upper Hill,-1.259306,36.829537,-1.304441,36.823705,5.06,Forest Road,1.7,2,29.4,9.8,12.0,2.7,True,4.6,0.866,17,44,476,False,863,good,good,True,4.2,0.9695
B02984,P0053,C0419,electrician,2025-01-08 07:58,Wednesday,weekday,7,morning_rush,Syokimau,Upper Hill,-1.355438,36.894191,-1.289975,36.812956,11.6,Mombasa Road,4.0,10,12.5,51.4,46.4,0.3,True,4.6,0.768,3,32,108,True,841,moderate,good,True,4.7,0.7565
B02985,P0114,C0113,cleaner,2024-05-09 14:47,Thursday,weekday,14,early_afternoon,Githurai,Hurlingham,-1.17431,36.888295,-1.296959,36.790338,17.45,Thika Road,2.18,4,22.9,59.3,61.9,8.1,True,3.8,0.766,7,19,357,True,551,poor,good,True,4.0,0.7961
B02986,P0084,C0138,technician,2024-01-19 11:22,Friday,weekday,11,midday,Eastleigh,CBD,-1.261233,36.851061,-1.289664,36.807738,5.76,Jogoo Road,1.71,2,29.2,10.5,10.3,1.2,True,4.9,0.823,15,26,705,True,758,poor,moderate,True,4.8,0.9747
B02987,P0053,C0298,electrician,2024-11-03 16:32,Sunday,weekend,16,evening_rush,Syokimau,Kikuyu,-1.355438,36.894191,-1.237125,36.652618,29.9,Mombasa Road,3.0,7,16.7,123.8,135.2,15.5,False,4.6,0.768,3,32,108,True,841,moderate,poor,True,5.0,0.5598
B02988,P0162,C0414,plumber,2024-11-16 17:33,Saturday,weekend,17,evening_rush,Upper Hill,Kitengela,-1.283701,36.803014,-1.463799,36.971686,27.43,Uhuru Highway,2.59,5,19.3,70.9,80.2,13.1,True,4.7,0.987,9,20,693,True,819,good,poor,True,4.7,0.8771
B02989,P0193,C0203,cleaner,2024-07-05 08:15,Friday,weekday,8,morning_rush,Industrial Area,Kilimani,-1.298218,36.849992,-1.292769,36.787728,6.95,Mombasa Road,4.0,10,12.5,30.2,29.5,1.3,True,4.1,0.77,6,25,144,True,807,poor,good,True,3.7,0.7242
B02990,P0040,C0229,plumber,2024-03-19 15:56,Tuesday,weekday,15,early_afternoon,Kileleshwa,Roysambu,-1.285552,36.778547,-1.20113,36.87904,14.59,Uhuru Highway,2.1,4,23.8,34.4,33.1,1.1,True,3.5,0.988,10,38,450,True,1000,good,moderate,True,3.2,0.9568
B02991,P0060,C0374,electrician,2024-06-29 14:27,Saturday,weekend,14,early_afternoon,Gigiri,Kitengela,-1.235984,36.813546,-1.47928,36.953881,31.23,Forest Road,1.16,1,43.1,42.6,43.8,1.9,True,3.1,0.846,5,25,175,True,547,good,poor,True,2.7,0.9344
B02992,P0186,C0223,cleaner,2025-03-24 15:19,Monday,weekday,15,early_afternoon,Parklands,Syokimau,-1.259849,36.809984,-1.378043,36.901011,16.59,Forest Road,1.87,3,26.7,34.0,31.9,2.8,True,4.7,0.915,7,22,273,True,678,good,moderate,True,4.6,0.9846
B02993,P0095,C0076,plumber,2024-10-17 16:39,Thursday,weekday,16,evening_rush,Spring Valley,Lavington,-1.277903,36.744602,-1.292151,36.777384,3.97,Waiyaki Way,3.77,9,13.3,17.2,23.0,8.2,True,3.9,0.847,12,33,672,True,967,good,good,True,3.6,0.7136
B02994,P0123,C0048,technician,2024-06-01 14:03,Saturday,weekend,14,early_afternoon,South C,Kikuyu,-1.304593,36.805869,-1.236406,36.661128,17.79,Langata Road,1.23,1,40.7,24.2,23.3,0.7,True,4.0,0.913,17,10,901,False,888,moderate,poor,True,3.7,1.0
B02995,P0127,C0093,technician,2025-06-19 10:35,Thursday,weekday,10,mid_morning,Lavington,Ngong,-1.28395,36.781169,-1.347699,36.670253,14.22,Uhuru Highway,2.25,4,22.2,32.3,33.2,1.4,True,4.0,0.82,19,24,969,True,1214,good,poor,True,4.7,0.8833
B02996,P0118,C0095,cleaner,2024-10-02 12:08,Wednesday,weekday,12,midday,Syokimau,Kitengela,-1.375522,36.898831,-1.480567,36.962359,13.65,Mombasa Road,2.13,4,23.5,35.1,36.1,6.0,True,4.0,0.883,12,22,552,True,781,moderate,poor,True,4.0,0.8861
B02997,P0046,C0097,cleaner,2024-08-26 09:10,Monday,weekday,9,mid_morning,Rongai,Parklands,-1.390957,36.7597,-1.254462,36.813503,16.31,Langata Road,2.03,3,24.6,42.1,53.8,12.9,True,3.4,0.843,12,33,360,True,781,poor,good,True,3.8,0.7866
B02998,P0146,C0252,electrician,2024-01-17 14:24,Wednesday,weekday,14,early_afternoon,Embakasi,Langata,-1.323622,36.89238,-1.334259,36.759138,14.86,Mombasa Road,2.13,4,23.5,44.4,39.1,10.2,True,5.0,0.807,14,19,476,True,630,moderate,moderate,False,,0.6131
B02999,P0187,C0093,technician,2024-04-11 10:55,Thursday,weekday,10,mid_morning,Westlands,Ngong,-1.2733,36.817332,-1.347699,36.670253,18.32,Waiyaki Way,2.13,4,23.5,46.5,62.7,20.3,False,4.3,0.789,17,39,816,True,794,good,poor,False,,0.3349
B03000,P0166,C0145,electrician,2024-05-15 18:15,Wednesday,weekday,18,evening_rush,Upper Hill,Runda,-1.284545,36.821501,-1.199488,36.8155,9.48,Uhuru Highway,4.0,10,12.5,55.3,47.7,0.5,True,3.9,0.944,14,36,1022,True,745,good,good,True,3.9,0.8078
